asin,product_title,product_price,product_original_price,currency,product_star_rating,product_num_ratings,product_url,product_photo,product_num_offers,product_minimum_offer_price,is_best_seller,is_amazon_choice,is_prime,climate_pledge_friendly,sales_volume,delivery,has_variations,coupon_text,product_badge,product_byline,unit_price,unit_count,book_formats
B0CT3TJRX3,Kit 10 Luminária Espeto Jardim Cob Led 7w Prova Dágua (Branco Quente),"R$ 123,02",,BRL,4.1,40,https://www.amazon.com.br/dp/B0CT3TJRX3,https://m.media-amazon.com/images/I/71tcS74CTuL._AC_UY654_FMwebp_QL65_.jpg,1,"R$ 123,02",False,False,False,False,Mais de 30 compras no mês passado,"Entrega GRÁTIS: dom., 20 de jul.",True,,,,,,
B0F5PH8XTK,"Elyblo Maleta de Ferramentas, Caixa de Ferramentas Completa, Kit Ferramentas Completo, Jogo de Ferramentas Profissional, Kit de Ferramentas 108 Peças com Maleta","R$ 299,99",,BRL,,0,https://www.amazon.com.br/dp/B0F5PH8XTK,https://m.media-amazon.com/images/I/81lqnTfD2dL._AC_UY654_FMwebp_QL65_.jpg,1,"R$ 299,99",False,False,False,False,,"Entrega GRÁTIS: qua., 16 de jul.",False,Economize 5% com o cupom,,,,,
B077V94JSV,Sika – Borracha liquida- SikaFill Rápido Branco - Lajes - Fácil de aplicar - Balde 15kg,"R$ 249,90",,BRL,4.6,704,https://www.amazon.com.br/dp/B077V94JSV,https://m.media-amazon.com/images/I/71M-sidERtL._AC_UY654_FMwebp_QL65_.jpg,4,"R$ 249,90",False,False,False,False,Mais de 100 compras no mês passado,,False,,,,,,
B0FCFYCMGG,Jogo de Soquetes de Impacto 1/2 Profundos 15 Peças (8-32mm) - Cr-V - Alta Torque - Caixinha Organizadora - Completo para Caminhões e Oficina,"R$ 175,99",,BRL,5,1,https://www.amazon.com.br/dp/B0FCFYCMGG,https://m.media-amazon.com/images/I/6195rZM416L._AC_UY654_FMwebp_QL65_.jpg,1,"R$ 175,99",False,False,False,False,,"Entrega GRÁTIS: qua., 16 de jul.",False,,,,,,
B09B15RWPS,"Ventilador de Mesa Mondial 220V, 40cm, 6 pás, Super Power - VSP-40-B","R$ 124,90","R$ 140,51",BRL,4.6,24033,https://www.amazon.com.br/dp/B09B15RWPS,https://m.media-amazon.com/images/I/81r2JL+Ru5L._AC_UY654_FMwebp_QL65_.jpg,1,"R$ 124,90",False,False,True,False,Mais de 2 mil compras no mês passado,,False,,Oferta Prime Day,Energia elétrica,,,
B09TLRFV75,"Kit de Facas 3 Peças Ice Force: Carne de 20cm, Santoku 18cm, Universal de 11 cm - Feita de Aço Inox Alemão, Cabo Ergonômico e Perfeita para todos os usos na cozinha","R$ 149,99",,BRL,4.5,84,https://www.amazon.com.br/dp/B09TLRFV75,https://m.media-amazon.com/images/I/61SXZ4F4HjL._AC_UY654_FMwebp_QL65_.jpg,1,"R$ 149,99",False,False,False,False,Mais de 20 compras no mês passado,"Entrega GRÁTIS: qua., 16 de jul.",False,,,,,,
B0DY831FZX,"Luminária de Mesa LED com Base Metálica, 3 Temperaturas de Cor, Controle por Toque, Abajur de Tecido Bege, USB 3V, Branco","R$ 116,91","R$ 139,90",BRL,5,4,https://www.amazon.com.br/dp/B0DY831FZX,https://m.media-amazon.com/images/I/71J5cI8zZrL._AC_UY654_FMwebp_QL65_.jpg,1,"R$ 116,91",False,False,True,False,,,True,,Com Prime,,,,
B0DPW245SG,"Refletor Solar, Refletor Solar LED Externo, Luminária, Luminaria, LuminariaExterna, Luminária área Externa","R$ 189,99",,BRL,2.6,3,https://www.amazon.com.br/dp/B0DPW245SG,https://m.media-amazon.com/images/I/6137yCiA6+L._AC_UY654_FMwebp_QL65_.jpg,1,"R$ 189,99",False,False,False,False,Mais de 20 compras no mês passado,"Entrega GRÁTIS: sáb., 19 de jul.",False,,,,,,
B0DB8BR668,"Lanterna Led Recarregavel 10000 Lumens, Goreit Lanterna Tatica Militar Super Potente XHP70.2, Lanterna a Pilha Lanterna De Choque Defesa Pessoal USB Para Acampamento Caminhada Pesca EmergêNcia","R$ 129,99","R$ 149,99",BRL,4.8,5344,https://www.amazon.com.br/dp/B0DB8BR668,https://m.media-amazon.com/images/I/81tt3+wa-CL._AC_UY654_FMwebp_QL65_.jpg,1,"R$ 129,99",False,False,False,False,Mais de 600 compras no mês passado,"Entrega GRÁTIS: sáb., 19 de jul.",False,"Economize R$ 10,00 com o cupom (tamanhos/cores limitados)",,,,,
B0F9QX7111,Lustre Pendente 5 Cores Led Moderno 3 Arcos Anéis 89w 60cm Estrutura Dourado 110v/220v (Dourado),"R$ 239,99",,BRL,,0,https://www.amazon.com.br/dp/B0F9QX7111,https://m.media-amazon.com/images/I/51RlO+oBzmL._AC_UY654_FMwebp_QL65_.jpg,1,"R$ 239,99",False,False,False,False,,"Entrega GRÁTIS: dom., 20 de jul.",True,,,,,,
B0DK3V8Z47,Fechadura Eletronica Digital Biométrica Smart Inteligente Kuanttum Kappa,"R$ 398,28",,BRL,4.7,306,https://www.amazon.com.br/dp/B0DK3V8Z47,https://m.media-amazon.com/images/I/411YBoiw9pL._AC_UY654_FMwebp_QL65_.jpg,5,"R$ 349,13",False,False,False,False,Mais de 300 compras no mês passado,"Entrega GRÁTIS: Amanhã, 14 de jul.Ou entrega mais rápida: Hoje",False,,,,,,
B0F8TMGTKR,"Trailabo Nível a Laser Verde 360° Autonivelante 4D com 16 Linhas Cruzadas, Controle Remoto + Tripé - Kit Completo com Suporte e Caixa de Ferramentas para Construção","R$ 499,00",,BRL,,0,https://www.amazon.com.br/dp/B0F8TMGTKR,https://m.media-amazon.com/images/I/71Xiz6667YL._AC_UY654_FMwebp_QL65_.jpg,1,"R$ 499,00",False,False,False,False,,"Entrega GRÁTIS: sáb., 19 de jul.",False,"Economize R$ 30,00 com o cupom",,,,,
B0F3FTHZK6,Fechadura Eletrônica Inteligente Digital Com Biometria Wifi Chave Senha,"R$ 336,12",,BRL,4.1,13,https://www.amazon.com.br/dp/B0F3FTHZK6,https://m.media-amazon.com/images/I/61aeaEpo8LL._AC_UY654_FMwebp_QL65_.jpg,1,"R$ 336,12",False,False,False,False,Mais de 50 compras no mês passado,"Entrega GRÁTIS: dom., 20 de jul.",False,,,,,,
B0B3TH54RZ,"Espanador de ar Elétrico, Espanador de ar Sem Fio, Soprador de Ar Comprimido Recarregável de 38000 RPM, Dois Modos de Partida Inteligentes, Boa Substituição para Lata de Ar Comprimido","R$ 165,75","R$ 189,00",BRL,4.4,448,https://www.amazon.com.br/dp/B0B3TH54RZ,https://m.media-amazon.com/images/I/61M8FbfIHKL._AC_UY654_FMwebp_QL65_.jpg,1,"R$ 165,75",False,False,True,False,Mais de 200 compras no mês passado,,False,,Com Prime,,,,
B0DL9XS6NZ,"Light Bar, Preto, RGB Lightbar, Light Bar Monitor com Tres temperaturas de cor 15 cores modo, Luz Monitor, Led Monitor Light Bar, Barra de Luz para Monitor, Lightbar Monitor, Luminaria Monitor","R$ 179,99",,BRL,4.1,21,https://www.amazon.com.br/dp/B0DL9XS6NZ,https://m.media-amazon.com/images/I/71rXeEljZBL._AC_UY654_FMwebp_QL65_.jpg,1,"R$ 179,99",False,False,False,False,,"Entrega GRÁTIS: qua., 16 de jul.",False,,,,,,
B0DKPCL17X,Torneira Pia Cozinha Parede Gourmet Flexível Malibu preta 1/4 volta,"R$ 169,00","R$ 199,00",BRL,4.2,48,https://www.amazon.com.br/dp/B0DKPCL17X,https://m.media-amazon.com/images/I/41cSoZevUIL._AC_UY654_FMwebp_QL65_.jpg,1,"R$ 169,00",False,True,False,False,,"Entrega GRÁTIS: seg., 21 de jul.",True,,Escolha,,,,
B0F8TMGTKR,"Trailabo Nível a Laser Verde 360° Autonivelante 4D com 16 Linhas Cruzadas, Controle Remoto + Tripé - Kit Completo com Suporte e Caixa de Ferramentas para Construção","R$ 499,00",,BRL,,0,https://www.amazon.com.br/dp/B0F8TMGTKR,https://m.media-amazon.com/images/I/71Xiz6667YL._AC_UY654_FMwebp_QL65_.jpg,1,"R$ 499,00",False,False,False,False,,"Entrega GRÁTIS: sáb., 19 de jul.",False,"Economize R$ 30,00 com o cupom",,,,,
B0F3FTHZK6,Fechadura Eletrônica Inteligente Digital Com Biometria Wifi Chave Senha,"R$ 336,12",,BRL,4.1,13,https://www.amazon.com.br/dp/B0F3FTHZK6,https://m.media-amazon.com/images/I/61aeaEpo8LL._AC_UY654_FMwebp_QL65_.jpg,1,"R$ 336,12",False,False,False,False,Mais de 50 compras no mês passado,"Entrega GRÁTIS: dom., 20 de jul.",False,,,,,,
B0B3TH54RZ,"Espanador de ar Elétrico, Espanador de ar Sem Fio, Soprador de Ar Comprimido Recarregável de 38000 RPM, Dois Modos de Partida Inteligentes, Boa Substituição para Lata de Ar Comprimido","R$ 165,75","R$ 189,00",BRL,4.4,448,https://www.amazon.com.br/dp/B0B3TH54RZ,https://m.media-amazon.com/images/I/61M8FbfIHKL._AC_UY654_FMwebp_QL65_.jpg,1,"R$ 165,75",False,False,True,False,Mais de 200 compras no mês passado,,False,,Com Prime,,,,
B0DL9XS6NZ,"Light Bar, Preto, RGB Lightbar, Light Bar Monitor com Tres temperaturas de cor 15 cores modo, Luz Monitor, Led Monitor Light Bar, Barra de Luz para Monitor, Lightbar Monitor, Luminaria Monitor","R$ 179,99",,BRL,4.1,21,https://www.amazon.com.br/dp/B0DL9XS6NZ,https://m.media-amazon.com/images/I/71rXeEljZBL._AC_UY654_FMwebp_QL65_.jpg,1,"R$ 179,99",False,False,False,False,,"Entrega GRÁTIS: qua., 16 de jul.",False,,,,,,
B0DKPCL17X,Torneira Pia Cozinha Parede Gourmet Flexível Malibu preta 1/4 volta,"R$ 169,00","R$ 199,00",BRL,4.2,48,https://www.amazon.com.br/dp/B0DKPCL17X,https://m.media-amazon.com/images/I/41cSoZevUIL._AC_UY654_FMwebp_QL65_.jpg,1,"R$ 169,00",False,False,False,False,,"Entrega GRÁTIS: seg., 21 de jul.",True,,Economize 15%,,,,
B0CYQS94HD,Lonas de Polietileno Speedmax Azul | Escolha o Tamanho (5x9),"R$ 161,90",,BRL,4,162,https://www.amazon.com.br/dp/B0CYQS94HD,https://m.media-amazon.com/images/I/71dxTQEK7DL._AC_UY654_FMwebp_QL65_.jpg,1,"R$ 161,90",False,False,False,True,,"Entrega GRÁTIS: sáb., 19 de jul.",False,,,,,,
B0F56XQZ3W,"Kit com 2 Câmeras de Segurança IP Lâmpada WiFi Full HD 1080p, Prova D&#x27;água, Giratória e com Visão Noturna Infravermelha 1080p, Bivolt, Detecção de Movimento, Áudio Bidirecional - Premium","R$ 119,90",,BRL,4.1,22,https://www.amazon.com.br/dp/B0F56XQZ3W,https://m.media-amazon.com/images/I/61GoT9JIRyL._AC_UY654_FMwebp_QL65_.jpg,1,"R$ 119,90",False,False,False,False,Mais de 100 compras no mês passado,"Entrega GRÁTIS: qua., 16 de jul.",False,,,,,,
B0CRF5P5RM,"HOLTTER Pistola Eletrica de Pintura Pistola Pulverizadora Profissional de Tinta Máquina de Pintar Parede Compressor Tinta Portátil 650W Mangueira Espiral Pistola de Pintura com Acessórios (220, Volts)","R$ 159,90",,BRL,3.8,87,https://www.amazon.com.br/dp/B0CRF5P5RM,https://m.media-amazon.com/images/I/711KFygBSAL._AC_UY654_FMwebp_QL65_.jpg,1,"R$ 159,90",False,False,False,False,Mais de 50 compras no mês passado,"Entrega GRÁTIS: qua., 16 de jul.",False,,,,,,
B0CFVT4BXF,Filtro De Água LG ARWF6755 - Original,"R$ 139,90",,BRL,4.7,78,https://www.amazon.com.br/dp/B0CFVT4BXF,https://m.media-amazon.com/images/I/4164DBxirSL._AC_UY654_FMwebp_QL65_.jpg,13,"R$ 105,48",False,False,False,False,Mais de 30 compras no mês passado,"Entrega GRÁTIS: dom., 20 de jul.",False,,,,,,
B0F2QPNWT5,Camera IP WiFi Giratória 1080p Estilo Babá Eletrônica Pet Com Visão Noturna Alerta De Movimento Microfone Infravermelho Sem Fio com App Yoosee Interna Câmera Panorâmica Detecção de Movimento Premium,"R$ 109,90",,BRL,4.6,41,https://www.amazon.com.br/dp/B0F2QPNWT5,https://m.media-amazon.com/images/I/61VfaskPYML._AC_UY654_FMwebp_QL65_.jpg,1,"R$ 109,90",False,True,False,False,Mais de 100 compras no mês passado,"Entrega GRÁTIS: qua., 16 de jul.",False,Economize 5% com o cupom,Escolha,,,,
B0DHZ2TP5G,Tomada Inteligente Wi-Fi ETS 1002 (Branco),"R$ 164,00","R$ 179,90",BRL,4.2,15,https://www.amazon.com.br/dp/B0DHZ2TP5G,https://m.media-amazon.com/images/I/41+fgkpUFJL._AC_UY654_FMwebp_QL65_.jpg,7,"R$ 178,42",False,False,False,False,,"Entrega GRÁTIS: dom., 20 de jul.",True,,,,,,
B078NF3S2G,VALVULA DUCHAO,"R$ 126,55",,BRL,4.6,569,https://www.amazon.com.br/dp/B078NF3S2G,https://m.media-amazon.com/images/I/71D8zCRxmIL._AC_UY654_FMwebp_QL65_.jpg,30,"R$ 101,68",False,False,False,False,Mais de 100 compras no mês passado,"Entrega GRÁTIS: Amanhã, 14 de jul.Ou entrega mais rápida: Hoje",False,,,,,,
B0DGZ8RVRM,"Ventilador de Coluna Arno X-TREME 7 40cm VE7C, 150W, 7 Pás, 3 Velocidades, Oscilação 80º, Power Zone, Modo Sono Tranquilo, Altura Ajustável de até 1,5m, 220V","R$ 414,80","R$ 458,72",BRL,4.7,84,https://www.amazon.com.br/dp/B0DGZ8RVRM,https://m.media-amazon.com/images/I/51rwN5-WIQL._AC_UY654_FMwebp_QL65_.jpg,1,"R$ 414,80",False,False,False,False,Mais de 100 compras no mês passado,"Entrega GRÁTIS: sex., 25 de jul.",False,,,Energia elétrica,,,
B0DHL2H7GP,"WUBEN T4 Lanterna Tática Recarregável para EDC, Lanterna Pequena Potente de Longo Alcance de 401 m, Lanterna de Bolso com 3 Modos Tático/de Serviço/Trava, Mini Lanterna","R$ 277,99","R$ 347,49",BRL,4.6,827,https://www.amazon.com.br/dp/B0DHL2H7GP,https://m.media-amazon.com/images/I/61Eea+drqTL._AC_UY654_FMwebp_QL65_.jpg,1,"R$ 277,99",False,False,True,False,,,False,,Com Prime,,,,
B0FCM41VL1,"Filtro de ar silencioso para purificador de ar de reposição que filtra 99,97% de 0,01 mícron, fumaça e partículas（1 unidade) (3)","R$ 129,00",,BRL,4.5,10,https://www.amazon.com.br/dp/B0FCM41VL1,https://m.media-amazon.com/images/I/71G9O4Gg06L._AC_UY654_FMwebp_QL65_.jpg,1,"R$ 129,00",False,False,False,False,,Entrega GRÁTIS: 28 de jul. - 1 de ago.,False,,,,,,
B0F9WVLKLQ,"12V Mini Esmerilhadeira Angular Portátil, 2 Baterias, 19500 RPM, Com 8 Discos de Corte, Corte e Polimento para Metal, Pedra, Madeira, Mármore – Compacta e Recarregável","R$ 153,03","R$ 179,00",BRL,,0,https://www.amazon.com.br/dp/B0F9WVLKLQ,https://m.media-amazon.com/images/I/71w5MnMGx1L._AC_UY654_FMwebp_QL65_.jpg,1,"R$ 153,03",False,False,True,False,,"Entrega GRÁTIS: sáb., 19 de jul.",False,,Com acesso antecipado Prime,,,,
B0DLJ8VYR8,Ventilador De Torre Cor Preto Midea VTMP2 - 220v,"R$ 350,10","R$ 377,55",BRL,4.5,8,https://www.amazon.com.br/dp/B0DLJ8VYR8,https://m.media-amazon.com/images/I/61DjsvO6GCL._AC_UY654_FMwebp_QL65_.jpg,1,"R$ 350,10",False,False,False,False,,"Entrega GRÁTIS: ter., 29 de jul.",False,,,Energia elétrica,,,
B0F93NZCWZ,"Lustre Ouro Negro 8 luzes, Luminária pendente com altura ajustável, Adequado para lâmpadas E27(Lâmpada Não Incluída), Adequado para sala de jantar, quarto, corredor, sala de estar, 220V","R$ 159,99",,BRL,3,2,https://www.amazon.com.br/dp/B0F93NZCWZ,https://m.media-amazon.com/images/I/61+3tnN6bbL._AC_UY654_FMwebp_QL65_.jpg,1,"R$ 159,99",False,False,False,False,Mais de 40 compras no mês passado,"Entrega GRÁTIS: qua., 16 de jul.",False,"Economize R$ 15,00 com o cupom",,,,,
B0CS3SKXB9,"HOLTTER Esmerilhadeira Lixadeira Angular Profissional Disco Corte Desbaste 820W 11000rpm 115mm Kit Esmerilhadeira Lixadeira Elétrica Angular com Acessórios Esmerilhadora de Ângulo (220, Volts)","R$ 169,90",,BRL,4,205,https://www.amazon.com.br/dp/B0CS3SKXB9,https://m.media-amazon.com/images/I/71zyCZY8vEL._AC_UY654_FMwebp_QL65_.jpg,1,"R$ 169,90",False,False,False,False,Mais de 50 compras no mês passado,Entrega GRÁTIS: 1 - 4 de ago.,False,,,,,,
B0F8KQ2PXY,Máquina Inversora de Solda 250A Nakasaki NK250A Bivolt,"R$ 424,99",,BRL,4.5,2,https://www.amazon.com.br/dp/B0F8KQ2PXY,https://m.media-amazon.com/images/I/61IU0-to+uL._AC_UY654_FMwebp_QL65_.jpg,1,"R$ 424,99",False,False,False,False,Mais de 30 compras no mês passado,"Entrega GRÁTIS: qua., 30 de jul.",False,,,,,,
B0CWB3N6S5,Cofre Eletrônico Digital Senha Ou Chave 43x33x20 Contelux P/Hotel,"R$ 369,99",,BRL,4.4,84,https://www.amazon.com.br/dp/B0CWB3N6S5,https://m.media-amazon.com/images/I/411kjQHt96L._AC_UY654_FMwebp_QL65_.jpg,1,"R$ 369,99",False,False,False,False,Mais de 100 compras no mês passado,"Entrega GRÁTIS: dom., 20 de jul.",False,,,,,,
B0DJHGD4H4,Tomada Inteligente Wi-Fi ETS 2002 (Branco),"R$ 180,00","R$ 205,00",BRL,4.8,17,https://www.amazon.com.br/dp/B0DJHGD4H4,https://m.media-amazon.com/images/I/61auiqW4eIL._AC_UY654_FMwebp_QL65_.jpg,5,"R$ 187,50",False,False,False,False,,"Entrega GRÁTIS: qua., 16 de jul.",True,,,,,,
B0CSSP4WZV,YESOP Torneira De Cozinha Monocomando Gourmet Misturar,"R$ 203,15","R$ 239,00",BRL,4.5,165,https://www.amazon.com.br/dp/B0CSSP4WZV,https://m.media-amazon.com/images/I/41jhUytkSeL._AC_UY654_FMwebp_QL65_.jpg,1,"R$ 203,15",False,False,True,False,,,True,,Com Prime,,,,
B0D7VRV7RF,"LucZeng Fechadura Digital Biométrica, 5 em 1 Inteligente Fechadura Eletronica com Tuya Wi-Fi, Touch Screen Fechadura Digital - Abertura via Biometria, Senha Numérica, cartão IC, chave e APP","R$ 499,00",,BRL,4.6,34,https://www.amazon.com.br/dp/B0D7VRV7RF,https://m.media-amazon.com/images/I/51bSFLrSZqL._AC_UY654_FMwebp_QL65_.jpg,1,"R$ 499,00",False,False,False,False,Mais de 100 compras no mês passado,"Entrega GRÁTIS: qua., 16 de jul.",False,,,,,,
B0DLJCMYFQ,"Midea Ventilador De Torre Cor Preto,VTMP1,127V/60Hz","R$ 296,65","R$ 369,00",BRL,4.5,60,https://www.amazon.com.br/dp/B0DLJCMYFQ,https://m.media-amazon.com/images/I/61DjsvO6GCL._AC_UY654_FMwebp_QL65_.jpg,1,"R$ 296,65",False,False,True,False,Mais de 50 compras no mês passado,,False,,Oferta Prime Day,Energia elétrica,,,
B0DCL4NW6J,"WAP Climatizador de Ar AIR FRESH 4 em 1, com Reservatório para Essência e 3 Níveis de Velocidades, Baixo Ruído, 90W 127V","R$ 466,71",,BRL,4.5,833,https://www.amazon.com.br/dp/B0DCL4NW6J,https://m.media-amazon.com/images/I/61Px4EY0XML._AC_UY654_FMwebp_QL65_.jpg,6,"R$ 465,00",False,False,False,False,Mais de 50 compras no mês passado,"Entrega GRÁTIS: Amanhã, 14 de jul.Ou entrega mais rápida: Hoje",False,,,,,,
B0DCGSBGKK,Kit 2 Extintores 6kg Abc - Validade 5 Anos incluso Suporte de parede e sinalização,"R$ 379,90",,BRL,4.5,2,https://www.amazon.com.br/dp/B0DCGSBGKK,https://m.media-amazon.com/images/I/51jSc4loj9L._AC_UY654_FMwebp_QL65_.jpg,1,"R$ 379,90",False,False,False,False,,"Entrega GRÁTIS: sex., 25 de jul.",False,,,,,,
B07913TNX5,Desumidificador de Ar Peltier Komeco Air Life - Antimofo - Bivolt,"R$ 270,13",,BRL,4.6,1505,https://www.amazon.com.br/dp/B07913TNX5,https://m.media-amazon.com/images/I/41DSMJfU3OL._AC_UY654_FMwebp_QL65_.jpg,8,"R$ 266,13",False,False,False,False,Mais de 1 mil compras no mês passado,"Entrega GRÁTIS: Amanhã, 14 de jul.Ou entrega mais rápida: Hoje",False,,,,,,
B0F6NVWLMS,Kit 2 Câmera Segurança Ip Wifi Lâmpada Prova D&#x27;água Giratória Visão Noturna Infravermelho 1080P HD Câmeras Wireless 360° Inteligente Full HD - Premium®,"R$ 129,90",,BRL,4.6,15,https://www.amazon.com.br/dp/B0F6NVWLMS,https://m.media-amazon.com/images/I/61mfCf+WZ2L._AC_UY654_FMwebp_QL65_.jpg,1,"R$ 129,90",False,False,False,False,Mais de 100 compras no mês passado,"Entrega GRÁTIS: qua., 16 de jul.",False,,,,,,
B0CGVQ6R4J,Sensor de Abertura Magnético Sem Fio Para Porta e Janela MSA 1001 Branco Intelbras,"R$ 106,88",,BRL,4.2,29,https://www.amazon.com.br/dp/B0CGVQ6R4J,https://m.media-amazon.com/images/I/31z0L6tleOL._AC_UY654_FMwebp_QL65_.jpg,9,"R$ 89,02",False,False,False,False,,"Entrega GRÁTIS: ter., 15 de jul.",False,,,,,,
B0DK9WK3ZQ,Parafusadeira Furadeira 20V Vonder PFV 238 18 Posições de Torque LED Bateria Carregador e Acessórios,"R$ 249,40",,BRL,4.7,206,https://www.amazon.com.br/dp/B0DK9WK3ZQ,https://m.media-amazon.com/images/I/6137Taup2AL._AC_UY654_FMwebp_QL65_.jpg,1,"R$ 249,40",False,True,False,False,Mais de 200 compras no mês passado,"Entrega GRÁTIS: qui., 7 de ago.",False,,Escolha,,,,
B0D8KVN6DY,"Eletropneumático Martelo Perfurador Rotativo Rompedor (220V+1600W）Com Controle de Vibração, Inclui Graxa, Talhadeira Ponteira Brocas, com Estojo 220V","R$ 400,99",,BRL,4.4,163,https://www.amazon.com.br/dp/B0D8KVN6DY,https://m.media-amazon.com/images/I/71cYmiX43WL._AC_UY654_FMwebp_QL65_.jpg,1,"R$ 400,99",False,False,False,False,Mais de 40 compras no mês passado,"Entrega GRÁTIS: sáb., 19 de jul.",False,,,,,,
B0DK9WK3ZQ,Parafusadeira Furadeira 20V Vonder PFV 238 18 Posições de Torque LED Bateria Carregador e Acessórios,"R$ 249,40",,BRL,4.7,206,https://www.amazon.com.br/dp/B0DK9WK3ZQ,https://m.media-amazon.com/images/I/6137Taup2AL._AC_UY654_FMwebp_QL65_.jpg,1,"R$ 249,40",False,False,False,False,Mais de 200 compras no mês passado,"Entrega GRÁTIS: qui., 7 de ago.",False,,,,,,
B0D8KVN6DY,"Eletropneumático Martelo Perfurador Rotativo Rompedor (220V+1600W）Com Controle de Vibração, Inclui Graxa, Talhadeira Ponteira Brocas, com Estojo 220V","R$ 400,99",,BRL,4.4,163,https://www.amazon.com.br/dp/B0D8KVN6DY,https://m.media-amazon.com/images/I/71cYmiX43WL._AC_UY654_FMwebp_QL65_.jpg,1,"R$ 400,99",False,False,False,False,Mais de 40 compras no mês passado,"Entrega GRÁTIS: sáb., 19 de jul.",False,,,,,,
B0F3J8DV77,Câmera de Segurança Tomada Sem Fio 2MP WiFi Visão 360° HD 1080p Câmera IP Infravermelho Controle via App 2 Modos de Visão Noturna Áudio Bidirecional Detecção de Movimento Premium,"R$ 106,98",,BRL,3.9,21,https://www.amazon.com.br/dp/B0F3J8DV77,https://m.media-amazon.com/images/I/41kCT8C53wL._AC_UY654_FMwebp_QL65_.jpg,1,"R$ 106,98",False,False,False,False,Mais de 50 compras no mês passado,"Entrega GRÁTIS: qua., 16 de jul.",False,Economize 7% com o cupom,,,,,
B0DV13Q6QY,Chave de Impacto Furadeira 48V Brushless Parafusadeira de Alta Potência 2 Baterias 4.0Ah + Carregador Kit com Soquetes Bits Maleta Ferramenta Elétrica Profissional Bivolt,"R$ 339,90",,BRL,4.2,11,https://www.amazon.com.br/dp/B0DV13Q6QY,https://m.media-amazon.com/images/I/715adoNTPjL._AC_UY654_FMwebp_QL65_.jpg,1,"R$ 339,90",False,False,False,False,Mais de 30 compras no mês passado,"Entrega GRÁTIS: sáb., 19 de jul.",False,,,,,,
B0DRN3JVZ8,"Alicate Decapador Profissional 8 em 1 com Detector de Voltagem - Testador de Fase 12-250V CA/CC, Alarme Duplo, Ferramenta para Eletricista, HVAC e Automotivo - Corte, Crimpagem e Descascamento de Fios","R$ 107,10","R$ 119,00",BRL,5,4,https://www.amazon.com.br/dp/B0DRN3JVZ8,https://m.media-amazon.com/images/I/61ruzlKeUxL._AC_UY654_FMwebp_QL65_.jpg,1,"R$ 107,10",False,False,False,False,Mais de 50 compras no mês passado,"Entrega GRÁTIS: qua., 16 de jul.",False,,Oferta,,,,
B0F2LBW4G1,"Luminária de mesa LED com braço articulado e braçadeira, 3 modos de brilho, iluminação ajustável para escritório, leitura, jogo e estudo, lâmpada de mesa giratória 360°, design moderno e funcional","R$ 111,27",,BRL,5,3,https://www.amazon.com.br/dp/B0F2LBW4G1,https://m.media-amazon.com/images/I/71KI0lT68wL._AC_UY654_FMwebp_QL65_.jpg,1,"R$ 111,27",False,False,False,False,,"Entrega GRÁTIS: qua., 16 de jul.",False,,,,,,
B0DYYD5TBS,"Fechadura ElectróNica Inteligente Da Porta, 4 Maneiras De Abrir A Porta, Abertura De ImpressãO Digital, Abertura De CartãO Ic, Abertura De Senha, Abertura De Chave, Adequado Para A Maioria Das Portas","R$ 269,99",,BRL,3.5,29,https://www.amazon.com.br/dp/B0DYYD5TBS,https://m.media-amazon.com/images/I/71ezE7GjMXL._AC_UY654_FMwebp_QL65_.jpg,1,"R$ 269,99",False,False,False,False,Mais de 50 compras no mês passado,"Entrega GRÁTIS: dom., 20 de jul.",False,,,,,,
B0D9NN2F4L,"Faca Do Chef De 8&#x27;&#x27; Polegadas Com Cabo Ergonômico, Faca De Cozinha Forjada Em Aço Com Alto Teor De Carbono, Preta","R$ 85,85","R$ 105,99",BRL,4.8,59,https://www.amazon.com.br/dp/B0D9NN2F4L,https://m.media-amazon.com/images/I/61ZmE2Rv3QL._AC_UY654_FMwebp_QL65_.jpg,1,"R$ 85,85",False,False,True,False,,,False,,Com Prime,,,,
B0DHZ7CCKD,Tomada com Interruptor Inteligente Wi-Fi ETS 2001 Branco Intelbras,"R$ 177,00",,BRL,4.9,20,https://www.amazon.com.br/dp/B0DHZ7CCKD,https://m.media-amazon.com/images/I/31cA1wFT8zL._AC_UY654_FMwebp_QL65_.jpg,7,"R$ 170,20",False,False,False,False,,"Entrega GRÁTIS: Amanhã, 14 de jul.Ou entrega mais rápida: Hoje",True,,,,,,
B0F6MFQQQ8,Luminária De Mesa Retro Abajur Articulável em Madeira e Aço (Branco),"R$ 159,99",,BRL,5,5,https://www.amazon.com.br/dp/B0F6MFQQQ8,https://m.media-amazon.com/images/I/41RTnuImeeL._AC_UY654_FMwebp_QL65_.jpg,1,"R$ 159,99",False,False,False,False,,"Entrega GRÁTIS: qua., 16 de jul.",True,,,,,,
B0CNWHK1NJ,"Cabo Flexível 2,5mm Rolo 100m Fio Elétrico 750V Certificado (Verde)","R$ 104,43",,BRL,4,127,https://www.amazon.com.br/dp/B0CNWHK1NJ,https://m.media-amazon.com/images/I/71HIn+VEPlL._AC_UY654_FMwebp_QL65_.jpg,1,"R$ 104,43",False,False,False,False,,"Entrega GRÁTIS: dom., 20 de jul.",False,,,,,,
B076HRGXLB,"Ventisol Ventilador de Teto, Fênix 370, Branco, 127V","R$ 184,90","R$ 223,41",BRL,4.3,13709,https://www.amazon.com.br/dp/B076HRGXLB,https://m.media-amazon.com/images/I/41TbQ7HX11L._AC_UY654_FMwebp_QL65_.jpg,1,"R$ 184,90",False,False,False,False,Mais de 1 mil compras no mês passado,"Entrega GRÁTIS: sex., 25 de jul.Ou entrega mais rápida: Hoje",False,,,Energia elétrica,,,
B0CTCVGP4F,Andador Alumínio com Barra Fixo Móvel e Dobrável D10 Pop Dellamed,"R$ 145,00",,BRL,4.6,84,https://www.amazon.com.br/dp/B0CTCVGP4F,https://m.media-amazon.com/images/I/41LCHqiViqL._AC_UY654_FMwebp_QL65_.jpg,1,"R$ 145,00",False,False,False,False,Mais de 100 compras no mês passado,"Entrega GRÁTIS: seg., 21 de jul.",False,,,Adulto,"R$ 145,00",1.0,
B0CH45N82J,Ventilador Britânia 2 em 1 BVT400 Maxx Force 150W 220V,"R$ 119,80","R$ 159,60",BRL,4.5,1336,https://www.amazon.com.br/dp/B0CH45N82J,https://m.media-amazon.com/images/I/61hzNzVLGHL._AC_UY654_FMwebp_QL65_.jpg,1,"R$ 119,80",False,False,True,False,Mais de 1 mil compras no mês passado,,False,,Oferta Prime Day,Energia elétrica,,,
B0C3WRWBQN,"Ducha Aquecedora Salão, Barbearia e Pet Shop 4T 127V DPS155 - Sintex","R$ 168,24","R$ 199,90",BRL,3.7,5,https://www.amazon.com.br/dp/B0C3WRWBQN,https://m.media-amazon.com/images/I/71G-jfgNTnL._AC_UY654_FMwebp_QL65_.jpg,1,"R$ 168,24",False,False,False,False,,"Entrega GRÁTIS: Amanhã, 14 de jul.Ou entrega mais rápida: Hoje",False,,,,,,
B0F264NXS3,"FINYQBET Cofre Eletrônico e de Segurança - Cofre Digital com Senha de 3-8 Dígitos, à Prova de Fogo e Água, para Casa, Escritório, Hotel - Feito em Aço Reforçado, Montagem em Parede ou Chão","R$ 203,47","R$ 249,00",BRL,5,4,https://www.amazon.com.br/dp/B0F264NXS3,https://m.media-amazon.com/images/I/71J-YAjc-DL._AC_UY654_FMwebp_QL65_.jpg,1,"R$ 203,47",False,False,False,False,,"Entrega R$ 34,53: 23 - 25 de jul.",False,,,,,,
B0C3WRWBQN,"Ducha Aquecedora Salão, Barbearia e Pet Shop 4T 127V DPS155 - Sintex","R$ 168,24","R$ 199,90",BRL,3.7,5,https://www.amazon.com.br/dp/B0C3WRWBQN,https://m.media-amazon.com/images/I/71G-jfgNTnL._AC_UY654_FMwebp_QL65_.jpg,1,"R$ 168,24",False,False,False,False,,"Entrega GRÁTIS: Amanhã, 14 de jul.Ou entrega mais rápida: Hoje",False,,,,,,
B0F264NXS3,"FINYQBET Cofre Eletrônico e de Segurança - Cofre Digital com Senha de 3-8 Dígitos, à Prova de Fogo e Água, para Casa, Escritório, Hotel - Feito em Aço Reforçado, Montagem em Parede ou Chão","R$ 203,47","R$ 249,00",BRL,5,4,https://www.amazon.com.br/dp/B0F264NXS3,https://m.media-amazon.com/images/I/71J-YAjc-DL._AC_UY654_FMwebp_QL65_.jpg,1,"R$ 203,47",False,False,False,False,,"Entrega R$ 34,53: 23 - 25 de jul.",False,,,,,,
B0F7HVT3SZ,EKAZA Kit 2 Tomadas Inteligente Smart Automação Wifi Google Home Alexa (16A),"R$ 119,99",,BRL,4.7,138,https://www.amazon.com.br/dp/B0F7HVT3SZ,https://m.media-amazon.com/images/I/51gLfK8IB8L._AC_UY654_FMwebp_QL65_.jpg,1,"R$ 119,99",False,False,False,False,,"Entrega GRÁTIS: qua., 16 de jul.",False,,,,,,
B0DCNTKXWV,Yesop Desumidificador De Ar Ambiente Eletrico Antimofo 1000ml Portátil E 110/220v Bivolt Com Tela Led Digital Exibição Sensível Ao Toque,"R$ 305,94","R$ 322,05",BRL,4.5,110,https://www.amazon.com.br/dp/B0DCNTKXWV,https://m.media-amazon.com/images/I/61G6tJ5RwzL._AC_UY654_FMwebp_QL65_.jpg,1,"R$ 305,94",False,False,False,False,Mais de 50 compras no mês passado,"Entrega GRÁTIS: qua., 16 de jul.",False,,Economize 5%,,,,
B082P4VVZB,Kit Mecanismo Duplo Acionamento Universal,"R$ 137,70","R$ 158,58",BRL,4.6,305,https://www.amazon.com.br/dp/B082P4VVZB,https://m.media-amazon.com/images/I/61qO0wFx+PL._AC_UY654_FMwebp_QL65_.jpg,6,"R$ 114,10",False,False,False,False,Mais de 50 compras no mês passado,"Entrega GRÁTIS: Amanhã, 14 de jul.Ou entrega mais rápida: Hoje",False,,,,,,
B0CXZ2TRPD,"Buba, Vaso Sanitário Infantil Com Som","R$ 212,43",,BRL,4.7,37,https://www.amazon.com.br/dp/B0CXZ2TRPD,https://m.media-amazon.com/images/I/41eyxfnLwnL._AC_UY654_FMwebp_QL65_.jpg,17,"R$ 208,26",False,False,False,False,Mais de 50 compras no mês passado,"Entrega GRÁTIS: Amanhã, 14 de jul.Ou entrega mais rápida: Hoje",False,,,,,,
B0D752G7QQ,Ventisol ventilador osc coluna turbo 10pas 40 cm cz 220v,"R$ 170,06",,BRL,2.8,32,https://www.amazon.com.br/dp/B0D752G7QQ,https://m.media-amazon.com/images/I/51gg2tuwibL._AC_UY654_FMwebp_QL65_.jpg,2,"R$ 143,15",False,False,False,False,,"Entrega GRÁTIS: qui., 31 de jul.",False,,,Energia elétrica,,,
B0BCWNBNTK,"Hub de Automação Inteligente TP-Link Tapo H100, 64 dispositivos, trabalha com Alexa, Alarme Inteligente, Protocolo sem fio de baixa potência","R$ 157,00",,BRL,4.5,2277,https://www.amazon.com.br/dp/B0BCWNBNTK,https://m.media-amazon.com/images/I/41I03wZ0jqL._AC_UY654_FMwebp_QL65_.jpg,8,"R$ 156,90",False,False,False,False,,"Entrega GRÁTIS: qua., 16 de jul.",False,,,,,,
B0DRMGM1P7,"Ducha Chuveiro Eletrônico Luxo Chrome Intense Potente Fame Original + Veda Rosca (Black cromado, 6500 W / 220v)","R$ 329,90",,BRL,4.3,6,https://www.amazon.com.br/dp/B0DRMGM1P7,https://m.media-amazon.com/images/I/515ZF4W7jGL._AC_UY654_FMwebp_QL65_.jpg,1,"R$ 329,90",False,False,False,False,,"Entrega GRÁTIS: dom., 27 de jul.",True,,,,,,
B0B8F3D1M8,Ventilador Axial para Churrasqueira Exaustor EXC Ventisol,"R$ 179,00",,BRL,4.2,148,https://www.amazon.com.br/dp/B0B8F3D1M8,https://m.media-amazon.com/images/I/71cKO2680UL._AC_UY654_FMwebp_QL65_.jpg,10,"R$ 139,90",False,False,False,False,Mais de 50 compras no mês passado,"Entrega GRÁTIS: dom., 20 de jul.",False,,,Energia elétrica,,,
B0BNYSVV3J,SENSOR INTELIGENTE DE TEMPERATURA E UMIDADE TP-LINK TAPO T315 BRANCO,"R$ 189,99",,BRL,4.6,974,https://www.amazon.com.br/dp/B0BNYSVV3J,https://m.media-amazon.com/images/I/51HyMY+qdpL._AC_UY654_FMwebp_QL65_.jpg,1,"R$ 189,99",False,False,False,False,Mais de 50 compras no mês passado,"Entrega GRÁTIS: seg., 21 de jul.",False,,,,,,
B0F2N41TBQ,"Luz de LED, Luminaria Led Sem Fio Recarregavel de Parede, Barra de Led","R$ 149,99",,BRL,4.7,4,https://www.amazon.com.br/dp/B0F2N41TBQ,https://m.media-amazon.com/images/I/515eD2wrmEL._AC_UY654_FMwebp_QL65_.jpg,2,"R$ 139,90",False,False,False,False,Mais de 30 compras no mês passado,"Entrega GRÁTIS: sáb., 19 de jul.",False,,,,,,
B0F46779XV,Tampa de Vaso Assento Almofadado Retangular Para Bacia Aspen Deca 1.6gpf 6.0lpf (Cinza Claro),"R$ 105,99",,BRL,4.6,6,https://www.amazon.com.br/dp/B0F46779XV,https://m.media-amazon.com/images/I/61hG4cUDBkL._AC_UY654_FMwebp_QL65_.jpg,1,"R$ 105,99",False,False,False,False,,"Entrega GRÁTIS: seg., 21 de jul.",False,,,,,,
B0DJCGB54C,Extensão Eletrica 30 Metros Reforçada 10/20a Profissional,"R$ 101,90",,BRL,4.1,20,https://www.amazon.com.br/dp/B0DJCGB54C,https://m.media-amazon.com/images/I/61OYWM-b-CL._AC_UY654_FMwebp_QL65_.jpg,1,"R$ 101,90",False,False,False,False,,"Entrega GRÁTIS: seg., 21 de jul.",False,,,,,,
B0DY7XJRRP,"Dome Bege Base Redonda Cobre, Luminária de Mesa LED Recarregável, Abajur Touch Portátil sem Fio, Luminárias de Cabeceira com Dimmer Contínuo","R$ 152,90","R$ 179,90",BRL,4.3,4,https://www.amazon.com.br/dp/B0DY7XJRRP,https://m.media-amazon.com/images/I/61hx-ouF0FL._AC_UY654_FMwebp_QL65_.jpg,1,"R$ 152,90",False,False,True,False,Mais de 20 compras no mês passado,,False,,Com Prime,,,,
B0D5KDHSHJ,Relógio de Ponto Biométrico Digital Eletrônico Máquina Para Empresa Com Conexão USB Confirmação Sonora E Visual Impressão Digital Para Registro De Pontos Não Requer Instalação de Software,"R$ 239,90",,BRL,4.5,2,https://www.amazon.com.br/dp/B0D5KDHSHJ,https://m.media-amazon.com/images/I/81K0JZW9DpL._AC_UY654_FMwebp_QL65_.jpg,1,"R$ 239,90",False,False,False,False,,"Entrega GRÁTIS: qua., 16 de jul.",False,,,,,,
B0DY7XJRRP,"Dome Bege Base Redonda Cobre, Luminária de Mesa LED Recarregável, Abajur Touch Portátil sem Fio, Luminárias de Cabeceira com Dimmer Contínuo","R$ 152,90","R$ 179,90",BRL,4.3,4,https://www.amazon.com.br/dp/B0DY7XJRRP,https://m.media-amazon.com/images/I/61hx-ouF0FL._AC_UY654_FMwebp_QL65_.jpg,1,"R$ 152,90",False,False,True,False,Mais de 20 compras no mês passado,,False,,Com Prime,,,,
B0D5KDHSHJ,Relógio de Ponto Biométrico Digital Eletrônico Máquina Para Empresa Com Conexão USB Confirmação Sonora E Visual Impressão Digital Para Registro De Pontos Não Requer Instalação de Software,"R$ 239,90",,BRL,4.5,2,https://www.amazon.com.br/dp/B0D5KDHSHJ,https://m.media-amazon.com/images/I/81K0JZW9DpL._AC_UY654_FMwebp_QL65_.jpg,1,"R$ 239,90",False,False,False,False,,"Entrega GRÁTIS: qua., 16 de jul.",False,,,,,,
B0DYVQ8JFF,"Parafusadeira Furadeira a Bateria 21V com Empunhadura Emborrachada, Bateria Recarregável e Carregador Bivolt","R$ 103,00",,BRL,4.4,37,https://www.amazon.com.br/dp/B0DYVQ8JFF,https://m.media-amazon.com/images/I/612A31t167L._AC_UY654_FMwebp_QL65_.jpg,1,"R$ 103,00",False,False,False,True,Mais de 50 compras no mês passado,"Entrega R$ 26,29: 23 - 25 de jul.Ou entrega mais rápida: 17 - 18 de jul.",False,,,,,,
B0DTP9BRKK,Trava Porta Fixador Magnético Dupla Face Parafuso Prendedor Pequeno (8),"R$ 248,00",,BRL,4.4,19,https://www.amazon.com.br/dp/B0DTP9BRKK,https://m.media-amazon.com/images/I/51Uli0R1AAL._AC_UY654_FMwebp_QL65_.jpg,1,"R$ 248,00",False,False,False,False,,"Entrega GRÁTIS: seg., 21 de jul.",False,,,,,,
B0FBGJKNWP,"Câmera de Segurança Wi-Fi Externa 4K com Dupla Lente e Tela Dividida, Visão Noturna Infravermelha, Sirene, Luz de Alerta, IP66 à Prova d’Água e Poeira – Vigilância 24h para Ambientes Externos","R$ 209,99",,BRL,5,1,https://www.amazon.com.br/dp/B0FBGJKNWP,https://m.media-amazon.com/images/I/71z1biXPHRL._AC_UY654_FMwebp_QL65_.jpg,1,"R$ 209,99",False,False,False,False,,"Entrega GRÁTIS: qua., 16 de jul.",False,,,,,,
B09MWKHVZD,Manta Asfáltica Fita Auto Adesiva Aluminizada - 60cm X 10m,"R$ 102,80","R$ 109,83",BRL,4.7,264,https://www.amazon.com.br/dp/B09MWKHVZD,https://m.media-amazon.com/images/I/611Pov111EL._AC_UY654_FMwebp_QL65_.jpg,11,"R$ 99,99",False,False,False,False,Mais de 50 compras no mês passado,"Entrega GRÁTIS: sáb., 19 de jul.",False,,,,,,
B0DP9HCBXM,YESOP Torneira Cozinha Gourmet Misturador Monocomando Aço Inoxidáv,"R$ 220,99","R$ 259,99",BRL,4.5,42,https://www.amazon.com.br/dp/B0DP9HCBXM,https://m.media-amazon.com/images/I/61kiLR5hwSL._AC_UY654_FMwebp_QL65_.jpg,1,"R$ 220,99",False,False,True,False,Mais de 50 compras no mês passado,,True,,Com Prime,,,,
B0FCCN6D52,BASES de MESA Estilo INDUSTRIAL Modelo T 75x60cm Kit c/2un (Cobre),"R$ 259,73",,BRL,4.3,51,https://www.amazon.com.br/dp/B0FCCN6D52,https://m.media-amazon.com/images/I/71TLqVzOmuL._AC_UY654_FMwebp_QL65_.jpg,1,"R$ 259,73",False,False,False,False,,"Entrega GRÁTIS: sex., 1 de ago.",False,,,,,,
B08D7RRBD2,Vonder Decibelímetro Digital Ddv 130,"R$ 154,81","R$ 167,44",BRL,4.5,106,https://www.amazon.com.br/dp/B08D7RRBD2,https://m.media-amazon.com/images/I/71lb4MZJshL._AC_UY654_FMwebp_QL65_.jpg,1,"R$ 154,81",False,False,False,False,Mais de 30 compras no mês passado,"Entrega GRÁTIS: Amanhã, 14 de jul.Ou entrega mais rápida: Hoje",False,,,,,,
B0F8ZXGVZ5,"Camera de Segurança Wifi Ultra HD, Câmera de Vigilância e Segurança, Camera Ip Wifi Yoosee Externa Infravermelho Visão Noturna, IP66 à Prova d&#x27;água e à Prova de Poeira, Chamada de Voz Bidirecional","R$ 159,90",,BRL,4,3,https://www.amazon.com.br/dp/B0F8ZXGVZ5,https://m.media-amazon.com/images/I/61d6ZOLWkEL._AC_UY654_FMwebp_QL65_.jpg,1,"R$ 159,90",False,False,False,False,,"Entrega GRÁTIS: qua., 16 de jul.",False,"Economize R$ 10,00 com o cupom",,,,,
B0DK7L64T3,Câmera de segurança IP WiFi Full HD YOOSEE 9697 – 2 lentes com visão noturna e microfone – Câmera de segurança Wi-Fi externa – Ideal para vigilância e segurança residencial,"R$ 142,90",,BRL,4,36,https://www.amazon.com.br/dp/B0DK7L64T3,https://m.media-amazon.com/images/I/41RACGhXbfL._AC_UY654_FMwebp_QL65_.jpg,1,"R$ 142,90",False,False,False,False,Mais de 50 compras no mês passado,"Entrega GRÁTIS: dom., 20 de jul.",False,,,,,,
B0FBM99T9F,"Furadeira e Parafusadeira de Impacto Sem Fio 21V, Kit Parafusadeira Eletrica Com 2 Baterias de 2,0Ah, iluminação LED, Ajuste de 25 Velocidades, Reparos Domésticos, Projetos de Bricolagem","R$ 249,90","R$ 299,90",BRL,,0,https://www.amazon.com.br/dp/B0FBM99T9F,https://m.media-amazon.com/images/I/71hbbjYhCIL._AC_UY654_FMwebp_QL65_.jpg,1,"R$ 249,90",False,False,False,False,,"Entrega GRÁTIS: sáb., 19 de jul.",False,"Economize R$ 20,00 com o cupom",,,,,
B0DK41VFB3,"Redutor de Assento Troninho Desfralde com Escada, Ergonômico, Resistente azul","R$ 119,99",,BRL,4.7,44,https://www.amazon.com.br/dp/B0DK41VFB3,https://m.media-amazon.com/images/I/419BRBcRF5L._AC_UY654_FMwebp_QL65_.jpg,1,"R$ 119,99",False,False,False,False,,"Entrega GRÁTIS: sáb., 19 de jul.",False,,,,,,
B076M938Z3,Enrolador De Mangueira 1/2&quot; Até 55m- Tramontina,"R$ 113,99","R$ 148,66",BRL,4.6,2524,https://www.amazon.com.br/dp/B076M938Z3,https://m.media-amazon.com/images/I/51arjxYFY9L._AC_UY654_FMwebp_QL65_.jpg,1,"R$ 113,99",False,False,True,False,Mais de 300 compras no mês passado,,False,,Oferta Prime Day,,,,
B0DK68KSYH,"30 PLACAS DE ISOPOR ANTICHAMAS COM 20 MM (2 CM) DE ESPESSURA PARA FORRO, PAREDE, ISOLAMENTO ACÚSTICO 100x50x2CM","R$ 189,90",,BRL,4.4,18,https://www.amazon.com.br/dp/B0DK68KSYH,https://m.media-amazon.com/images/I/51BY41UiHgL._AC_UY654_FMwebp_QL65_.jpg,1,"R$ 189,90",False,False,False,False,,Entrega GRÁTIS: 24 - 31 de jul.,False,,,,,,
B0DWSMVDDZ,"Purificadores de Ar Para Quarto, Filtro de Ar, Silencioso Com Luz Noturna, Pequeno Portátil Para Casa, Escritório, Sala De Estar","R$ 355,00",,BRL,4,14,https://www.amazon.com.br/dp/B0DWSMVDDZ,https://m.media-amazon.com/images/I/614gH0gYh0L._AC_UY654_FMwebp_QL65_.jpg,1,"R$ 355,00",False,False,False,False,Mais de 50 compras no mês passado,"Entrega GRÁTIS: qua., 16 de jul.",False,Economize 10% com o cupom,,,,,
B0DK68KSYH,"30 PLACAS DE ISOPOR ANTICHAMAS COM 20 MM (2 CM) DE ESPESSURA PARA FORRO, PAREDE, ISOLAMENTO ACÚSTICO 100x50x2CM","R$ 189,90",,BRL,4.4,18,https://www.amazon.com.br/dp/B0DK68KSYH,https://m.media-amazon.com/images/I/51BY41UiHgL._AC_UY654_FMwebp_QL65_.jpg,1,"R$ 189,90",False,False,False,False,,Entrega GRÁTIS: 24 - 31 de jul.,False,,,,,,
B0DWSMVDDZ,"Purificadores de Ar Para Quarto, Filtro de Ar, Silencioso Com Luz Noturna, Pequeno Portátil Para Casa, Escritório, Sala De Estar","R$ 355,00",,BRL,4,14,https://www.amazon.com.br/dp/B0DWSMVDDZ,https://m.media-amazon.com/images/I/614gH0gYh0L._AC_UY654_FMwebp_QL65_.jpg,1,"R$ 355,00",False,False,False,False,Mais de 50 compras no mês passado,"Entrega GRÁTIS: qua., 16 de jul.",False,Economize 10% com o cupom,,,,,
B0CYHTS96L,"Klein Tools Alicate de travamento de mandíbula curva 38602 com alças de liberação rápida, botão de polegar intuitivo, alto torque e potência de aderência, 25 cm","R$ 185,15",,BRL,4.9,78,https://www.amazon.com.br/dp/B0CYHTS96L,https://m.media-amazon.com/images/I/51zWXlBBgWL._AC_UY654_FMwebp_QL65_.jpg,1,"R$ 185,15",False,False,False,False,Mais de 30 compras no mês passado,"Entrega R$ 8,90: ter., 5 de ago.",False,,,,,,
B0F8VWMV9Q,"Camera de Segurança Wifi com 2.8&quot; Monitor, Câmera de Bebê Eletrônica, Áudio Bidirecional, Noturna cores completas Zoom Digital 4X, Armazenamento em Nuvem/TF, Câmera Ip Icsee","R$ 179,90",,BRL,3,6,https://www.amazon.com.br/dp/B0F8VWMV9Q,https://m.media-amazon.com/images/I/71pAr1uPM8L._AC_UY654_FMwebp_QL65_.jpg,1,"R$ 179,90",False,False,False,False,,"Entrega GRÁTIS: qua., 16 de jul.",False,Economize 10% com o cupom,,,,,
B0DG491596,CAMERA DE SEGURANCA 360º WI-FI 1080P TAPO TC70 NACIONAL,"R$ 171,90","R$ 189,99",BRL,4.7,176,https://www.amazon.com.br/dp/B0DG491596,https://m.media-amazon.com/images/I/41Qc8FjOz5L._AC_UY654_FMwebp_QL65_.jpg,1,"R$ 171,90",False,False,False,False,Mais de 100 compras no mês passado,"Entrega GRÁTIS: qua., 16 de jul.",False,,Economize 9%,,,,
B0B574HDHM,Câmera de Segurança EZVIZ C1C (Wi-Fi/Full HD/Visão Noturna 12M / Audio Bidirecional/Ambiente Interno) Branca,"R$ 227,00",,BRL,4.5,92,https://www.amazon.com.br/dp/B0B574HDHM,https://m.media-amazon.com/images/I/4183gLKteML._AC_UY654_FMwebp_QL65_.jpg,8,"R$ 203,86",False,False,False,False,,"Entrega GRÁTIS: dom., 20 de jul.",False,,,,,,
B0CPGR4PXN,"Ventilador de Mesa Arno X-TREME 7 40cm VE70, 150W, 7 Pás, 3 Velocidades, Oscilação 80º, Power Zone, Modo Sono Tranquilo, 110V","R$ 214,91","R$ 254,44",BRL,4.7,659,https://www.amazon.com.br/dp/B0CPGR4PXN,https://m.media-amazon.com/images/I/61+Pw3EOa6L._AC_UY654_FMwebp_QL65_.jpg,1,"R$ 214,91",False,False,False,False,Mais de 200 compras no mês passado,"Entrega GRÁTIS: qui., 31 de jul.",False,,,Energia elétrica,,,
B0DZNZPRMB,"Câmera de Segurança Wi-Fi Externa HD 4MP, Câmera de Visão Noturna Infravermelha Controle Wi-Fi, Rotação 355°/90°, Dupla Lente, Alarme Inteligente, Armazenamento em Nuvem/TF","R$ 178,20","R$ 239,89",BRL,4.6,23,https://www.amazon.com.br/dp/B0DZNZPRMB,https://m.media-amazon.com/images/I/51sRpcrFoKL._AC_UY654_FMwebp_QL65_.jpg,1,"R$ 178,20",False,False,False,False,Mais de 50 compras no mês passado,"Entrega GRÁTIS: qua., 16 de jul.",False,,Oferta,,,,
B09N45QD3T,BANCADA DE TRABALHO PORTATIL 605X635X750 MM//SPARTA,"R$ 170,60","R$ 165,44",BRL,4.6,171,https://www.amazon.com.br/dp/B09N45QD3T,https://m.media-amazon.com/images/I/61l+5f3OgML._AC_UY654_FMwebp_QL65_.jpg,8,"R$ 165,44",False,False,False,False,Mais de 100 compras no mês passado,Entrega GRÁTIS: 20 - 21 de jul.,False,,,,,,"[{'asin': 'B09N45QD3T', 'format': 'Outra forma de comprar'}, {'asin': 'B09N45QD3T', 'format': 'R$ 14890R$148,90 R$ 165,44R$165,44à vista no Pix ou em até 5x de R$ 33,12R$33,12 sem juros Entrega GRÁTIS: qua., 6 de ago.'}]"
B0DQLSN17L,Kit 4 Grampos Sargentos Para Marceneiro 12pol. 300mm Tipo F Cabo de Madeira Carpiteiro Niquelado Aço,"R$ 108,50",,BRL,4,19,https://www.amazon.com.br/dp/B0DQLSN17L,https://m.media-amazon.com/images/I/51irS-kpqPL._AC_UY654_FMwebp_QL65_.jpg,1,"R$ 108,50",False,False,False,False,,"Entrega GRÁTIS: qua., 16 de jul.",False,,,,,,
B0DQM2N48N,"Chuveiro Ducha Quadrada com Chuveirinho e Desviador, Preto Fosco","R$ 149,00",,BRL,4.6,3,https://www.amazon.com.br/dp/B0DQM2N48N,https://m.media-amazon.com/images/I/21FZHCvFHNL._AC_UY436_FMwebp_QL65_.jpg,1,"R$ 149,00",False,False,False,False,,"Entrega GRÁTIS: dom., 20 de jul.",False,,,,,,
B0CGLMRLLD,"SKIL Chave de fenda Twist 2.0 recarregável de 4 V com cabeça giratória, configuração de torque, cabo de carregamento USB-C e conjunto de 2 bits SD5619-01","R$ 233,68",,BRL,4.4,955,https://www.amazon.com.br/dp/B0CGLMRLLD,https://m.media-amazon.com/images/I/51oTY1Pqn4L._AC_UY654_FMwebp_QL65_.jpg,1,"R$ 233,68",False,False,False,False,,"Entrega R$ 8,90: ter., 5 de ago.",False,,,,,,
B0F8431KVJ,Lustre Decorativo 6 Lâmpadas E27 com Galhos Longos - Design Moderno para Sala de Estar Amplas e Ambientes Criativos,"R$ 127,49","R$ 149,99",BRL,3.7,9,https://www.amazon.com.br/dp/B0F8431KVJ,https://m.media-amazon.com/images/I/41cKPfkumQL._AC_UY654_FMwebp_QL65_.jpg,1,"R$ 127,49",False,False,True,False,,,True,,Com Prime,,,,
B0D2JGJBRS,"Mini Parafusadeira Elétrica Recarregável, Caneta Compacta de Precisão, Kit de Ferramentas Chave de Elétrica de Precisão 68 em 1, 64 Bits e 4 Acessórios, Multitarefas, para Manutenções Diversas","R$ 159,90",,BRL,4.7,71,https://www.amazon.com.br/dp/B0D2JGJBRS,https://m.media-amazon.com/images/I/51746aVc8fL._AC_UY654_FMwebp_QL65_.jpg,2,"R$ 149,90",False,False,False,True,Mais de 50 compras no mês passado,"Entrega GRÁTIS: sáb., 19 de jul.",False,,,,,,
B0DQP4J8KZ,"Cadeado U-Lock, Cadeado Bicicleta, Bike U Lock, Cadeado para Bicicleta, Cadeado Bike, Tranca de Bicicleta, Cadeado para Moto Cabo de Bicicleta Flexível de 1,2m e Suporte de Montagem Resistente","R$ 169,99",,BRL,4.6,9,https://www.amazon.com.br/dp/B0DQP4J8KZ,https://m.media-amazon.com/images/I/510NKVb8XRL._AC_UY654_FMwebp_QL65_.jpg,1,"R$ 169,99",False,False,False,False,,"Entrega GRÁTIS: qua., 16 de jul.",False,Economize 5% com o cupom,,,,,
B0BT4X3MJR,"WAP Ventilador de Coluna 50cm FLOW TURBO, com Tecnologia Silenciosa e Econômica, 8 Pás e 3 Velocidades, 180W 127V","R$ 195,00",,BRL,4.4,2491,https://www.amazon.com.br/dp/B0BT4X3MJR,https://m.media-amazon.com/images/I/71orDpb9gXL._AC_UY654_FMwebp_QL65_.jpg,1,"R$ 195,00",False,False,False,False,Mais de 1 mil compras no mês passado,"Entrega GRÁTIS: qui., 24 de jul.",False,,,Energia elétrica,,,
B0DQP4J8KZ,"Cadeado U-Lock, Cadeado Bicicleta, Bike U Lock, Cadeado para Bicicleta, Cadeado Bike, Tranca de Bicicleta, Cadeado para Moto Cabo de Bicicleta Flexível de 1,2m e Suporte de Montagem Resistente","R$ 169,99",,BRL,4.6,9,https://www.amazon.com.br/dp/B0DQP4J8KZ,https://m.media-amazon.com/images/I/510NKVb8XRL._AC_UY654_FMwebp_QL65_.jpg,1,"R$ 169,99",False,False,False,False,,"Entrega GRÁTIS: qua., 16 de jul.",False,Economize 5% com o cupom,,,,,
B0BT4X3MJR,"WAP Ventilador de Coluna 50cm FLOW TURBO, com Tecnologia Silenciosa e Econômica, 8 Pás e 3 Velocidades, 180W 127V","R$ 195,00",,BRL,4.4,2491,https://www.amazon.com.br/dp/B0BT4X3MJR,https://m.media-amazon.com/images/I/71orDpb9gXL._AC_UY654_FMwebp_QL65_.jpg,1,"R$ 195,00",False,False,False,False,Mais de 1 mil compras no mês passado,"Entrega GRÁTIS: qui., 24 de jul.",False,,,Energia elétrica,,,
B0DGGWPDBS,Climatizador Philco 4 em 1 PCL05A 3 Velocidades Função Timer 127V,"R$ 278,00","R$ 328,00",BRL,4.6,5,https://www.amazon.com.br/dp/B0DGGWPDBS,https://m.media-amazon.com/images/I/51eXA0LKVxL._AC_UY654_FMwebp_QL65_.jpg,1,"R$ 278,00",False,False,True,False,Mais de 50 compras no mês passado,,False,,Oferta Prime Day,,,,
B0FDP7X59K,"Kit com 2 Câmeras de Segurança IP Lâmpada WiFi Full HD 1080p, Prova D&#x27;água, Giratória e com Visão Noturna Infravermelha 1080p, 360°, Bivolt, Detecção de Movimento, Áudio Bidirecional - Premium","R$ 119,99",,BRL,,0,https://www.amazon.com.br/dp/B0FDP7X59K,https://m.media-amazon.com/images/I/5144RRLSuVL._AC_UY654_FMwebp_QL65_.jpg,1,"R$ 119,99",False,False,False,False,,"Entrega GRÁTIS: qua., 16 de jul.",False,,,,,,
B0D9YDZSB5,YESOP Torneira Para Banheiro Pia Monocomando Misturador Lavatorio Alto Cromada,"R$ 217,55","R$ 259,00",BRL,4.4,51,https://www.amazon.com.br/dp/B0D9YDZSB5,https://m.media-amazon.com/images/I/51yaKg6cX6L._AC_UY654_FMwebp_QL65_.jpg,1,"R$ 217,55",False,False,True,False,,,True,,Com Prime,,,,
B08XQWLDKP,"Furadeira Parafusadeira Bosch GSR 1000 Smart, Com Acessórios, 12 Volts","R$ 279,90","R$ 340,32",BRL,4.8,7383,https://www.amazon.com.br/dp/B08XQWLDKP,https://m.media-amazon.com/images/I/61nXSgxFHeL._AC_UY654_FMwebp_QL65_.jpg,1,"R$ 279,90",False,False,False,False,Mais de 1 mil compras no mês passado,"Entrega GRÁTIS: Amanhã, 14 de jul.Ou entrega mais rápida: Hoje",False,,,,,,
B07JKR48ZS,Bomba D&#x27;Água Periferica 1/2HP BP500 Intech Machine (220V),"R$ 148,90","R$ 165,44",BRL,4.6,625,https://www.amazon.com.br/dp/B07JKR48ZS,https://m.media-amazon.com/images/I/51lVCW-mZJL._AC_UY654_FMwebp_QL65_.jpg,21,"R$ 140,62",False,False,False,False,Mais de 200 compras no mês passado,"Entrega GRÁTIS: qua., 16 de jul.",False,,,,,,
B076JHQHMD,"Refil de Purificação Compacta Gioviale, Lorenzetti, 7411119, Pequeno","R$ 128,99","R$ 136,92",BRL,4.8,1479,https://www.amazon.com.br/dp/B076JHQHMD,https://m.media-amazon.com/images/I/41y2l21u8GL._AC_UY654_FMwebp_QL65_.jpg,30,"R$ 136,37",False,False,False,False,Mais de 100 compras no mês passado,"Entrega GRÁTIS: Amanhã, 14 de jul.Ou entrega mais rápida: Hoje",False,,,,,,
B0DB7KNX7N,YESOP Torneira Cozinha Gourmet Monocomando Extensível Escovado 50 cm,"R$ 299,99","R$ 339,99",BRL,4.9,28,https://www.amazon.com.br/dp/B0DB7KNX7N,https://m.media-amazon.com/images/I/51BWr3bkwaL._AC_UY654_FMwebp_QL65_.jpg,1,"R$ 299,99",False,False,False,False,,"Entrega GRÁTIS: qua., 16 de jul.",True,,Economize 11%,,,,
B0F3X7CRBM,"Câmera IP Sem Fio de Segurança Externa HD 1080p, Câmera Doméstica Inteligente de Visão Noturna Infravermelha Sem Fio, IP66 à Prova d&#x27;água e à Prova de Poeira, Chamada de Voz Bidirecional","R$ 107,90","R$ 149,00",BRL,3,2,https://www.amazon.com.br/dp/B0F3X7CRBM,https://m.media-amazon.com/images/I/51UdcBcqi0L._AC_UY654_FMwebp_QL65_.jpg,1,"R$ 107,90",False,False,False,False,,"Entrega R$ 28,47: 23 - 25 de jul.",False,,,,,,
B0DXLDZRDH,"Camera de Segurança wifi Externa TP-Link Tapo C500, Color Night Vision(New), 1080p Full HD, 360° de Alcance, Visão Noturna, a prova d´água IP65, Áudio de Duas Vias, Compatível com Alexa, 512G","R$ 299,90",,BRL,4.6,99,https://www.amazon.com.br/dp/B0DXLDZRDH,https://m.media-amazon.com/images/I/41ThE8NNTSL._AC_UY654_FMwebp_QL65_.jpg,3,"R$ 294,90",False,False,False,False,Mais de 100 compras no mês passado,"Entrega GRÁTIS: qua., 16 de jul.",False,,,,,,
B0777R62G6,Level Black Pinador Pneumático Para Pinos De 10-50 Mm Mtx,"R$ 179,91","R$ 199,88",BRL,4.7,352,https://www.amazon.com.br/dp/B0777R62G6,https://m.media-amazon.com/images/I/71paPeLk21L._AC_UY654_FMwebp_QL65_.jpg,10,"R$ 194,90",False,False,False,False,Mais de 40 compras no mês passado,"Entrega GRÁTIS: qua., 16 de jul.",False,,,,,,
B08KD6BZ79,"Babá Eletronica Câmera Sem Fio Visão Noturna Lcd Digital,Branco","R$ 272,90",,BRL,4.6,2211,https://www.amazon.com.br/dp/B08KD6BZ79,https://m.media-amazon.com/images/I/611V96KsmNL._AC_UY654_FMwebp_QL65_.jpg,9,"R$ 256,00",False,False,False,False,Mais de 1 mil compras no mês passado,"Entrega GRÁTIS: dom., 20 de jul.",False,,,,,,
B0DXKW6F5M,"Roowest 100 peças de leque de plástico africano, redondo, ventiladores portáteis africanos, 5 estilos, em formato redondo, para mulheres, verão, casamento, aniversário, presentes africanos, artigos de","R$ 239,79",,BRL,5,6,https://www.amazon.com.br/dp/B0DXKW6F5M,https://m.media-amazon.com/images/I/91LIYXsCyKL._AC_UY654_FMwebp_QL65_.jpg,1,"R$ 239,79",False,False,False,False,,"Entrega R$ 8,90: ter., 5 de ago.",False,,,,,,
B09Q3JWYB9,Câmera de Vídeo Inteligente Wi-Fi iM4 C Branco Intelbras + MicroSD 32GB,"R$ 342,46","R$ 351,00",BRL,4.7,3780,https://www.amazon.com.br/dp/B09Q3JWYB9,https://m.media-amazon.com/images/I/41R+nGW2+JL._AC_UY654_FMwebp_QL65_.jpg,1,"R$ 342,46",False,False,False,False,Mais de 50 compras no mês passado,"Entrega GRÁTIS: Amanhã, 14 de jul.Ou entrega mais rápida: Hoje",False,,,,,,
B0DKT43F3X,"Lustre Pendente LED Two Butterflies, Luminária Pendente Ouro Com Temperatura Tricolor, 3000K-6000K","R$ 145,79","R$ 179,99",BRL,5,15,https://www.amazon.com.br/dp/B0DKT43F3X,https://m.media-amazon.com/images/I/515AEjkOUYL._AC_UY654_FMwebp_QL65_.jpg,1,"R$ 145,79",False,False,False,False,Mais de 50 compras no mês passado,"Entrega GRÁTIS: qua., 16 de jul.",False,,Economize 19%,,,,
B09Q3JWYB9,Câmera de Vídeo Inteligente Wi-Fi iM4 C Branco Intelbras + MicroSD 32GB,"R$ 342,46","R$ 351,00",BRL,4.7,3780,https://www.amazon.com.br/dp/B09Q3JWYB9,https://m.media-amazon.com/images/I/41R+nGW2+JL._AC_UY654_FMwebp_QL65_.jpg,1,"R$ 342,46",False,False,False,False,Mais de 50 compras no mês passado,"Entrega GRÁTIS: Amanhã, 14 de jul.Ou entrega mais rápida: Hoje",False,,,,,,
B0DKT43F3X,"Lustre Pendente LED Two Butterflies, Luminária Pendente Ouro Com Temperatura Tricolor, 3000K-6000K","R$ 145,79","R$ 179,99",BRL,5,15,https://www.amazon.com.br/dp/B0DKT43F3X,https://m.media-amazon.com/images/I/515AEjkOUYL._AC_UY654_FMwebp_QL65_.jpg,1,"R$ 145,79",False,False,False,False,Mais de 50 compras no mês passado,"Entrega GRÁTIS: qua., 16 de jul.",False,,Economize 19%,,,,
B0D1DQBN4H,Controle Universal Ir Sensor Temperatura Umidade Wifi Tuya,"R$ 166,90",,BRL,4,44,https://www.amazon.com.br/dp/B0D1DQBN4H,https://m.media-amazon.com/images/I/51exFdhJCAL._AC_UY654_FMwebp_QL65_.jpg,9,"R$ 139,90",False,False,False,False,,"Entrega GRÁTIS: dom., 20 de jul.",False,,,,,,
B0F32VZFBY,Zagonel Ducha Eletrônica Optima 7700W 220V Branco,"R$ 189,90",,BRL,4.6,6,https://www.amazon.com.br/dp/B0F32VZFBY,https://m.media-amazon.com/images/I/7160JPmzwGL._AC_UY654_FMwebp_QL65_.jpg,11,"R$ 129,90",False,False,False,False,,"Entrega GRÁTIS: ter., 22 de jul.",False,,,,,,
B0DZP2XKRV,"Chave Catraca, Jogo de Chaves, Kit Chave Catraca, Kit Chaves, Jogo de Soquete, Jogo de Chave Catraca, Kits de Ferramentas Manuais, 94pcs","R$ 249,99",,BRL,,0,https://www.amazon.com.br/dp/B0DZP2XKRV,https://m.media-amazon.com/images/I/71IVz4QuwiL._AC_UY654_FMwebp_QL65_.jpg,1,"R$ 249,99",False,False,False,False,,"Entrega GRÁTIS: sáb., 19 de jul.",False,"Economize R$ 20,00 com o cupom",,,,,
B08C2F93NW,Leitor Biométrico U 4500 Digital Persona HID,"R$ 399,00",,BRL,4.6,86,https://www.amazon.com.br/dp/B08C2F93NW,https://m.media-amazon.com/images/I/51msT2gj2GL._AC_UY654_FMwebp_QL65_.jpg,6,"R$ 379,00",False,False,False,False,,"Entrega GRÁTIS: seg., 21 de jul.",False,,,,,,
B087MCJJKT,"Kit Rede/Tela De Proteção Preta - 14,35M2","R$ 78,80","R$ 109,90",BRL,4.6,1054,https://www.amazon.com.br/dp/B087MCJJKT,https://m.media-amazon.com/images/I/81sglVUYcQL._AC_UY654_FMwebp_QL65_.jpg,1,"R$ 78,80",False,False,True,False,Mais de 50 compras no mês passado,,False,,Oferta Prime Day,,,,
B0778Y9JLB,Mor - Escada Alumínio 6 Degraus,"R$ 212,90",,BRL,4.8,12457,https://www.amazon.com.br/dp/B0778Y9JLB,https://m.media-amazon.com/images/I/41D6u7S1WUL._AC_UY654_FMwebp_QL65_.jpg,7,"R$ 133,90",False,False,False,False,Mais de 500 compras no mês passado,"Entrega GRÁTIS: ter., 29 de jul.",False,,,Alumínio,,,
B0DXCGGS46,Ventilador de Teto com Lâmpada Led E27 Bivolt 60W Super Silencioso Controle Remoto 3 Opções de Iluminação e Ventilação Selo Energia A,"R$ 119,80",,BRL,4,32,https://www.amazon.com.br/dp/B0DXCGGS46,https://m.media-amazon.com/images/I/518xyS5jTtL._AC_UY654_FMwebp_QL65_.jpg,1,"R$ 119,80",False,False,False,False,,"Entrega GRÁTIS: qua., 16 de jul.",False,Economize 10% com o cupom,,eletrica,,,
B0C38V3STL,"Sunitact Lanterna Led Recarregável, Lanterna Tatica Militar 10000 Lumens XHP70.2 Lanterna a Pilha, USB Lanternas Taticas Super Potentes Led Recarregavel, Ideal para Camping, Pesca e Emergências","R$ 106,38","R$ 119,98",BRL,4.7,4987,https://www.amazon.com.br/dp/B0C38V3STL,https://m.media-amazon.com/images/I/71IicxCYOcL._AC_UY654_FMwebp_QL65_.jpg,1,"R$ 106,38",False,False,True,False,Mais de 300 compras no mês passado,,False,,Com Prime,,,,
B0B72921L4,Ventilador de Mesa Repelente Líquido Desmontável Arno Xtreme Force Breeze 40cm VB55 127V,"R$ 310,00",,BRL,4.5,254,https://www.amazon.com.br/dp/B0B72921L4,https://m.media-amazon.com/images/I/71E2FD1BvhL._AC_UY654_FMwebp_QL65_.jpg,1,"R$ 310,00",False,False,False,False,,"Entrega GRÁTIS: qua., 30 de jul.",False,,,Energia elétrica,,,
B0BVGGYH8V,PAINEL LED FRAMELESS TASCHIBRA SOBREPOR 48W QUADRADO 6500K,"R$ 124,42",,BRL,4.9,26,https://www.amazon.com.br/dp/B0BVGGYH8V,https://m.media-amazon.com/images/I/21fqyATeiaL._AC_UY654_FMwebp_QL65_.jpg,1,"R$ 124,42",False,False,False,False,,"Entrega GRÁTIS: qua., 16 de jul.",False,,,,,,
B0CYPPS4VG,"Câmera IP Sem Fio de Segurança Externa HD 3MP, Câmera de Visão Noturna Infravermelha WiFi, Dupla Lente Grande Angular, IP66 à Prova D&#x27;água e à Prova de Poeira, Chamada de Voz Bidirecional, Preto","R$ 179,99",,BRL,4.5,2448,https://www.amazon.com.br/dp/B0CYPPS4VG,https://m.media-amazon.com/images/I/617WtAfloXL._AC_UY654_FMwebp_QL65_.jpg,1,"R$ 179,99",False,False,False,True,Mais de 300 compras no mês passado,"Entrega GRÁTIS: qua., 16 de jul.",False,,,,,,
B0BQJVKVQR,"Camera de Segurança wifi Externa TP-Link Tapo C500, 1080p Full HD, 360° de Alcance, Visão Noturna, a prova d´água IP65, Áudio de Duas Vias, Compatível com Alexa, 512G de Armazenamento Local","R$ 292,37",,BRL,4.6,12864,https://www.amazon.com.br/dp/B0BQJVKVQR,https://m.media-amazon.com/images/I/41Tw369Ez1L._AC_UY654_FMwebp_QL65_.jpg,9,"R$ 289,90",False,False,False,True,Mais de 500 compras no mês passado,"Entrega GRÁTIS: Amanhã, 14 de jul.Ou entrega mais rápida: Hoje",False,,,,,,
B0DGGVB13Q,Climatizador Britânia 4 em 1 Autonomia de 26h BCL05A 127V,"R$ 303,90","R$ 361,39",BRL,4.2,63,https://www.amazon.com.br/dp/B0DGGVB13Q,https://m.media-amazon.com/images/I/61x65w6KtfL._AC_UY654_FMwebp_QL65_.jpg,16,"R$ 231,31",False,False,False,False,Mais de 100 compras no mês passado,"Entrega GRÁTIS: qui., 24 de jul.",False,,,,,,
B0F6JV7S9K,"Ventilador de Mão Portatil Recarregavel, Display Digital LED Mini Turbofan, 12 Horas Silencioso Potente, Adequado para Casa, Viagens e Escritório Durante o Verão, Branco","R$ 99,99","R$ 150,00",BRL,4.1,8,https://www.amazon.com.br/dp/B0F6JV7S9K,https://m.media-amazon.com/images/I/61VyAkDtWBL._AC_UY654_FMwebp_QL65_.jpg,1,"R$ 99,99",False,False,True,False,Mais de 30 compras no mês passado,,False,"Economize R$ 10,00 com o cupom",Com Prime,Alimentado por bateria,,,
B0BQJVKVQR,"Camera de Segurança wifi Externa TP-Link Tapo C500, 1080p Full HD, 360° de Alcance, Visão Noturna, a prova d´água IP65, Áudio de Duas Vias, Compatível com Alexa, 512G de Armazenamento Local","R$ 292,37",,BRL,4.6,12864,https://www.amazon.com.br/dp/B0BQJVKVQR,https://m.media-amazon.com/images/I/41Tw369Ez1L._AC_UY654_FMwebp_QL65_.jpg,9,"R$ 289,90",False,False,False,True,Mais de 500 compras no mês passado,"Entrega GRÁTIS: Amanhã, 14 de jul.Ou entrega mais rápida: Hoje",False,,,,,,
B0DGGVB13Q,Climatizador Britânia 4 em 1 Autonomia de 26h BCL05A 127V,"R$ 303,90","R$ 361,39",BRL,4.2,63,https://www.amazon.com.br/dp/B0DGGVB13Q,https://m.media-amazon.com/images/I/61x65w6KtfL._AC_UY654_FMwebp_QL65_.jpg,16,"R$ 231,31",False,False,False,False,Mais de 100 compras no mês passado,"Entrega GRÁTIS: qui., 24 de jul.",False,,,,,,
B0F6JV7S9K,"Ventilador de Mão Portatil Recarregavel, Display Digital LED Mini Turbofan, 12 Horas Silencioso Potente, Adequado para Casa, Viagens e Escritório Durante o Verão, Branco","R$ 99,99","R$ 150,00",BRL,4.1,8,https://www.amazon.com.br/dp/B0F6JV7S9K,https://m.media-amazon.com/images/I/61VyAkDtWBL._AC_UY654_FMwebp_QL65_.jpg,1,"R$ 99,99",False,False,True,False,Mais de 30 compras no mês passado,,False,"Economize R$ 10,00 com o cupom",Com Prime,Alimentado por bateria,,,
B0DJCKJFVG,Extensão Eletrica 50 Metros Reforçada 10/20a Profissional,"R$ 131,90",,BRL,3.4,30,https://www.amazon.com.br/dp/B0DJCKJFVG,https://m.media-amazon.com/images/I/61OYWM-b-CL._AC_UY654_FMwebp_QL65_.jpg,1,"R$ 131,90",False,False,False,False,,"Entrega GRÁTIS: seg., 21 de jul.",False,,,,,,
B0FC2SHCW1,"Luminária de Teto Moderna em Alumínio - Duplo Quadrado, 3 Cores de Luz Ajustável, Bivolt, 18-40W para Sala/Quarto/Corredor","R$ 159,89",,BRL,,0,https://www.amazon.com.br/dp/B0FC2SHCW1,https://m.media-amazon.com/images/I/516RTJ8Q0xL._AC_UY654_FMwebp_QL65_.jpg,1,"R$ 159,89",False,False,False,False,,"Entrega GRÁTIS: qua., 16 de jul.",False,,,,,,
B0DTJFZ4HZ,"Furadeira e Parafusadeira de Impacto Sem Fio 21V com LED, 2 Baterias Recarregáveis Bivolt e 32 Acessórios - Maleta Completa para Uso Profissional e Doméstico","R$ 249,90",,BRL,4.3,199,https://www.amazon.com.br/dp/B0DTJFZ4HZ,https://m.media-amazon.com/images/I/61P7lYVJTLL._AC_UY654_FMwebp_QL65_.jpg,1,"R$ 249,90",False,False,False,False,Mais de 200 compras no mês passado,"Entrega GRÁTIS: sáb., 19 de jul.",False,,,,,,
B0DBWMH8WN,Gabinete Banheiro Para Pia De Coluna Com Rodinhas Armario Moderno E Organizador Com 1 Porta Nichos e Rodízios Pequin (Branco),"R$ 229,00","R$ 299,00",BRL,4.4,66,https://www.amazon.com.br/dp/B0DBWMH8WN,https://m.media-amazon.com/images/I/415-MtmqLrL._AC_UY654_FMwebp_QL65_.jpg,1,"R$ 229,00",False,False,False,False,,"Entrega GRÁTIS: dom., 20 de jul.",True,,,,,,
B0CL5C76CL,Ventilador Britânia BVT491 Tecnologia Maxx Force 174W 127V,"R$ 129,00","R$ 179,90",BRL,4.4,374,https://www.amazon.com.br/dp/B0CL5C76CL,https://m.media-amazon.com/images/I/71a2qO50VQL._AC_UY654_FMwebp_QL65_.jpg,1,"R$ 129,00",False,False,True,False,Mais de 500 compras no mês passado,,False,,Oferta Prime Day,Energia elétrica,,,
B0DLKCZ8S8,"Anti-ácaro, Remoção de Poeira Anti-ácaro, Anti-ácaro Portátil, Máquina de Limpeza Anti-ácaro Sem Fio, Super Sucção 8000Pa, Ácaro da Poeira","R$ 189,99",,BRL,3.7,11,https://www.amazon.com.br/dp/B0DLKCZ8S8,https://m.media-amazon.com/images/I/51Dh0l3TqaL._AC_UY654_FMwebp_QL65_.jpg,9,"R$ 166,25",False,False,False,False,Mais de 20 compras no mês passado,"Entrega GRÁTIS: sáb., 19 de jul.",False,Economize 5% com o cupom,,,,,
B0F8R71H93,Botina Bota EPI para trabalho Unissex Com numeração especial numeração do 34 ao 50 - L102PVC Lider com Bico de PVC e solado Duplo (48),"R$ 155,00",,BRL,4.8,6,https://www.amazon.com.br/dp/B0F8R71H93,https://m.media-amazon.com/images/I/51VZgtwq-fL._AC_UY654_FMwebp_QL65_.jpg,13,"R$ 140,00",False,False,False,False,,Entrega R$ 27: 23 - 25 de jul.,False,,,,,,"[{'asin': 'B0F8R71H93', 'format': 'Outra forma de comprar'}, {'asin': 'B0F8R71H93', 'format': 'Preço página do produtoR$ 140,00R$140,00em até 12x de R$ 13,06R$13,06 com juros Entrega R$ 35: 1 - 8 de ago.'}]"
B0CLDWRHSH,"WAP Motoserra Sabre à Bateria 6&quot; K21 S01, com Autonomia de 20 Minutos e Corte Máximo de 10cm, 3600rpm 21V Bivolt","R$ 314,90","R$ 349,88",BRL,4.3,197,https://www.amazon.com.br/dp/B0CLDWRHSH,https://m.media-amazon.com/images/I/61cj1q5xOTL._AC_UY654_FMwebp_QL65_.jpg,1,"R$ 314,90",False,True,False,False,Mais de 200 compras no mês passado,"Entrega GRÁTIS: Amanhã, 14 de jul.Ou entrega mais rápida: Hoje",False,,Escolha,,,,
B0D5J44PG9,Câmera de Vigilância e Segurança Externa Ip A8 Prova Dágua Infravermelho com conexão Wifi,"R$ 119,95",,BRL,4.5,395,https://www.amazon.com.br/dp/B0D5J44PG9,https://m.media-amazon.com/images/I/51PaDC3dLZL._AC_UY654_FMwebp_QL65_.jpg,1,"R$ 119,95",False,False,False,False,Mais de 500 compras no mês passado,"Entrega GRÁTIS: qua., 16 de jul.",False,,,,,,
B0DLRWN926,"Wurdan Luz de Leitura para Livro, 3 Cores e 5 Níveis de Brilho Ajustáveis, Design Ergonômico e Cuidados Oculares, Ângulo de Feixe Estreito, Cinza","R$ 109,99","R$ 124,90",BRL,4.3,15,https://www.amazon.com.br/dp/B0DLRWN926,https://m.media-amazon.com/images/I/51OcAI3bXJL._AC_UY654_FMwebp_QL65_.jpg,10,"R$ 109,00",False,False,False,False,Mais de 30 compras no mês passado,"Entrega GRÁTIS: qui., 31 de jul.",False,,,,,,
B00V8IOPCW,"Tanque de Encaixe em Aço Inox Acetinado 50X40cm, Tramontina, 94400107","R$ 362,96","R$ 436,05",BRL,4.8,1086,https://www.amazon.com.br/dp/B00V8IOPCW,https://m.media-amazon.com/images/I/51EOSiI7S8L._AC_UY654_FMwebp_QL65_.jpg,1,"R$ 362,96",False,False,False,False,Mais de 200 compras no mês passado,"Entrega R$ 25,41: 15 - 26 de ago.",False,,,Aço inoxidável,,,
B0CVYRV24P,"WAP Umidificador de Ar AIR FLOW U2 com Luminária e Difusor de Aromas, 2,3 Litros, Autonomia de até 23 horas, 25W Bivolt","R$ 139,82",,BRL,4.6,3445,https://www.amazon.com.br/dp/B0CVYRV24P,https://m.media-amazon.com/images/I/61RN-7FMxZL._AC_UY654_FMwebp_QL65_.jpg,25,"R$ 118,15",False,False,False,False,Mais de 800 compras no mês passado,"Entrega GRÁTIS: Amanhã, 14 de jul.Ou entrega mais rápida: Hoje",False,,,,,,
B0D85CZRXS,"WAP Aquecedor de Ar Elétrico Portátil AIR HEAT CERAMIC, 3 em 1, com 2 Níveis de Aquecimento e Oscilação, 1500W 220V","R$ 288,00",,BRL,4.5,69,https://www.amazon.com.br/dp/B0D85CZRXS,https://m.media-amazon.com/images/I/81uFv84WFQL._AC_UY654_FMwebp_QL65_.jpg,4,"R$ 280,00",False,False,False,False,Mais de 400 compras no mês passado,"Entrega GRÁTIS: qua., 16 de jul.",False,,,,,,
B0DLRWN926,"Wurdan Luz de Leitura para Livro, 3 Cores e 5 Níveis de Brilho Ajustáveis, Design Ergonômico e Cuidados Oculares, Ângulo de Feixe Estreito, Cinza","R$ 109,99","R$ 124,90",BRL,4.3,15,https://www.amazon.com.br/dp/B0DLRWN926,https://m.media-amazon.com/images/I/51OcAI3bXJL._AC_UY654_FMwebp_QL65_.jpg,10,"R$ 109,00",False,False,False,False,Mais de 30 compras no mês passado,"Entrega GRÁTIS: qui., 31 de jul.",False,,,,,,
B00V8IOPCW,"Tanque de Encaixe em Aço Inox Acetinado 50X40cm, Tramontina, 94400107","R$ 362,96","R$ 436,05",BRL,4.8,1086,https://www.amazon.com.br/dp/B00V8IOPCW,https://m.media-amazon.com/images/I/51EOSiI7S8L._AC_UY654_FMwebp_QL65_.jpg,1,"R$ 362,96",False,False,False,False,Mais de 200 compras no mês passado,"Entrega R$ 25,41: 15 - 26 de ago.",False,,,Aço inoxidável,,,
B0CVYRV24P,"WAP Umidificador de Ar AIR FLOW U2 com Luminária e Difusor de Aromas, 2,3 Litros, Autonomia de até 23 horas, 25W Bivolt","R$ 139,82",,BRL,4.6,3445,https://www.amazon.com.br/dp/B0CVYRV24P,https://m.media-amazon.com/images/I/61RN-7FMxZL._AC_UY654_FMwebp_QL65_.jpg,25,"R$ 118,15",False,False,False,False,Mais de 800 compras no mês passado,"Entrega GRÁTIS: Amanhã, 14 de jul.Ou entrega mais rápida: Hoje",False,,,,,,
B0D85CZRXS,"WAP Aquecedor de Ar Elétrico Portátil AIR HEAT CERAMIC, 3 em 1, com 2 Níveis de Aquecimento e Oscilação, 1500W 220V","R$ 288,00",,BRL,4.5,69,https://www.amazon.com.br/dp/B0D85CZRXS,https://m.media-amazon.com/images/I/81uFv84WFQL._AC_UY654_FMwebp_QL65_.jpg,4,"R$ 280,00",False,False,False,False,Mais de 400 compras no mês passado,"Entrega GRÁTIS: qua., 16 de jul.",False,,,,,,
B0793KTZXB,Docol Cabide Trip - Cod.Novo: 90007617006 Cod.Antigo: 00761706,"R$ 104,90",,BRL,4.8,500,https://www.amazon.com.br/dp/B0793KTZXB,https://m.media-amazon.com/images/I/51tRrWltMmL._AC_UY654_FMwebp_QL65_.jpg,17,"R$ 97,90",False,False,False,False,Mais de 50 compras no mês passado,"Entrega GRÁTIS: Amanhã, 14 de jul.Ou entrega mais rápida: Hoje",False,,,,,,
B0DG9VSCBX,Elgin Umidificador de ar Touch 4L com difusor de aroma Bivolt,"R$ 173,91","R$ 212,64",BRL,4.3,18,https://www.amazon.com.br/dp/B0DG9VSCBX,https://m.media-amazon.com/images/I/41+yTILvOrL._AC_UY654_FMwebp_QL65_.jpg,1,"R$ 173,91",False,False,True,False,Mais de 30 compras no mês passado,,False,,Oferta Prime Day,,,,
B0DK41DQRY,"Boiserie Moldura Roda Meio de EVA Autocolante MRP Meu Rodapé Oficial 3,8cm de altura - Rolo de 10 metros","R$ 141,25","R$ 156,52",BRL,5,5,https://www.amazon.com.br/dp/B0DK41DQRY,https://m.media-amazon.com/images/I/416hUzC5c3L._AC_UY654_FMwebp_QL65_.jpg,1,"R$ 141,25",False,False,False,False,,"Entrega GRÁTIS: ter., 5 de ago.",False,,Economize 9%,,,,
B0DPR3W3LM,"Combo 2 Refletores LED 200W Holofote Bivolt Branco Frio IP66 SMD à Prova D&#x27;Água, Luz Alta Potência para Fachadas, Jardins, Piscinas, Eventos, Iluminação Moderna e Eficiente - Linha Premium SellXpert","R$ 109,99",,BRL,4.4,19,https://www.amazon.com.br/dp/B0DPR3W3LM,https://m.media-amazon.com/images/I/41AWqB2Mx6L._AC_UY654_FMwebp_QL65_.jpg,1,"R$ 109,99",False,False,False,False,Mais de 40 compras no mês passado,"Entrega GRÁTIS: qua., 16 de jul.",False,Economize 5% com o cupom,,,,,
B0D26V1BKQ,Bosch Lixadeira Orbital GSS 140 220V 220W com 1 lixa,"R$ 254,99","R$ 285,04",BRL,4.8,65,https://www.amazon.com.br/dp/B0D26V1BKQ,https://m.media-amazon.com/images/I/51Tvw+kePJL._AC_UY654_FMwebp_QL65_.jpg,4,"R$ 279,00",False,False,False,False,Mais de 50 compras no mês passado,"Entrega GRÁTIS: Amanhã, 14 de jul.Ou entrega mais rápida: Hoje",False,,,,,,
B09QRCRYJF,"Bosch Esmerilhadeira GWS 700, 710W 127V, Azul","R$ 279,89","R$ 289,99",BRL,4.8,730,https://www.amazon.com.br/dp/B09QRCRYJF,https://m.media-amazon.com/images/I/612L9RHxR4L._AC_UY654_FMwebp_QL65_.jpg,1,"R$ 279,89",False,False,False,False,Mais de 1 mil compras no mês passado,"Entrega GRÁTIS: Amanhã, 14 de jul.Ou entrega mais rápida: Hoje",False,,,,,,
B0DMWX4Y3H,Torneira Flexível de Inox Com Filtro Para Cozinha Instalação de Parede - Ouro Metais,"R$ 114,98",,BRL,3.5,42,https://www.amazon.com.br/dp/B0DMWX4Y3H,https://m.media-amazon.com/images/I/5100aPoo4QL._AC_UY654_FMwebp_QL65_.jpg,1,"R$ 114,98",False,False,False,False,,"Entrega GRÁTIS: qua., 16 de jul.",False,,,,,,
B0F93926XN,"FINYQBET Compressor de Ar Portátil - 20000mAh, Bomba de Pneu sem Fio 150 PSI, Luz LED de Emergência, Medidor de Pressão Preciso, para Carros, Bicicletas, Motos e Viagens ao Ar Livre","R$ 118,99","R$ 139,99",BRL,5,1,https://www.amazon.com.br/dp/B0F93926XN,https://m.media-amazon.com/images/I/51PwJwbp3IL._AC_UY654_FMwebp_QL65_.jpg,1,"R$ 118,99",False,False,True,False,Mais de 20 compras no mês passado,,False,,Com Prime,,,,
B0DJBY5457,5 Rodas Anti Risco Universal 75mm para Cadeira de Escritório - Alta Durabilidade e Mobilidade,"R$ 119,90",,BRL,4.4,37,https://www.amazon.com.br/dp/B0DJBY5457,https://m.media-amazon.com/images/I/51JPofrrh3L._AC_UY654_FMwebp_QL65_.jpg,1,"R$ 119,90",False,False,False,False,Mais de 50 compras no mês passado,"Entrega GRÁTIS: qua., 16 de jul.",False,,,,,,
B0D62ZFDBY,"TINICO Torneira Cozinha Gourmet Misturador Monocomando Com Spray Extensor, Volante Em Alavanca Com Abertura Mais Leve, Dourado","R$ 159,30","R$ 177,00",BRL,4.1,129,https://www.amazon.com.br/dp/B0D62ZFDBY,https://m.media-amazon.com/images/I/71l3muZZqzL._AC_UY654_FMwebp_QL65_.jpg,1,"R$ 159,30",False,False,True,False,,Estimativa de envio de 2 a 3 dias,True,,Com Prime,,,,
B0DCWCN7KJ,CHUVEIRO ELETRÔNICO - DUCHA INTENSE 220V – 7.800W BLACK SUPER POTENTE – FAME,"R$ 309,90",,BRL,4.2,174,https://www.amazon.com.br/dp/B0DCWCN7KJ,https://m.media-amazon.com/images/I/41fj9OD+CgL._AC_UY654_FMwebp_QL65_.jpg,1,"R$ 309,90",False,False,False,False,Mais de 300 compras no mês passado,"Entrega GRÁTIS: qui., 31 de jul.",False,,,,,,
B0DSZLTX2F,"TNT Lona de Polietileno Branca Forte Reforçada 150 Micras para Piscina, Toldo, Cobertura (3x5)","R$ 111,90",,BRL,4.8,15,https://www.amazon.com.br/dp/B0DSZLTX2F,https://m.media-amazon.com/images/I/61DzNUrGGxL._AC_UY654_FMwebp_QL65_.jpg,1,"R$ 111,90",False,False,False,True,,"Entrega GRÁTIS: qua., 16 de jul.",False,,,,,,
B0DJBY5457,5 Rodas Anti Risco Universal 75mm para Cadeira de Escritório - Alta Durabilidade e Mobilidade,"R$ 119,90",,BRL,4.4,37,https://www.amazon.com.br/dp/B0DJBY5457,https://m.media-amazon.com/images/I/51JPofrrh3L._AC_UY654_FMwebp_QL65_.jpg,1,"R$ 119,90",False,False,False,False,Mais de 50 compras no mês passado,"Entrega GRÁTIS: qua., 16 de jul.",False,,,,,,
B0D62ZFDBY,"TINICO Torneira Cozinha Gourmet Misturador Monocomando Com Spray Extensor, Volante Em Alavanca Com Abertura Mais Leve, Dourado","R$ 159,30","R$ 177,00",BRL,4.1,129,https://www.amazon.com.br/dp/B0D62ZFDBY,https://m.media-amazon.com/images/I/71l3muZZqzL._AC_UY654_FMwebp_QL65_.jpg,1,"R$ 159,30",False,False,True,False,,Estimativa de envio de 2 a 3 dias,True,,Com Prime,,,,
B0DCWCN7KJ,CHUVEIRO ELETRÔNICO - DUCHA INTENSE 220V – 7.800W BLACK SUPER POTENTE – FAME,"R$ 309,90",,BRL,4.2,174,https://www.amazon.com.br/dp/B0DCWCN7KJ,https://m.media-amazon.com/images/I/41fj9OD+CgL._AC_UY654_FMwebp_QL65_.jpg,1,"R$ 309,90",False,False,False,False,Mais de 300 compras no mês passado,"Entrega GRÁTIS: qui., 31 de jul.",False,,,,,,
B0DSZLTX2F,"TNT Lona de Polietileno Branca Forte Reforçada 150 Micras para Piscina, Toldo, Cobertura (3x5)","R$ 111,90",,BRL,4.8,15,https://www.amazon.com.br/dp/B0DSZLTX2F,https://m.media-amazon.com/images/I/61DzNUrGGxL._AC_UY654_FMwebp_QL65_.jpg,1,"R$ 111,90",False,False,False,True,,"Entrega GRÁTIS: qua., 16 de jul.",False,,,,,,
B0DF36QM1T,Ducha Higiênica 1/4 Volta Luxo Gatilho Aço Inoxidável 304 Diversas Cores - Brinovar (Prata),"R$ 128,00",,BRL,4.7,47,https://www.amazon.com.br/dp/B0DF36QM1T,https://m.media-amazon.com/images/I/513DnDTNPXL._AC_UY654_FMwebp_QL65_.jpg,1,"R$ 128,00",False,False,False,True,Mais de 100 compras no mês passado,"Entrega GRÁTIS: qua., 16 de jul.",True,,,,,,
B07VG6PZBT,Sparta Macaco Hidráulico Tipo Jacaré De 2 Toneladas Com Elevação De 125-300 Mm,"R$ 149,00","R$ 180,70",BRL,4.6,1901,https://www.amazon.com.br/dp/B07VG6PZBT,https://m.media-amazon.com/images/I/61zYiD6mLCL._AC_UY654_FMwebp_QL65_.jpg,1,"R$ 149,00",False,False,True,False,Mais de 200 compras no mês passado,,False,,Oferta Prime Day,,,,
B0DLDNZKRS,Kit Alicate de Crimpar Terminal + Alicate Descascador Decapador de Fio e Cabos 3 em 1 + Estojo Maleta de 1200 Terminal Tubular ilhós - Conjunto para Reparo Eletrico - Linha Profissional Premium,"R$ 139,90",,BRL,4.6,105,https://www.amazon.com.br/dp/B0DLDNZKRS,https://m.media-amazon.com/images/I/61RLzxo4hAL._AC_UY654_FMwebp_QL65_.jpg,1,"R$ 139,90",False,False,False,False,Mais de 50 compras no mês passado,"Entrega GRÁTIS: qua., 16 de jul.",False,,,,,,
B0DPXWJQMG,Kit Lâmpadas Led Super Bulbo 30w Alta Potência Bivolt Branco Frio Elgin (Kit 10 Unidades),"R$ 118,90",,BRL,4.7,23,https://www.amazon.com.br/dp/B0DPXWJQMG,https://m.media-amazon.com/images/I/612bRH3oiEL._AC_UY654_FMwebp_QL65_.jpg,1,"R$ 118,90",False,False,False,False,,"Entrega GRÁTIS: seg., 21 de jul.",False,,,LED,,,
B09Q3J23BY,Câmera Inteligente Full HD Compatível com Alexa IM3C com MicroSD 32GB Intelbras,"R$ 261,14","R$ 274,92",BRL,4.8,2767,https://www.amazon.com.br/dp/B09Q3J23BY,https://m.media-amazon.com/images/I/41dCAJ1MXAL._AC_UY654_FMwebp_QL65_.jpg,1,"R$ 261,14",False,False,False,True,Mais de 1 mil compras no mês passado,"Entrega GRÁTIS: sáb., 19 de jul.",False,,,,,,
B0CQPNZT18,Kit 5 Refletor Led 200w Holofote Bivolt Prova Dágua Luz Frio,"R$ 152,01",,BRL,4.2,82,https://www.amazon.com.br/dp/B0CQPNZT18,https://m.media-amazon.com/images/I/71cMEfSDKlL._AC_UY654_FMwebp_QL65_.jpg,1,"R$ 152,01",False,False,False,False,Mais de 50 compras no mês passado,"Entrega GRÁTIS: dom., 20 de jul.",False,,,,,,
B0DL9ZDNFC,"Cofre, 30 * 24 * 9CM Cofre Digital, Caixa de Dinheiro Grande, Portátil de Senha Portátil Bloqueio Caixa De Caixa, Cofres de Depósito, Cofres de Dinheiro em Lojas de Conveniência, Money Safe","R$ 177,53","R$ 186,88",BRL,5,5,https://www.amazon.com.br/dp/B0DL9ZDNFC,https://m.media-amazon.com/images/I/71PblRS6H3L._AC_UY654_FMwebp_QL65_.jpg,1,"R$ 177,53",False,False,True,False,Mais de 20 compras no mês passado,,False,,Com Prime,,,,
B0C6VMXVSH,EKAZA Kit Alarme 2 Sensores Abertura + 1 Sensor Presença + 2 Controle + Sirene + Campainha - EKJM-T3231,"R$ 212,99","R$ 230,00",BRL,4.6,124,https://www.amazon.com.br/dp/B0C6VMXVSH,https://m.media-amazon.com/images/I/51JnOGSfJRL._AC_UY654_FMwebp_QL65_.jpg,1,"R$ 212,99",False,False,False,False,,"Entrega GRÁTIS: sáb., 19 de jul.",False,Economize 6% com o cupom,Economize 7%,,,,"[{'asin': 'B0C6VMXVSH', 'format': 'Outra forma de comprar'}, {'asin': 'B0C6VMXVSH', 'format': 'Economize 7% Preço página do produtoR$ 212,99R$212,99 De: R$ 230,00De: R$ 230,00R$230,00em até 12x de R$ 19,87R$19,87 com juros Cupom de desconto de 6% aplicadoEconomize 6% com o cupom Entrega GRÁTIS: sáb., 19 de jul.'}]"
B0DTKHTJRP,"2 Pecas Arandela de Parede, Arandelas de Parede Dourado Decorativa Luxo Moderna Cristal, Luminaria de Parede, Luminária de Parede, Arandelas, Arandela Interna, Luminaria Parede, Arandela Quarto","R$ 154,99",,BRL,4.8,5,https://www.amazon.com.br/dp/B0DTKHTJRP,https://m.media-amazon.com/images/I/71eHfdxLUaL._AC_UY654_FMwebp_QL65_.jpg,1,"R$ 154,99",False,False,False,False,Mais de 20 compras no mês passado,"Entrega GRÁTIS: qua., 16 de jul.",False,Economize 5% com o cupom,,,,,
B07627ZXW3,Bateria Selada VRLA 12V 7AH XB 1270 Preto Intelbras,"R$ 145,64",,BRL,4.7,640,https://www.amazon.com.br/dp/B07627ZXW3,https://m.media-amazon.com/images/I/610Gf7BU2tL._AC_UY654_FMwebp_QL65_.jpg,11,"R$ 121,00",False,False,False,False,Mais de 50 compras no mês passado,"Entrega GRÁTIS: Amanhã, 14 de jul.Ou entrega mais rápida: Hoje",False,,,,,,
B0DKQ81MFR,Calibrador Compressor Bomba De Ar Portátil Digital com Lanterna LED Bateria Recarregável Para Encher Pneus de Carro Moto Bike Bicicleta Bola e Piscina Inflável Premium,"R$ 112,90",,BRL,5,2,https://www.amazon.com.br/dp/B0DKQ81MFR,https://m.media-amazon.com/images/I/413WsEhWJdL._AC_UY654_FMwebp_QL65_.jpg,1,"R$ 112,90",False,False,False,False,,"Entrega GRÁTIS: sáb., 19 de jul.",False,,,,,,
B0DYFZTB9V,Chave de Impacto 48V Recarregavel Bivolt 2 Baterias de 2000mAh Velocidade 2300 RPM Com Soquetes E Maleta,"R$ 399,90",,BRL,4.2,12,https://www.amazon.com.br/dp/B0DYFZTB9V,https://m.media-amazon.com/images/I/61fEinLYvEL._AC_UY654_FMwebp_QL65_.jpg,1,"R$ 399,90",False,False,False,False,Mais de 30 compras no mês passado,"Entrega GRÁTIS: sáb., 19 de jul.",False,,,,,,
B0DTKHTJRP,"2 Pecas Arandela de Parede, Arandelas de Parede Dourado Decorativa Luxo Moderna Cristal, Luminaria de Parede, Luminária de Parede, Arandelas, Arandela Interna, Luminaria Parede, Arandela Quarto","R$ 154,99",,BRL,4.8,5,https://www.amazon.com.br/dp/B0DTKHTJRP,https://m.media-amazon.com/images/I/71eHfdxLUaL._AC_UY654_FMwebp_QL65_.jpg,1,"R$ 154,99",False,False,False,False,Mais de 20 compras no mês passado,"Entrega GRÁTIS: qua., 16 de jul.",False,Economize 5% com o cupom,,,,,
B07627ZXW3,Bateria Selada VRLA 12V 7AH XB 1270 Preto Intelbras,"R$ 145,64",,BRL,4.7,640,https://www.amazon.com.br/dp/B07627ZXW3,https://m.media-amazon.com/images/I/610Gf7BU2tL._AC_UY654_FMwebp_QL65_.jpg,11,"R$ 121,00",False,False,False,False,Mais de 50 compras no mês passado,"Entrega GRÁTIS: Amanhã, 14 de jul.Ou entrega mais rápida: Hoje",False,,,,,,
B0DKQ81MFR,Calibrador Compressor Bomba De Ar Portátil Digital com Lanterna LED Bateria Recarregável Para Encher Pneus de Carro Moto Bike Bicicleta Bola e Piscina Inflável Premium,"R$ 112,90",,BRL,5,2,https://www.amazon.com.br/dp/B0DKQ81MFR,https://m.media-amazon.com/images/I/413WsEhWJdL._AC_UY654_FMwebp_QL65_.jpg,1,"R$ 112,90",False,False,False,False,,"Entrega GRÁTIS: sáb., 19 de jul.",False,,,,,,
B0DYFZTB9V,Chave de Impacto 48V Recarregavel Bivolt 2 Baterias de 2000mAh Velocidade 2300 RPM Com Soquetes E Maleta,"R$ 399,90",,BRL,4.2,12,https://www.amazon.com.br/dp/B0DYFZTB9V,https://m.media-amazon.com/images/I/61fEinLYvEL._AC_UY654_FMwebp_QL65_.jpg,1,"R$ 399,90",False,False,False,False,Mais de 30 compras no mês passado,"Entrega GRÁTIS: sáb., 19 de jul.",False,,,,,,
B0DVTF4FD6,"Torneira Gourmet Cozinha Aço Inox 45cm Monocomando com Ducha Retrátil e Bica Giratória 360° – Alta Pressão, Quente e Frio, Ideal para Pia e Bancada","R$ 159,90",,BRL,4.3,12,https://www.amazon.com.br/dp/B0DVTF4FD6,https://m.media-amazon.com/images/I/518p6jaTFfL._AC_UY654_FMwebp_QL65_.jpg,1,"R$ 159,90",False,False,False,False,Mais de 50 compras no mês passado,"Entrega GRÁTIS: qua., 16 de jul.",False,,,,,,
B076HWLP7P,Fechadura Digital de Sobrepor Touch Screen FR 101 Preto Intelbras,"R$ 347,90","R$ 387,04",BRL,4.9,12004,https://www.amazon.com.br/dp/B076HWLP7P,https://m.media-amazon.com/images/I/51R13R8zlmL._AC_UY654_FMwebp_QL65_.jpg,7,"R$ 313,11",False,False,False,False,Mais de 1 mil compras no mês passado,"Entrega GRÁTIS: Amanhã, 14 de jul.Ou entrega mais rápida: Hoje",False,,,,,,
B095VF5GR7,Chuveiro Loren Shower Eletrônico 7500w 220v~ Lorenzetti,"R$ 145,90",,BRL,4.6,9442,https://www.amazon.com.br/dp/B095VF5GR7,https://m.media-amazon.com/images/I/31fyFHV8H-L._AC_UY654_FMwebp_QL65_.jpg,25,"R$ 126,90",False,False,False,False,Mais de 2 mil compras no mês passado,"Entrega GRÁTIS: dom., 27 de jul.",False,,,,,,
B0DW5JMCCQ,Abajur de chão detalhe em cobre luminaria de piso curva luminária chão articulada (Branco),"R$ 199,90",,BRL,4.5,19,https://www.amazon.com.br/dp/B0DW5JMCCQ,https://m.media-amazon.com/images/I/41G69EKfwsL._AC_UY654_FMwebp_QL65_.jpg,1,"R$ 199,90",False,False,False,True,Mais de 20 compras no mês passado,"Entrega GRÁTIS: qua., 16 de jul.",True,,,,,,
B0DM5DMCSD,"110-220V, Desumidificador de Ar 2.2L, Purificador de Ar, Desumidificador Ar Ambiente Elétrico Antiodor, Branco, Desligamento Automático Quando a Água Está Cheia","R$ 499,99",,BRL,4,13,https://www.amazon.com.br/dp/B0DM5DMCSD,https://m.media-amazon.com/images/I/51zoD-g5ufL._AC_UY654_FMwebp_QL65_.jpg,2,"R$ 499,00",False,False,False,False,Mais de 40 compras no mês passado,"Entrega GRÁTIS: qua., 16 de jul.",False,"Economize R$ 30,00 com o cupom",,,,,
B0DX2HYKQK,"Câmera de Segurança WiFi Externa HD 3MP, IP Sem Fio com Visão Noturna Infravermelha, Dupla Lente Grande Angular, À Prova D&#x27;Água IP66, Detecção de Movimento e Áudio Bidirecional","R$ 140,00",,BRL,4.4,25,https://www.amazon.com.br/dp/B0DX2HYKQK,https://m.media-amazon.com/images/I/51cmcW0RrEL._AC_UY654_FMwebp_QL65_.jpg,6,"R$ 139,00",False,False,False,True,Mais de 50 compras no mês passado,"Entrega R$ 23,55: 23 - 25 de jul.Ou entrega mais rápida: 17 - 18 de jul.",False,,,,,,
B0DLXKBHYK,Climatizador de Ar 5L Midea 220v 60hz Midea,"R$ 381,64",,BRL,4.4,5,https://www.amazon.com.br/dp/B0DLXKBHYK,https://m.media-amazon.com/images/I/61DhWhVJjpL._AC_UY654_FMwebp_QL65_.jpg,1,"R$ 381,64",False,False,False,False,,"Entrega GRÁTIS: sex., 25 de jul.",False,,,,,,
B0BTQXKGPK,"Ventilador de Coluna Mallory Max Control Com Controle Remoto 140W, Silencioso, Com Hélice de15 pás, Grade Especial em Sistema TS, Máxima Vazão e Mínimo Ruído - PR-GR - 220V","R$ 290,46",,BRL,4.4,1305,https://www.amazon.com.br/dp/B0BTQXKGPK,https://m.media-amazon.com/images/I/71ZnIcQcAgL._AC_UY654_FMwebp_QL65_.jpg,1,"R$ 290,46",False,False,False,False,Mais de 600 compras no mês passado,"Entrega GRÁTIS: sex., 25 de jul.",False,,,Energia elétrica,,,
B0DTQQJX9M,Ducha De Banho Quadrado Luxo Slim 20x20 cm Inox Com braço De Parede Piscina Chuveiro Chuveirão Solar Para Jardim E Área Externa FONSES,"R$ 105,50",,BRL,5,4,https://www.amazon.com.br/dp/B0DTQQJX9M,https://m.media-amazon.com/images/I/417jQya4DXL._AC_UY654_FMwebp_QL65_.jpg,1,"R$ 105,50",False,False,False,False,,"Entrega GRÁTIS: qua., 16 de jul.",False,,,,,,
B0F2G99R82,"Compressor de Ar Portátil com Bomba de Pneu Sem Fio 150 PSI, com Bateria Recarregável de 4000 mAh, Bomba de Ar Premium","R$ 104,90",,BRL,4.8,19,https://www.amazon.com.br/dp/B0F2G99R82,https://m.media-amazon.com/images/I/511PEklE67L._AC_UY654_FMwebp_QL65_.jpg,1,"R$ 104,90",False,False,False,False,Mais de 100 compras no mês passado,"Entrega GRÁTIS: sáb., 19 de jul.",False,Economize 12% com o cupom,,,,,
B0CX6FN969,Ventilador de Parede Mallory Smart Control 140w Preto com Grafite 220v,"R$ 354,90",,BRL,4.2,223,https://www.amazon.com.br/dp/B0CX6FN969,https://m.media-amazon.com/images/I/81kUbxPPYhL._AC_UY654_FMwebp_QL65_.jpg,1,"R$ 354,90",False,False,False,False,,"Entrega GRÁTIS: qua., 30 de jul.",False,,,Energia elétrica,,,
B0CH45G658,Ventilador Britânia 2 em 1 BVT400 Maxx Force 150W 127V,"R$ 109,90","R$ 131,50",BRL,4.5,2082,https://www.amazon.com.br/dp/B0CH45G658,https://m.media-amazon.com/images/I/61hzNzVLGHL._AC_UY654_FMwebp_QL65_.jpg,1,"R$ 109,90",False,False,True,False,Mais de 600 compras no mês passado,,False,,Oferta Prime Day,Energia elétrica,,,
B0F2G99R82,"Compressor de Ar Portátil com Bomba de Pneu Sem Fio 150 PSI, com Bateria Recarregável de 4000 mAh, Bomba de Ar Premium","R$ 104,90",,BRL,4.8,19,https://www.amazon.com.br/dp/B0F2G99R82,https://m.media-amazon.com/images/I/511PEklE67L._AC_UY654_FMwebp_QL65_.jpg,1,"R$ 104,90",False,False,False,False,Mais de 100 compras no mês passado,"Entrega GRÁTIS: sáb., 19 de jul.",False,Economize 12% com o cupom,,,,,
B0CX6FN969,Ventilador de Parede Mallory Smart Control 140w Preto com Grafite 220v,"R$ 354,90",,BRL,4.2,223,https://www.amazon.com.br/dp/B0CX6FN969,https://m.media-amazon.com/images/I/81kUbxPPYhL._AC_UY654_FMwebp_QL65_.jpg,1,"R$ 354,90",False,False,False,False,,"Entrega GRÁTIS: qua., 30 de jul.",False,,,Energia elétrica,,,
B0CH45G658,Ventilador Britânia 2 em 1 BVT400 Maxx Force 150W 127V,"R$ 109,90","R$ 131,50",BRL,4.5,2082,https://www.amazon.com.br/dp/B0CH45G658,https://m.media-amazon.com/images/I/61hzNzVLGHL._AC_UY654_FMwebp_QL65_.jpg,1,"R$ 109,90",False,False,True,False,Mais de 600 compras no mês passado,,False,,Oferta Prime Day,Energia elétrica,,,
B0D9CB9M6C,"Calibrador Compressor Bomba De Ar Portátil Digital com Lanterna LED para Encher Pneus de Carro, Moto, Bike, Bicicleta, Bola e Piscina Inflável","R$ 117,95",,BRL,4.4,474,https://www.amazon.com.br/dp/B0D9CB9M6C,https://m.media-amazon.com/images/I/5147feH0axL._AC_UY654_FMwebp_QL65_.jpg,1,"R$ 117,95",False,False,False,False,Mais de 400 compras no mês passado,"Entrega GRÁTIS: sáb., 19 de jul.",False,,,,,,
B09L1LCYLW,Luminária Inteligente 24W 3000-6500k Wifi Elgin Quadrada de Embutir compatível com Alexa e Google Home,"R$ 228,62",,BRL,4.6,3404,https://www.amazon.com.br/dp/B09L1LCYLW,https://m.media-amazon.com/images/I/61hvDuND+1L._AC_UY654_FMwebp_QL65_.jpg,2,"R$ 115,55",False,False,False,False,,"Entrega GRÁTIS: Amanhã, 14 de jul.Ou entrega mais rápida: Hoje",True,,,,,,
B0DHW5RR8J,NOVADIGITAL Interruptor Inteligente Zigbee 2 Teclas C/Led Indicador + Tomada Smart,"R$ 146,90","R$ 158,00",BRL,4.1,11,https://www.amazon.com.br/dp/B0DHW5RR8J,https://m.media-amazon.com/images/I/41s-FQyoNeL._AC_UY654_FMwebp_QL65_.jpg,10,"R$ 109,90",False,False,False,False,,"Entrega GRÁTIS: dom., 20 de jul.",False,,,,,,
B0F7Z5X2S5,Abajur Quarto Casal Sala Abajur De Tomada Cúpula Abajour Cerâmica Abajur de Mesa (Marrom e Bege),"R$ 135,91","R$ 159,90",BRL,5,1,https://www.amazon.com.br/dp/B0F7Z5X2S5,https://m.media-amazon.com/images/I/61yk9kkAyfL._AC_UY654_FMwebp_QL65_.jpg,1,"R$ 135,91",False,False,True,True,,,True,,Com Prime,,,,
B076PM2TTH,Docol Base Monocomando para Banheira ou Chuveiro Baixa Pressão 3/4”- Cod.Novo: 90006582000 Cod.Antigo: 00658200,"R$ 263,13","R$ 288,58",BRL,4.9,131,https://www.amazon.com.br/dp/B076PM2TTH,https://m.media-amazon.com/images/I/51TJBLWMa-L._AC_UY654_FMwebp_QL65_.jpg,30,"R$ 227,06",False,False,False,False,,"Entrega GRÁTIS: Amanhã, 14 de jul.Ou entrega mais rápida: Hoje",False,,,,,,
B0F9X1C7LR,Lustre de Teto Contemporâneo 4 Pontos de Luz - Estrutura em Ferro para Mesa de Jantar e Ambientes Sociais (Estilo Industrial Moderno),"R$ 110,49","R$ 129,99",BRL,,0,https://www.amazon.com.br/dp/B0F9X1C7LR,https://m.media-amazon.com/images/I/51AUQluA5YL._AC_UY654_FMwebp_QL65_.jpg,1,"R$ 110,49",False,False,True,False,,,True,,Com Prime,,,,
B0DSJTH3GV,Chave de Impacto 48V Recarregável Bivolt com 2 Baterias de 2000mAh – Ferramenta Multifuncional com Alta Velocidade (até 2300 RPM) para Uso Profissional e Doméstico,"R$ 339,90",,BRL,4.7,8,https://www.amazon.com.br/dp/B0DSJTH3GV,https://m.media-amazon.com/images/I/71T9h0AJVQL._AC_UY654_FMwebp_QL65_.jpg,1,"R$ 339,90",False,False,False,False,Mais de 40 compras no mês passado,"Entrega GRÁTIS: sáb., 19 de jul.",False,,,,,,
B0DK3TCNHC,"Ripado Flexível Painel Autocolante Madeira Revestimento Decorativo Alto Relevo Laminado Meu Rodapé Cinamomo Rolo de 10 metros, 10cm de largura","R$ 348,80",,BRL,3.6,25,https://www.amazon.com.br/dp/B0DK3TCNHC,https://m.media-amazon.com/images/I/61kRIolkmzL._AC_UY654_FMwebp_QL65_.jpg,1,"R$ 348,80",False,False,False,False,,"Entrega GRÁTIS: ter., 5 de ago.",False,,,,,,
B07FB3GNTR,"Vonder, Grampeador / Pinador Elétrico Gpe 916, 127 V~.","R$ 374,90","R$ 416,56",BRL,4.4,209,https://www.amazon.com.br/dp/B07FB3GNTR,https://m.media-amazon.com/images/I/51IwdSmHI2L._AC_UY654_FMwebp_QL65_.jpg,1,"R$ 374,90",False,False,False,False,,"Entrega GRÁTIS: Amanhã, 14 de jul.Ou entrega mais rápida: Hoje",False,,,,,,
B0D3HD27V2,YESOP Torneira Cozinha Bancada Gourmet Com Extensor Ducha Monocomando Inox Cor Escovado,"R$ 189,05","R$ 269,00",BRL,3.5,17,https://www.amazon.com.br/dp/B0D3HD27V2,https://m.media-amazon.com/images/I/510AtXmfy5L._AC_UY654_FMwebp_QL65_.jpg,1,"R$ 189,05",False,False,True,False,,,True,,Com Prime,,,,
B0CS6SC1JN,"HOLTTER, Serra Mármore 1200W com Dois Discos de Corte Profissional Corta Piso Potente Granito Concreto Madeira Serra Marmore Elétrica 110mm 12000 rpm (220, Volts)","R$ 198,54","R$ 209,00",BRL,4.1,43,https://www.amazon.com.br/dp/B0CS6SC1JN,https://m.media-amazon.com/images/I/71n4usOcTXL._AC_UY654_FMwebp_QL65_.jpg,1,"R$ 198,54",False,False,False,False,,Entrega GRÁTIS: 1 - 4 de ago.,False,,,,,,
B0DD3R62KY,Torneira Banheiro Luxo Moderno Quadrada 1/4 Volta 304 Inox Aço Preta Bancada Pia Banheiro,"R$ 132,20","R$ 147,75",BRL,4.6,77,https://www.amazon.com.br/dp/B0DD3R62KY,https://m.media-amazon.com/images/I/71fbELEInyL._AC_UY654_FMwebp_QL65_.jpg,1,"R$ 132,20",False,False,True,False,,,True,,Com Prime,,,,
B0B9NRQDD8,Ventisol Ventilador de teto aires INVERTER com controle remoto bivolt,"R$ 234,90","R$ 278,85",BRL,4.6,4232,https://www.amazon.com.br/dp/B0B9NRQDD8,https://m.media-amazon.com/images/I/51MQWljWxCL._AC_UY654_FMwebp_QL65_.jpg,1,"R$ 234,90",False,False,True,False,Mais de 400 compras no mês passado,,False,,Oferta Prime Day,,,,
B0F7Z5X2S5,Abajur Quarto Casal Sala Abajur De Tomada Cúpula Abajour Cerâmica Abajur de Mesa (Marrom e Bege),"R$ 135,91","R$ 159,90",BRL,5,1,https://www.amazon.com.br/dp/B0F7Z5X2S5,https://m.media-amazon.com/images/I/61yk9kkAyfL._AC_UY654_FMwebp_QL65_.jpg,1,"R$ 135,91",False,False,True,True,,,True,,Com Prime,,,,
B076PM2TTH,Docol Base Monocomando para Banheira ou Chuveiro Baixa Pressão 3/4”- Cod.Novo: 90006582000 Cod.Antigo: 00658200,"R$ 263,13","R$ 288,58",BRL,4.9,131,https://www.amazon.com.br/dp/B076PM2TTH,https://m.media-amazon.com/images/I/51TJBLWMa-L._AC_UY654_FMwebp_QL65_.jpg,30,"R$ 227,06",False,False,False,False,,"Entrega GRÁTIS: Amanhã, 14 de jul.Ou entrega mais rápida: Hoje",False,,,,,,
B0F9X1C7LR,Lustre de Teto Contemporâneo 4 Pontos de Luz - Estrutura em Ferro para Mesa de Jantar e Ambientes Sociais (Estilo Industrial Moderno),"R$ 110,49","R$ 129,99",BRL,,0,https://www.amazon.com.br/dp/B0F9X1C7LR,https://m.media-amazon.com/images/I/51AUQluA5YL._AC_UY654_FMwebp_QL65_.jpg,1,"R$ 110,49",False,False,True,False,,,True,,Com Prime,,,,
B0DSJTH3GV,Chave de Impacto 48V Recarregável Bivolt com 2 Baterias de 2000mAh – Ferramenta Multifuncional com Alta Velocidade (até 2300 RPM) para Uso Profissional e Doméstico,"R$ 339,90",,BRL,4.7,8,https://www.amazon.com.br/dp/B0DSJTH3GV,https://m.media-amazon.com/images/I/71T9h0AJVQL._AC_UY654_FMwebp_QL65_.jpg,1,"R$ 339,90",False,False,False,False,Mais de 40 compras no mês passado,"Entrega GRÁTIS: sáb., 19 de jul.",False,,,,,,
B0DK3TCNHC,"Ripado Flexível Painel Autocolante Madeira Revestimento Decorativo Alto Relevo Laminado Meu Rodapé Cinamomo Rolo de 10 metros, 10cm de largura","R$ 348,80",,BRL,3.6,25,https://www.amazon.com.br/dp/B0DK3TCNHC,https://m.media-amazon.com/images/I/61kRIolkmzL._AC_UY654_FMwebp_QL65_.jpg,1,"R$ 348,80",False,False,False,False,,"Entrega GRÁTIS: ter., 5 de ago.",False,,,,,,
B07FB3GNTR,"Vonder, Grampeador / Pinador Elétrico Gpe 916, 127 V~.","R$ 374,90","R$ 416,56",BRL,4.4,209,https://www.amazon.com.br/dp/B07FB3GNTR,https://m.media-amazon.com/images/I/51IwdSmHI2L._AC_UY654_FMwebp_QL65_.jpg,1,"R$ 374,90",False,False,False,False,,"Entrega GRÁTIS: Amanhã, 14 de jul.Ou entrega mais rápida: Hoje",False,,,,,,
B0DS7976J9,"Desumidificador, desumidificador silencioso de 2,126.2 g para casa quarto banheiro RV armário com temporizador, desligamento automático, modo de suspensão, luz LED de 7 cores (2200 ml)","R$ 434,65",,BRL,4.5,152,https://www.amazon.com.br/dp/B0DS7976J9,https://m.media-amazon.com/images/I/61ja4G8T2KL._AC_UY654_FMwebp_QL65_.jpg,1,"R$ 434,65",False,False,False,False,,"Entrega R$ 8,90: ter., 5 de ago.",False,,,,,,
B0D3HD27V2,YESOP Torneira Cozinha Bancada Gourmet Com Extensor Ducha Monocomando Inox Cor Escovado,"R$ 189,05","R$ 269,00",BRL,3.5,17,https://www.amazon.com.br/dp/B0D3HD27V2,https://m.media-amazon.com/images/I/510AtXmfy5L._AC_UY654_FMwebp_QL65_.jpg,1,"R$ 189,05",False,False,True,False,,,True,,Com Prime,,,,
B0CS6SC1JN,"HOLTTER, Serra Mármore 1200W com Dois Discos de Corte Profissional Corta Piso Potente Granito Concreto Madeira Serra Marmore Elétrica 110mm 12000 rpm (220, Volts)","R$ 198,54","R$ 209,00",BRL,4.1,43,https://www.amazon.com.br/dp/B0CS6SC1JN,https://m.media-amazon.com/images/I/71n4usOcTXL._AC_UY654_FMwebp_QL65_.jpg,1,"R$ 198,54",False,False,False,False,,Entrega GRÁTIS: 1 - 4 de ago.,False,,,,,,
B0DD3R62KY,Torneira Banheiro Luxo Moderno Quadrada 1/4 Volta 304 Inox Aço Preta Bancada Pia Banheiro,"R$ 132,20","R$ 147,75",BRL,4.6,77,https://www.amazon.com.br/dp/B0DD3R62KY,https://m.media-amazon.com/images/I/71fbELEInyL._AC_UY654_FMwebp_QL65_.jpg,1,"R$ 132,20",False,False,True,False,,,True,,Com Prime,,,,
B0B9NRQDD8,Ventisol Ventilador de teto aires INVERTER com controle remoto bivolt,"R$ 234,90","R$ 278,85",BRL,4.6,4232,https://www.amazon.com.br/dp/B0B9NRQDD8,https://m.media-amazon.com/images/I/51MQWljWxCL._AC_UY654_FMwebp_QL65_.jpg,1,"R$ 234,90",False,False,True,False,Mais de 400 compras no mês passado,,False,,Oferta Prime Day,,,,
B07F2LQW16,"Tanque de Encaixe em Aço Inox Acetinado 40X40cm, Tramontina, 94403107","R$ 431,00",,BRL,4.8,670,https://www.amazon.com.br/dp/B07F2LQW16,https://m.media-amazon.com/images/I/51zGFFkZkBL._AC_UY654_FMwebp_QL65_.jpg,28,"R$ 410,90",False,False,False,False,Mais de 100 compras no mês passado,"Entrega GRÁTIS: qua., 30 de jul.",False,,,Aço inoxidável,,,
B0BFFZ7XRR,"WAP Lixadeira Roto Orbital ELO 250 com Coletor de Pó Removível, Empunhadura e Base Emborrachada, 110 x 105mm 250W 127V","R$ 207,76","R$ 244,41",BRL,4.6,1047,https://www.amazon.com.br/dp/B0BFFZ7XRR,https://m.media-amazon.com/images/I/81FkTUy+iFL._AC_UY654_FMwebp_QL65_.jpg,4,"R$ 212,88",False,False,False,False,Mais de 100 compras no mês passado,"Entrega GRÁTIS: Amanhã, 14 de jul.Ou entrega mais rápida: Hoje",False,,,,,,
B0F8VGGMMP,"Motoserra elétrica à Bateria 6&quot;,Serra Eletrica 21V Bivolt com 2 baterias de 2,0 Ah, Corta Bambu Madeira Lenha Galhos, Domestico motosserra para jardim para poda de árvores","R$ 287,80",,BRL,,0,https://www.amazon.com.br/dp/B0F8VGGMMP,https://m.media-amazon.com/images/I/71PDTTJdUTL._AC_UY654_FMwebp_QL65_.jpg,1,"R$ 287,80",False,False,False,False,,,False,,,,,,
B0C6C7NLH3,Stillus Home Cuba para Cozinha Gourmet Aço Inox 50x40cm c/Acessórios,"R$ 149,90",,BRL,4.5,207,https://www.amazon.com.br/dp/B0C6C7NLH3,https://m.media-amazon.com/images/I/71ek8Xv2HaL._AC_UY654_FMwebp_QL65_.jpg,4,"R$ 130,90",False,False,False,True,Mais de 100 compras no mês passado,"Entrega GRÁTIS: qui., 24 de jul.",False,,,Aço inoxidável,,,
B08SMRJNT5,Soprador Térmico Vonder Stv200 220v,"R$ 170,05","R$ 182,64",BRL,4.8,321,https://www.amazon.com.br/dp/B08SMRJNT5,https://m.media-amazon.com/images/I/71Tpmz8W6gL._AC_UY654_FMwebp_QL65_.jpg,22,"R$ 149,00",False,False,False,False,Mais de 100 compras no mês passado,"Entrega GRÁTIS: Amanhã, 14 de jul.Ou entrega mais rápida: Hoje",False,,,,,,
B08SMRJNT5,Soprador Térmico Vonder Stv200 220v,"R$ 170,05","R$ 182,64",BRL,4.8,321,https://www.amazon.com.br/dp/B08SMRJNT5,https://m.media-amazon.com/images/I/71Tpmz8W6gL._AC_UY654_FMwebp_QL65_.jpg,22,"R$ 149,00",False,False,False,False,Mais de 100 compras no mês passado,"Entrega GRÁTIS: Amanhã, 14 de jul.Ou entrega mais rápida: Hoje",False,,,,,,
B0F466FX9S,Nakasaki Esmerilhadeira Lixadeira Angular 850W Função Politriz 115mm Com Acessórios (110),"R$ 179,00",,BRL,3.7,11,https://www.amazon.com.br/dp/B0F466FX9S,https://m.media-amazon.com/images/I/61wNTrOS4+L._AC_UY654_FMwebp_QL65_.jpg,1,"R$ 179,00",False,False,False,False,Mais de 30 compras no mês passado,"Entrega GRÁTIS: ter., 5 de ago.",False,,,,,,
B07FTSF9G8,"Pilar Papéis Papelão Ondulado 1,20 x 30 Metros Marrom","R$ 139,99",,BRL,4.3,27,https://www.amazon.com.br/dp/B07FTSF9G8,https://m.media-amazon.com/images/I/71HfzA5YwGL._AC_UY654_FMwebp_QL65_.jpg,5,"R$ 128,90",False,False,False,False,,"Entrega GRÁTIS: dom., 20 de jul.",False,,,,,,
B0D8BQMDY1,"Vonder, Extratora Portátil Para Limpeza, 400 W, 220 V~, Elv 400.","R$ 441,70","R$ 491,16",BRL,4.9,14,https://www.amazon.com.br/dp/B0D8BQMDY1,https://m.media-amazon.com/images/I/719pBMefI5L._AC_UY654_FMwebp_QL65_.jpg,13,"R$ 479,99",False,False,False,False,Mais de 30 compras no mês passado,"Entrega GRÁTIS: sáb., 19 de jul.",False,,,,,,
B0C35PHXK2,"Bosch Serra tico-tico GST 680 500W 220V, 1 lâmina e protetor anti-farpas","R$ 269,00","R$ 316,79",BRL,4.8,382,https://www.amazon.com.br/dp/B0C35PHXK2,https://m.media-amazon.com/images/I/51kJsTgy9FL._AC_UY654_FMwebp_QL65_.jpg,1,"R$ 269,00",False,False,False,False,Mais de 200 compras no mês passado,"Entrega GRÁTIS: Amanhã, 14 de jul.Ou entrega mais rápida: Hoje",False,,Oferta,,,,
B0C3WJHRJG,"Assento Idoso E Deficiente Físico Elevado 7,5cm Cipla","R$ 123,25","R$ 138,00",BRL,4.6,164,https://www.amazon.com.br/dp/B0C3WJHRJG,https://m.media-amazon.com/images/I/31xlHUjwr6L._AC_UY654_FMwebp_QL65_.jpg,1,"R$ 123,25",False,False,False,False,Mais de 50 compras no mês passado,"Entrega GRÁTIS: ter., 5 de ago.",False,,,,,,
B0F4617T83,Nakasaki Esmerilhadeira Lixadeira Angular 850W Função Politriz 115mm Com Acessórios (220),"R$ 149,00","R$ 179,90",BRL,4.1,15,https://www.amazon.com.br/dp/B0F4617T83,https://m.media-amazon.com/images/I/61wNTrOS4+L._AC_UY654_FMwebp_QL65_.jpg,1,"R$ 149,00",False,False,False,False,Mais de 50 compras no mês passado,"Entrega GRÁTIS: ter., 5 de ago.",False,,Oferta,,,,
B0BTQLQ39G,"Ventilador de Coluna Mallory Éolo 126W, Silencioso, Hélice de 15 pás, Grade Especial em Sistema TS, Máxima Vazão e Mínimo Ruído – PR-GF- 220V","R$ 179,90","R$ 203,41",BRL,4.5,861,https://www.amazon.com.br/dp/B0BTQLQ39G,https://m.media-amazon.com/images/I/712VRsSxtEL._AC_UY654_FMwebp_QL65_.jpg,12,"R$ 169,90",False,False,False,False,Mais de 1 mil compras no mês passado,"Entrega GRÁTIS: sex., 25 de jul.",False,,,Energia elétrica,,,
B0B3S7D688,Tampa reposição Caixa Acoplada Deca Ravena Aspen Izy Fast Flex Branco - TP0017,"R$ 172,84",,BRL,4.8,13,https://www.amazon.com.br/dp/B0B3S7D688,https://m.media-amazon.com/images/I/41JdcUvOgqL._AC_UY654_FMwebp_QL65_.jpg,1,"R$ 172,84",False,False,False,False,Mais de 20 compras no mês passado,"Entrega GRÁTIS: ter., 29 de jul.",False,,,,,,
B0BTJZ1ZFC,"Philips Filtro ADD505 para Purificador de agua ADD5926 X-Guard Reduz sedimentos, cloro, e outras substâncias que prejudicam o sabor da água","R$ 119,90",,BRL,4.7,31,https://www.amazon.com.br/dp/B0BTJZ1ZFC,https://m.media-amazon.com/images/I/31XOxc5rQ2L._AC_UY654_FMwebp_QL65_.jpg,1,"R$ 119,90",False,False,False,False,Mais de 50 compras no mês passado,"Entrega GRÁTIS: Amanhã, 14 de jul.Ou entrega mais rápida: Hoje",False,,,,,,
B0DT4W3B8Z,Kit Completo Para Banheiro 4 Peças Preto Premium + Ducha Higiênica Preto Fosco Luxo,"R$ 134,90",,BRL,4.2,3,https://www.amazon.com.br/dp/B0DT4W3B8Z,https://m.media-amazon.com/images/I/51cIklpluDL._AC_UY654_FMwebp_QL65_.jpg,1,"R$ 134,90",False,False,False,False,,"Entrega GRÁTIS: ter., 5 de ago.",False,Economize 5% com o cupom,,,,,
B076M6PG45,Tramontina Enrolador de Mangueira até 55 metros com Rodinhas,"R$ 155,20",,BRL,4.6,1415,https://www.amazon.com.br/dp/B076M6PG45,https://m.media-amazon.com/images/I/71Cr7GV+4jL._AC_UY654_FMwebp_QL65_.jpg,1,"R$ 155,20",False,False,False,False,Mais de 200 compras no mês passado,"Entrega GRÁTIS: ter., 15 de jul.",False,,,,,,
B0BLT2MQY2,Ventisol Ventilador de teto wind br 3p inj branco c/r inverter bivolt,"R$ 199,90","R$ 253,71",BRL,4.6,1118,https://www.amazon.com.br/dp/B0BLT2MQY2,https://m.media-amazon.com/images/I/31F3IAFetGL._AC_UY654_FMwebp_QL65_.jpg,1,"R$ 199,90",False,False,True,False,Mais de 200 compras no mês passado,,False,,Oferta Prime Day,Energia elétrica,,,
B0DSC62W28,"Abafador de Ruidos, Protetores de Ouvido Dobráveis, Azul, Taxa de Redução Do Ruído 22db, Abafador de Ouvido, Abafador de Som, Abafador","R$ 159,99",,BRL,4,6,https://www.amazon.com.br/dp/B0DSC62W28,https://m.media-amazon.com/images/I/61CU6AyhbNL._AC_UY654_FMwebp_QL65_.jpg,1,"R$ 159,99",False,False,False,False,Mais de 30 compras no mês passado,"Entrega GRÁTIS: qua., 16 de jul.",False,Economize 5% com o cupom,,,"R$ 159,99",1.0,
B0DLHZB2W9,Luminária De Teto Pendente Led Moderna Lustre para Corredor Sala Quarto Cozinha (D08 (G) Preto (30cmx30cmx5cm)),"R$ 194,99",,BRL,4.3,70,https://www.amazon.com.br/dp/B0DLHZB2W9,https://m.media-amazon.com/images/I/41TOf2ftxwL._AC_UY654_FMwebp_QL65_.jpg,1,"R$ 194,99",False,False,False,False,,"Entrega GRÁTIS: dom., 20 de jul.",True,,,,,,
B0CLF2RGNL,"WAP Parafusadeira e Furadeira com Impacto à Bateria 3/8&quot; 21V K21-ID01, com Maleta Organizadora, Torque 21 Níveis, Bivolt","R$ 261,02",,BRL,4.6,639,https://www.amazon.com.br/dp/B0CLF2RGNL,https://m.media-amazon.com/images/I/81s-uIbE5JL._AC_UY654_FMwebp_QL65_.jpg,7,"R$ 259,00",False,False,False,False,Mais de 600 compras no mês passado,"Entrega GRÁTIS: Amanhã, 14 de jul.Ou entrega mais rápida: Hoje",False,,,,,,
B0DT4W3B8Z,Kit Completo Para Banheiro 4 Peças Preto Premium + Ducha Higiênica Preto Fosco Luxo,"R$ 134,90",,BRL,4.2,3,https://www.amazon.com.br/dp/B0DT4W3B8Z,https://m.media-amazon.com/images/I/51cIklpluDL._AC_UY654_FMwebp_QL65_.jpg,1,"R$ 134,90",False,False,False,False,,"Entrega GRÁTIS: ter., 5 de ago.",False,Economize 5% com o cupom,,,,,
B076M6PG45,Tramontina Enrolador de Mangueira até 55 metros com Rodinhas,"R$ 155,20",,BRL,4.6,1415,https://www.amazon.com.br/dp/B076M6PG45,https://m.media-amazon.com/images/I/71Cr7GV+4jL._AC_UY654_FMwebp_QL65_.jpg,1,"R$ 155,20",False,True,False,False,Mais de 200 compras no mês passado,"Entrega GRÁTIS: ter., 15 de jul.",False,,Escolha,,,,
B0BLT2MQY2,Ventisol Ventilador de teto wind br 3p inj branco c/r inverter bivolt,"R$ 199,90","R$ 253,71",BRL,4.6,1118,https://www.amazon.com.br/dp/B0BLT2MQY2,https://m.media-amazon.com/images/I/31F3IAFetGL._AC_UY654_FMwebp_QL65_.jpg,1,"R$ 199,90",False,False,True,False,Mais de 200 compras no mês passado,,False,,Oferta Prime Day,Energia elétrica,,,
B0DSC62W28,"Abafador de Ruidos, Protetores de Ouvido Dobráveis, Azul, Taxa de Redução Do Ruído 22db, Abafador de Ouvido, Abafador de Som, Abafador","R$ 159,99",,BRL,4,6,https://www.amazon.com.br/dp/B0DSC62W28,https://m.media-amazon.com/images/I/61CU6AyhbNL._AC_UY654_FMwebp_QL65_.jpg,1,"R$ 159,99",False,False,False,False,Mais de 30 compras no mês passado,"Entrega GRÁTIS: qua., 16 de jul.",False,Economize 5% com o cupom,,,"R$ 159,99",1.0,
B0DLHZB2W9,Luminária De Teto Pendente Led Moderna Lustre para Corredor Sala Quarto Cozinha (D08 (G) Preto (30cmx30cmx5cm)),"R$ 194,99",,BRL,4.3,70,https://www.amazon.com.br/dp/B0DLHZB2W9,https://m.media-amazon.com/images/I/41TOf2ftxwL._AC_UY654_FMwebp_QL65_.jpg,1,"R$ 194,99",False,False,False,False,,"Entrega GRÁTIS: dom., 20 de jul.",True,,,,,,
B0CLF2RGNL,"WAP Parafusadeira e Furadeira com Impacto à Bateria 3/8&quot; 21V K21-ID01, com Maleta Organizadora, Torque 21 Níveis, Bivolt","R$ 261,02",,BRL,4.6,639,https://www.amazon.com.br/dp/B0CLF2RGNL,https://m.media-amazon.com/images/I/81s-uIbE5JL._AC_UY654_FMwebp_QL65_.jpg,7,"R$ 259,00",False,False,False,False,Mais de 600 compras no mês passado,"Entrega GRÁTIS: Amanhã, 14 de jul.Ou entrega mais rápida: Hoje",False,,,,,,
B09B17MQLC,"Ventilador de Mesa 30cm Super Power, Mondial, Preto, 60W, 220V - VSP-30-B","R$ 99,90","R$ 119,90",BRL,4.6,25922,https://www.amazon.com.br/dp/B09B17MQLC,https://m.media-amazon.com/images/I/61SRi2wY3zL._AC_UY654_FMwebp_QL65_.jpg,1,"R$ 99,90",False,False,True,False,Mais de 1 mil compras no mês passado,,False,,Oferta Prime Day,Energia elétrica,,,
B0DQ63XCHN,"Lampada LED Ventilador Teto Com Controle Remoto Inteligente Silencioso, Flower, 60W, 2 em 1, Bivolt, 6 Hélices, Soquete Padrão E27, 3 Tons de Luzes, Potente, Econômico, Prática Instalação, Marca ATM","R$ 119,90","R$ 149,90",BRL,3.8,21,https://www.amazon.com.br/dp/B0DQ63XCHN,https://m.media-amazon.com/images/I/51yjGh0DGZL._AC_UY654_FMwebp_QL65_.jpg,1,"R$ 119,90",False,False,False,False,,"Entrega GRÁTIS: sáb., 19 de jul.",False,Economize 5% com o cupom,,,,,
B0CVHHNHGX,"Lorenzetti, Ducha Advanced Eletrônica Blindada 6000w 220v Lorenzetti","R$ 329,90","R$ 360,90",BRL,4.1,93,https://www.amazon.com.br/dp/B0CVHHNHGX,https://m.media-amazon.com/images/I/4137al-1s0L._AC_UY654_FMwebp_QL65_.jpg,1,"R$ 329,90",False,False,False,False,Mais de 100 compras no mês passado,"Entrega GRÁTIS: qua., 6 de ago.",False,,Economize 8%,,,,
B0845V3937,Fechadura Digital Para Uso Interno e Externo FR 10 Preto Intelbras,"R$ 230,55","R$ 268,98",BRL,4.8,8150,https://www.amazon.com.br/dp/B0845V3937,https://m.media-amazon.com/images/I/516+DoFfgOL._AC_UY654_FMwebp_QL65_.jpg,6,"R$ 211,50",False,False,False,False,Mais de 500 compras no mês passado,"Entrega GRÁTIS: Amanhã, 14 de jul.Ou entrega mais rápida: Hoje",False,,,,,,
B07ZJTPGH3,Valvula Alternadora de Pressão Para Caixa D&#x27;Agua Blukit,"R$ 119,90","R$ 132,80",BRL,4.6,563,https://www.amazon.com.br/dp/B07ZJTPGH3,https://m.media-amazon.com/images/I/61Bg8THOLiL._AC_UY654_FMwebp_QL65_.jpg,18,"R$ 113,00",False,False,False,False,Mais de 200 compras no mês passado,"Entrega GRÁTIS: qua., 6 de ago.",False,,,,,,
B0CD9ZP7Z2,"Câmera de segurança interna TP-Link Tapo 2K Pan/Tilt para monitor de bebê, câmera de animais de estimação | Detecção de movimento e rastreamento | Áudio bidirecional | Armazenamento em nuvem e cartão","R$ 389,00",,BRL,4.6,808,https://www.amazon.com.br/dp/B0CD9ZP7Z2,https://m.media-amazon.com/images/I/51HkxsEhnhL._AC_UY654_FMwebp_QL65_.jpg,1,"R$ 389,00",False,False,False,False,Mais de 100 compras no mês passado,Entrega GRÁTIS: 8 - 15 de ago.,False,,,,,,
B0F8B5BFNG,"Câmera de Segurança Wifi Externa, Camera HD 1080p, Camera Wifi 360, Visão noturna colorida, IP66 à Prova d&#x27;água e à Prova de Poeira, Chamada de Voz Bidirecional, Detecção de Movimento","R$ 149,90",,BRL,4.6,6,https://www.amazon.com.br/dp/B0F8B5BFNG,https://m.media-amazon.com/images/I/61leeWhYmIL._AC_UY654_FMwebp_QL65_.jpg,1,"R$ 149,90",False,False,False,False,,"Entrega GRÁTIS: qua., 16 de jul.",False,"Economize R$ 20,00 com o cupom",,,,,
B0F7V912LV,Furadeira E Parafusadeira De Impacto Bateria 21v 3/8 Tb-21pkx The Black Tools Com Maleta E Acessorios,"R$ 289,00",,BRL,4.6,3,https://www.amazon.com.br/dp/B0F7V912LV,https://m.media-amazon.com/images/I/81f+xJCdkXL._AC_UY654_FMwebp_QL65_.jpg,1,"R$ 289,00",False,False,False,False,,"Entrega GRÁTIS: sáb., 19 de jul.",False,,,,,,
B0CCBVWFTC,Ventisol Climatizador CLIN 16-01 220v br/cz Ventisol,"R$ 374,57","R$ 430,80",BRL,4.1,366,https://www.amazon.com.br/dp/B0CCBVWFTC,https://m.media-amazon.com/images/I/61akMOTha1L._AC_UY654_FMwebp_QL65_.jpg,22,"R$ 366,18",False,False,False,False,Mais de 200 compras no mês passado,"Entrega R$ 37,40: 23 - 28 de jul.",False,,,,,,
B07B6D3XQG,Aerógrafo com Acessórios 13 Peças - Vonder,"R$ 194,90",,BRL,4.6,103,https://www.amazon.com.br/dp/B07B6D3XQG,https://m.media-amazon.com/images/I/51KiBYWBIOL._AC_UY654_FMwebp_QL65_.jpg,1,"R$ 194,90",False,False,False,False,,"Entrega GRÁTIS: seg., 21 de jul.",False,,,,,,
B07B6D3XQG,Aerógrafo com Acessórios 13 Peças - Vonder,"R$ 194,90",,BRL,4.6,103,https://www.amazon.com.br/dp/B07B6D3XQG,https://m.media-amazon.com/images/I/51KiBYWBIOL._AC_UY654_FMwebp_QL65_.jpg,1,"R$ 194,90",False,False,False,False,,"Entrega GRÁTIS: seg., 21 de jul.",False,,,,,,
B0CF5YQHCP,"KIT 2 Câmeras de Segurança Domo WiFi PTZ externa, Câmera IP sem fio com visão de 360°, Visão noturna colorida, Áudio bidirecional, Detecção de movimento, Alerta de atividade - BELLA NET","R$ 167,00",,BRL,4.4,363,https://www.amazon.com.br/dp/B0CF5YQHCP,https://m.media-amazon.com/images/I/611A+xMO-rL._AC_UY654_FMwebp_QL65_.jpg,1,"R$ 167,00",False,False,False,False,Mais de 400 compras no mês passado,"Entrega R$ 24,34: 23 - 25 de jul.Ou entrega mais rápida: 17 - 18 de jul.",False,,,,,,
B0DMWSZWYV,"Black Decker Esmerilhadeira Angular 115mm, Ferramenta com Potência de 920W, com 3 Posições, Modelo G720X, 110V","R$ 259,00",,BRL,4.1,18,https://www.amazon.com.br/dp/B0DMWSZWYV,https://m.media-amazon.com/images/I/71oEigMJ+hL._AC_UY654_FMwebp_QL65_.jpg,5,"R$ 224,91",False,False,False,False,,"Entrega GRÁTIS: qua., 16 de jul.",False,,,,,,
B0CYCJ66Y8,"WAP Parafusadeira e Furadeira de Impacto 3/8&quot; WF-700K10, com 11 Acessórios e Maleta, Controle de Velocidade, 700W 220V","R$ 166,16","R$ 174,90",BRL,4.4,694,https://www.amazon.com.br/dp/B0CYCJ66Y8,https://m.media-amazon.com/images/I/81nOM1QSkkL._AC_UY654_FMwebp_QL65_.jpg,1,"R$ 166,16",False,True,False,False,Mais de 400 compras no mês passado,"Entrega GRÁTIS: Amanhã, 14 de jul.Ou entrega mais rápida: Hoje",False,,Escolha,,,,
B0CY9X9MB6,"Kit Ferramentas Rede Informática Testador Lan Crimpar Rj45, Ferramentas Manutenção De Rede Internet + Estojo, Maleta de TI","R$ 107,90",,BRL,4.4,84,https://www.amazon.com.br/dp/B0CY9X9MB6,https://m.media-amazon.com/images/I/41DH64EvljL._AC_UY510_FMwebp_QL65_.jpg,1,"R$ 107,90",False,False,False,False,,"Entrega GRÁTIS: sáb., 19 de jul.",False,,,,,,
B0F43SNX8M,YESOP Torneira Pia Banheiro Misturador Monocomando Preto,"R$ 126,65","R$ 199,00",BRL,,0,https://www.amazon.com.br/dp/B0F43SNX8M,https://m.media-amazon.com/images/I/410FkfqvniL._AC_UY654_FMwebp_QL65_.jpg,1,"R$ 126,65",False,False,True,False,,,True,,Com Prime,,,,
B0F3HVW9JS,"61 peças de ferramentas de escultura de argila cerâmica, kit de ferramentas de cerâmica e suprimentos para esculpir, cerâmica de modelagem, forno de cerâmica, ferramentas de argila de polímero para","R$ 210,12",,BRL,,0,https://www.amazon.com.br/dp/B0F3HVW9JS,https://m.media-amazon.com/images/I/71JqVIM0EUL._AC_UY654_FMwebp_QL65_.jpg,1,"R$ 210,12",False,False,False,False,,"Entrega R$ 8,90: ter., 5 de ago.",False,,,,,,
B0DYD59ZZF,YESOP Ducha Chuveiro Slim 20x20cm Aço Inox Com Chuveiro De Mão Cor Cromado,"R$ 170,14","R$ 259,00",BRL,5,2,https://www.amazon.com.br/dp/B0DYD59ZZF,https://m.media-amazon.com/images/I/41TWqdZ7LoL._AC_UY654_FMwebp_QL65_.jpg,1,"R$ 170,14",False,False,True,False,,,False,,Com Prime,,,,
B0B5GRGB58,"Câmera de Segurança wi-fi Externa Armazenamento na Nuvem/SD, 2K Alimentado por Bateria AI Detecção de Movimento Holofote Sirene Alarme Câmeras de Vigilância e Segurança Interna, Visão Noturna Colorida","R$ 259,00",,BRL,4.2,10439,https://www.amazon.com.br/dp/B0B5GRGB58,https://m.media-amazon.com/images/I/610iZX9CHPL._AC_UY654_FMwebp_QL65_.jpg,1,"R$ 259,00",False,False,False,False,Mais de 50 compras no mês passado,"Entrega GRÁTIS: sáb., 19 de jul.",False,,,,,,
B0BLJN4DJ1,Bomba Pressurizadora De Água 120w 11 mca 60 Hz 110v MM House,"R$ 249,90",,BRL,4.1,183,https://www.amazon.com.br/dp/B0BLJN4DJ1,https://m.media-amazon.com/images/I/51jZgvqahDL._AC_UY654_FMwebp_QL65_.jpg,1,"R$ 249,90",False,False,False,True,Mais de 50 compras no mês passado,"Entrega GRÁTIS: qua., 16 de jul.",False,,,,,,
B07TC6B1S2,Vonder Bateria 12V Lítio Para Paraf Pfv012,"R$ 108,46","R$ 121,00",BRL,4.8,750,https://www.amazon.com.br/dp/B07TC6B1S2,https://m.media-amazon.com/images/I/719WOvJ+O-L._AC_UY654_FMwebp_QL65_.jpg,1,"R$ 108,46",False,False,False,False,Mais de 100 compras no mês passado,"Entrega GRÁTIS: Amanhã, 14 de jul.Ou entrega mais rápida: Hoje",False,,,,,,
B0F1T4SCMJ,"Torneira De Banheiro De Aço Inoxidável 304, Torneira Moderna De Luxo, Prata","R$ 135,99","R$ 165,99",BRL,4.4,10,https://www.amazon.com.br/dp/B0F1T4SCMJ,https://m.media-amazon.com/images/I/71syq0mJnUL._AC_UY654_FMwebp_QL65_.jpg,1,"R$ 135,99",False,False,True,False,,,True,,Com Prime,,,,
B0DHHFSTKJ,"Torneira Flexível Duplo Jato Com filtro Para Cozinha Instalação de Balcão, Bancada, Mesa","R$ 119,98",,BRL,3.6,4,https://www.amazon.com.br/dp/B0DHHFSTKJ,https://m.media-amazon.com/images/I/415MNT7N1jL._AC_UY654_FMwebp_QL65_.jpg,1,"R$ 119,98",False,False,False,False,,"Entrega GRÁTIS: qua., 16 de jul.",False,,,,,,
B07L4XPJRH,MINIBOMBA DE AGUA TP40 G4 127V 60HZ,"R$ 321,30","R$ 357,00",BRL,4.6,156,https://www.amazon.com.br/dp/B07L4XPJRH,https://m.media-amazon.com/images/I/51H7HYMaZPL._AC_UY654_FMwebp_QL65_.jpg,1,"R$ 321,30",False,False,True,False,,,False,,Oferta Prime Day,,,,
B0F2BZYQH9,"Luminária De Mesa Led Com Braço Articulado E Presilha, 3 Níveis De Brilho, Rotação 360°, Luz Ajustável Para Leitura, Estudo E Trabalho, Ideal Para Escritório E Home Office","R$ 129,99",,BRL,4.9,13,https://www.amazon.com.br/dp/B0F2BZYQH9,https://m.media-amazon.com/images/I/51N4VUimZtL._AC_UY654_FMwebp_QL65_.jpg,1,"R$ 129,99",False,False,False,True,Mais de 50 compras no mês passado,"Entrega GRÁTIS: qua., 16 de jul.",False,,,,,,
B0BQLCQ59H,Tanque Inox Fosco American Steel 40x34 18 Litros Inox 304 + Válvula + Sifão,"R$ 229,90",,BRL,4.4,46,https://www.amazon.com.br/dp/B0BQLCQ59H,https://m.media-amazon.com/images/I/51j0tToZEsL._AC_UY654_FMwebp_QL65_.jpg,1,"R$ 229,90",False,False,False,False,,"Entrega GRÁTIS: seg., 21 de jul.",False,,,Aço inoxidável,,,
B0CY9X9MB6,"Kit Ferramentas Rede Informática Testador Lan Crimpar Rj45, Ferramentas Manutenção De Rede Internet + Estojo, Maleta de TI","R$ 107,90",,BRL,4.4,84,https://www.amazon.com.br/dp/B0CY9X9MB6,https://m.media-amazon.com/images/I/41DH64EvljL._AC_UY510_FMwebp_QL65_.jpg,1,"R$ 107,90",False,False,False,False,,"Entrega GRÁTIS: sáb., 19 de jul.",False,,,,,,
B0F43SNX8M,YESOP Torneira Pia Banheiro Misturador Monocomando Preto,"R$ 126,65","R$ 199,00",BRL,,0,https://www.amazon.com.br/dp/B0F43SNX8M,https://m.media-amazon.com/images/I/410FkfqvniL._AC_UY654_FMwebp_QL65_.jpg,1,"R$ 126,65",False,False,True,False,,,True,,Com Prime,,,,
B0F3HVW9JS,"61 peças de ferramentas de escultura de argila cerâmica, kit de ferramentas de cerâmica e suprimentos para esculpir, cerâmica de modelagem, forno de cerâmica, ferramentas de argila de polímero para","R$ 210,12",,BRL,,0,https://www.amazon.com.br/dp/B0F3HVW9JS,https://m.media-amazon.com/images/I/71JqVIM0EUL._AC_UY654_FMwebp_QL65_.jpg,1,"R$ 210,12",False,False,False,False,,"Entrega R$ 8,90: ter., 5 de ago.",False,,,,,,
B0DYD59ZZF,YESOP Ducha Chuveiro Slim 20x20cm Aço Inox Com Chuveiro De Mão Cor Cromado,"R$ 170,14","R$ 259,00",BRL,5,2,https://www.amazon.com.br/dp/B0DYD59ZZF,https://m.media-amazon.com/images/I/41TWqdZ7LoL._AC_UY654_FMwebp_QL65_.jpg,1,"R$ 170,14",False,False,True,False,,,False,,Com Prime,,,,
B0B5GRGB58,"Câmera de Segurança wi-fi Externa Armazenamento na Nuvem/SD, 2K Alimentado por Bateria AI Detecção de Movimento Holofote Sirene Alarme Câmeras de Vigilância e Segurança Interna, Visão Noturna Colorida","R$ 259,00",,BRL,4.2,10439,https://www.amazon.com.br/dp/B0B5GRGB58,https://m.media-amazon.com/images/I/610iZX9CHPL._AC_UY654_FMwebp_QL65_.jpg,1,"R$ 259,00",False,False,False,False,Mais de 50 compras no mês passado,"Entrega GRÁTIS: sáb., 19 de jul.",False,,,,,,
B0BLJN4DJ1,Bomba Pressurizadora De Água 120w 11 mca 60 Hz 110v MM House,"R$ 249,90",,BRL,4.1,183,https://www.amazon.com.br/dp/B0BLJN4DJ1,https://m.media-amazon.com/images/I/51jZgvqahDL._AC_UY654_FMwebp_QL65_.jpg,1,"R$ 249,90",False,False,False,True,Mais de 50 compras no mês passado,"Entrega GRÁTIS: qua., 16 de jul.",False,,,,,,
B07TC6B1S2,Vonder Bateria 12V Lítio Para Paraf Pfv012,"R$ 108,46","R$ 121,00",BRL,4.8,750,https://www.amazon.com.br/dp/B07TC6B1S2,https://m.media-amazon.com/images/I/719WOvJ+O-L._AC_UY654_FMwebp_QL65_.jpg,1,"R$ 108,46",False,False,False,False,Mais de 100 compras no mês passado,"Entrega GRÁTIS: Amanhã, 14 de jul.Ou entrega mais rápida: Hoje",False,,,,,,
B0F1T4SCMJ,"Torneira De Banheiro De Aço Inoxidável 304, Torneira Moderna De Luxo, Prata","R$ 135,99","R$ 165,99",BRL,4.4,10,https://www.amazon.com.br/dp/B0F1T4SCMJ,https://m.media-amazon.com/images/I/71syq0mJnUL._AC_UY654_FMwebp_QL65_.jpg,1,"R$ 135,99",False,False,True,False,,,True,,Com Prime,,,,
B0DHHFSTKJ,"Torneira Flexível Duplo Jato Com filtro Para Cozinha Instalação de Balcão, Bancada, Mesa","R$ 119,98",,BRL,3.6,4,https://www.amazon.com.br/dp/B0DHHFSTKJ,https://m.media-amazon.com/images/I/415MNT7N1jL._AC_UY654_FMwebp_QL65_.jpg,1,"R$ 119,98",False,False,False,False,,"Entrega GRÁTIS: qua., 16 de jul.",False,,,,,,
B07L4XPJRH,MINIBOMBA DE AGUA TP40 G4 127V 60HZ,"R$ 321,30","R$ 357,00",BRL,4.6,156,https://www.amazon.com.br/dp/B07L4XPJRH,https://m.media-amazon.com/images/I/51H7HYMaZPL._AC_UY654_FMwebp_QL65_.jpg,1,"R$ 321,30",False,False,True,False,,,False,,Oferta Prime Day,,,,
B0F2BZYQH9,"Luminária De Mesa Led Com Braço Articulado E Presilha, 3 Níveis De Brilho, Rotação 360°, Luz Ajustável Para Leitura, Estudo E Trabalho, Ideal Para Escritório E Home Office","R$ 129,99",,BRL,4.9,13,https://www.amazon.com.br/dp/B0F2BZYQH9,https://m.media-amazon.com/images/I/51N4VUimZtL._AC_UY654_FMwebp_QL65_.jpg,1,"R$ 129,99",False,False,False,True,Mais de 50 compras no mês passado,"Entrega GRÁTIS: qua., 16 de jul.",False,,,,,,
B0BQLCQ59H,Tanque Inox Fosco American Steel 40x34 18 Litros Inox 304 + Válvula + Sifão,"R$ 229,90",,BRL,4.4,46,https://www.amazon.com.br/dp/B0BQLCQ59H,https://m.media-amazon.com/images/I/51j0tToZEsL._AC_UY654_FMwebp_QL65_.jpg,1,"R$ 229,90",False,True,False,False,,"Entrega GRÁTIS: seg., 21 de jul.",False,,Escolha,Aço inoxidável,,,
B0D42WWYG5,Bota botina Segurança Ocupacional EPI Marluvas Linha Premier 75BPR-PVC cabedal em Nobuck Bico PVC e solado Bidensidade com Estabilizador,"R$ 295,70",,BRL,4.7,18,https://www.amazon.com.br/dp/B0D42WWYG5,https://m.media-amazon.com/images/I/611iJ40UvjL._AC_UY654_FMwebp_QL65_.jpg,1,"R$ 295,70",False,False,False,False,,"Entrega GRÁTIS: dom., 20 de jul.",False,,,,,,
B0CWLX4679,Arandela Tocheiro Metal e Tecido Champanhe 30x15cm Ar1128,"R$ 136,70",,BRL,4.5,7,https://www.amazon.com.br/dp/B0CWLX4679,https://m.media-amazon.com/images/I/313AXdQDgJL._AC_UY654_FMwebp_QL65_.jpg,1,"R$ 136,70",False,False,False,False,,"Entrega GRÁTIS: dom., 20 de jul.",False,,,,,,
B07TP49MDZ,MINIBOMBA DE AGUA TP40 G4 220V 60HZ,"R$ 332,60","R$ 369,60",BRL,4.7,179,https://www.amazon.com.br/dp/B07TP49MDZ,https://m.media-amazon.com/images/I/5160awkMRlL._AC_UY654_FMwebp_QL65_.jpg,1,"R$ 332,60",False,False,True,False,Mais de 50 compras no mês passado,,False,,Oferta Prime Day,,,,
B0F3X393DD,"Camera de Segurança Wifi Externa HD 1080p, Câmera Doméstica Inteligente de Visão Noturna Infravermelha Sem Fio, IP66 à Prova d&#x27;água e à Prova de Poeira, Chamada de Voz Bidirecional","R$ 122,79",,BRL,5,4,https://www.amazon.com.br/dp/B0F3X393DD,https://m.media-amazon.com/images/I/514oq7hPsTL._AC_UY654_FMwebp_QL65_.jpg,2,"R$ 122,75",False,False,False,False,,"Entrega GRÁTIS: qua., 16 de jul.",False,,,,,,
B0DHHFSTKJ,"Torneira Flexível Duplo Jato Com filtro Para Cozinha Instalação de Balcão, Bancada, Mesa","R$ 119,98",,BRL,3.6,4,https://www.amazon.com.br/dp/B0DHHFSTKJ,https://m.media-amazon.com/images/I/415MNT7N1jL._AC_UY654_FMwebp_QL65_.jpg,1,"R$ 119,98",False,False,False,False,,"Entrega GRÁTIS: qua., 16 de jul.",False,,,,,,
B07L4XPJRH,MINIBOMBA DE AGUA TP40 G4 127V 60HZ,"R$ 321,30","R$ 357,00",BRL,4.6,156,https://www.amazon.com.br/dp/B07L4XPJRH,https://m.media-amazon.com/images/I/51H7HYMaZPL._AC_UY654_FMwebp_QL65_.jpg,1,"R$ 321,30",False,False,True,False,,,False,,Oferta Prime Day,,,,
B0F2BZYQH9,"Luminária De Mesa Led Com Braço Articulado E Presilha, 3 Níveis De Brilho, Rotação 360°, Luz Ajustável Para Leitura, Estudo E Trabalho, Ideal Para Escritório E Home Office","R$ 129,99",,BRL,4.9,13,https://www.amazon.com.br/dp/B0F2BZYQH9,https://m.media-amazon.com/images/I/51N4VUimZtL._AC_UY654_FMwebp_QL65_.jpg,1,"R$ 129,99",False,False,False,True,Mais de 50 compras no mês passado,"Entrega GRÁTIS: qua., 16 de jul.",False,,,,,,
B0BQLCQ59H,Tanque Inox Fosco American Steel 40x34 18 Litros Inox 304 + Válvula + Sifão,"R$ 229,90",,BRL,4.4,46,https://www.amazon.com.br/dp/B0BQLCQ59H,https://m.media-amazon.com/images/I/51j0tToZEsL._AC_UY654_FMwebp_QL65_.jpg,1,"R$ 229,90",False,False,False,False,,"Entrega GRÁTIS: seg., 21 de jul.",False,,,Aço inoxidável,,,
B0D42WWYG5,Bota botina Segurança Ocupacional EPI Marluvas Linha Premier 75BPR-PVC cabedal em Nobuck Bico PVC e solado Bidensidade com Estabilizador,"R$ 295,70",,BRL,4.7,18,https://www.amazon.com.br/dp/B0D42WWYG5,https://m.media-amazon.com/images/I/611iJ40UvjL._AC_UY654_FMwebp_QL65_.jpg,1,"R$ 295,70",False,False,False,False,,"Entrega GRÁTIS: dom., 20 de jul.",False,,,,,,
B0CWLX4679,Arandela Tocheiro Metal e Tecido Champanhe 30x15cm Ar1128,"R$ 136,70",,BRL,4.5,7,https://www.amazon.com.br/dp/B0CWLX4679,https://m.media-amazon.com/images/I/313AXdQDgJL._AC_UY654_FMwebp_QL65_.jpg,1,"R$ 136,70",False,False,False,False,,"Entrega GRÁTIS: dom., 20 de jul.",False,,,,,,
B07TP49MDZ,MINIBOMBA DE AGUA TP40 G4 220V 60HZ,"R$ 332,60","R$ 369,60",BRL,4.7,179,https://www.amazon.com.br/dp/B07TP49MDZ,https://m.media-amazon.com/images/I/5160awkMRlL._AC_UY654_FMwebp_QL65_.jpg,1,"R$ 332,60",False,False,True,False,Mais de 50 compras no mês passado,,False,,Oferta Prime Day,,,,
B0F3X393DD,"Camera de Segurança Wifi Externa HD 1080p, Câmera Doméstica Inteligente de Visão Noturna Infravermelha Sem Fio, IP66 à Prova d&#x27;água e à Prova de Poeira, Chamada de Voz Bidirecional","R$ 122,79",,BRL,5,4,https://www.amazon.com.br/dp/B0F3X393DD,https://m.media-amazon.com/images/I/514oq7hPsTL._AC_UY654_FMwebp_QL65_.jpg,2,"R$ 122,75",False,False,False,False,,"Entrega GRÁTIS: qua., 16 de jul.",False,,,,,,
B083JKT1QQ,Marwell Industrial 20 Pisos Plástico Preto Estrado Pallet 50x25cm,"R$ 129,90",,BRL,4.4,47,https://www.amazon.com.br/dp/B083JKT1QQ,https://m.media-amazon.com/images/I/61wRCSKuU5L._AC_UY654_FMwebp_QL65_.jpg,1,"R$ 129,90",False,False,False,False,Mais de 20 compras no mês passado,"Entrega GRÁTIS: ter., 29 de jul.",False,,,,,,
B0C5XT6GQ2,Evita Mofo Secar Original 12x180g (Natural),"R$ 125,88",,BRL,4.8,100,https://www.amazon.com.br/dp/B0C5XT6GQ2,https://m.media-amazon.com/images/I/71vnXXYHPRL._AC_UY654_FMwebp_QL65_.jpg,1,"R$ 125,88",False,False,False,False,,"Entrega GRÁTIS: seg., 21 de jul.",False,,,,,,
B076VTRJRP,Dremel 3000 Microrretífica com 10 Acessórios 220V,"R$ 299,08",,BRL,4.7,903,https://www.amazon.com.br/dp/B076VTRJRP,https://m.media-amazon.com/images/I/718RT4nWLeL._AC_UY654_FMwebp_QL65_.jpg,12,"R$ 275,98",False,False,False,False,Mais de 30 compras no mês passado,"Entrega GRÁTIS: Amanhã, 14 de jul.Ou entrega mais rápida: Hoje",False,,,,,,
B083DMT3V7,"Bosch Jogo de brocas EXPERT HEX-9 Hard Ceramic 4/5/6/8/11, 3 peças","R$ 148,20",,BRL,4.3,1051,https://www.amazon.com.br/dp/B083DMT3V7,https://m.media-amazon.com/images/I/81VIUTQneOS._AC_UY654_FMwebp_QL65_.jpg,1,"R$ 148,20",False,False,False,False,Mais de 100 compras no mês passado,"Entrega GRÁTIS: Amanhã, 14 de jul.Ou entrega mais rápida: Hoje",False,,,,,,
B076XQ142H,"Pistola Elétrica Para Pintura Pev 400, 127 V~ Vonder","R$ 309,46",,BRL,4.6,1641,https://www.amazon.com.br/dp/B076XQ142H,https://m.media-amazon.com/images/I/81Vi+Q7DiTL._AC_UY654_FMwebp_QL65_.jpg,19,"R$ 290,90",False,False,False,False,Mais de 100 compras no mês passado,"Entrega GRÁTIS: Amanhã, 14 de jul.Ou entrega mais rápida: Hoje",False,,,,,,
B0CYBNFZWJ,Nível a Laser Automático 15m Profissional,"R$ 118,15","R$ 139,00",BRL,4.7,28,https://www.amazon.com.br/dp/B0CYBNFZWJ,https://m.media-amazon.com/images/I/51OnMH8dW9L._AC_UY654_FMwebp_QL65_.jpg,1,"R$ 118,15",False,False,True,False,Mais de 50 compras no mês passado,,False,,Com Prime,,,,
B0F3GBV28F,"Luminária de mesa LED com braço articulado(articulável) e braçadeira, 3 modos de brilho de iluminação, Lâmpadas de mesa de leitura para escritório, rotação de 360°, Estudos com clip Premium (Branca)","R$ 118,99",,BRL,4.9,14,https://www.amazon.com.br/dp/B0F3GBV28F,https://m.media-amazon.com/images/I/51sAPsVT-tL._AC_UY654_FMwebp_QL65_.jpg,1,"R$ 118,99",False,False,False,False,,"Entrega GRÁTIS: qua., 16 de jul.",False,,,,,,
B078WZCG64,"Aqualar, 3M, Refil Bella Fonte","R$ 130,75",,BRL,4.8,218,https://www.amazon.com.br/dp/B078WZCG64,https://m.media-amazon.com/images/I/81lyVh2NVPL._AC_UY654_FMwebp_QL65_.jpg,1,"R$ 130,75",False,False,False,False,Mais de 30 compras no mês passado,"Entrega GRÁTIS: Amanhã, 14 de jul.Ou entrega mais rápida: Hoje",False,,,,,,
B078WZCG64,"Aqualar, 3M, Refil Bella Fonte","R$ 130,75",,BRL,4.8,218,https://www.amazon.com.br/dp/B078WZCG64,https://m.media-amazon.com/images/I/81lyVh2NVPL._AC_UY654_FMwebp_QL65_.jpg,1,"R$ 130,75",False,False,False,False,Mais de 30 compras no mês passado,"Entrega GRÁTIS: Amanhã, 14 de jul.Ou entrega mais rápida: Hoje",False,,,,,,
B0D9ZV3SH5,Calibrador Portátil Digital,"R$ 125,30",,BRL,4.6,54,https://www.amazon.com.br/dp/B0D9ZV3SH5,https://m.media-amazon.com/images/I/61Q+CWeQDyL._AC_UY654_FMwebp_QL65_.jpg,1,"R$ 125,30",False,False,False,False,Mais de 50 compras no mês passado,"Entrega GRÁTIS: sáb., 19 de jul.",False,,,,,,
B0BG9CKZGZ,Arandela Solar Integrada ASI 220 Luz Amarela Intelbras,"R$ 94,61","R$ 114,60",BRL,4.6,217,https://www.amazon.com.br/dp/B0BG9CKZGZ,https://m.media-amazon.com/images/I/51bK3u+logL._AC_UY654_FMwebp_QL65_.jpg,15,"R$ 67,81",False,False,False,False,,"Entrega GRÁTIS: Amanhã, 14 de jul.Ou entrega mais rápida: Hoje",True,,,,,,
B0DY8JZRVZ,Lustre Pendente Jabuticaba 7 globos E27 Alumínio Dourado,"R$ 499,99",,BRL,5,3,https://www.amazon.com.br/dp/B0DY8JZRVZ,https://m.media-amazon.com/images/I/41e+kky+gwL._AC_UY654_FMwebp_QL65_.jpg,1,"R$ 499,99",False,False,False,False,Mais de 20 compras no mês passado,"Entrega GRÁTIS: qui., 24 de jul.",False,,,,,,
B0DJB27Q87,"Martelete Rompedor Rotativo Furadeira Impacto 1200W Ponteira Talhadeira Maleta (110, Volts)","R$ 339,00","R$ 359,00",BRL,4.3,48,https://www.amazon.com.br/dp/B0DJB27Q87,https://m.media-amazon.com/images/I/51w0tXn601L._AC_UY654_FMwebp_QL65_.jpg,1,"R$ 339,00",False,False,False,False,,"Entrega GRÁTIS: ter., 5 de ago.",False,,Economize 5%,,,,
B0F9LRC252,Estante Organizadora para Lavanderia com 3 Prateleiras 72x25x155cm - Organização e Praticidade - Wincy - OGC01170,"R$ 219,90",,BRL,,0,https://www.amazon.com.br/dp/B0F9LRC252,https://m.media-amazon.com/images/I/51sBQkzOvFL._AC_UY654_FMwebp_QL65_.jpg,1,"R$ 219,90",False,False,False,False,,"Entrega GRÁTIS: ter., 29 de jul.",False,,,,,,
B0DLXQDKRR,Climatizador de Ar 5L Midea 127v 60hz Midea,"R$ 294,62","R$ 333,51",BRL,4.7,5,https://www.amazon.com.br/dp/B0DLXQDKRR,https://m.media-amazon.com/images/I/61DhWhVJjpL._AC_UY654_FMwebp_QL65_.jpg,1,"R$ 294,62",False,False,False,False,,"Entrega GRÁTIS: sex., 25 de jul.",False,,,,,,
B0BFFGX3CV,"WAP Trena Digital a Laser TLP 40, Tela LCD e Desligamento Automático, 40 Metros, Resistente à Água e Impactos Baixos","R$ 195,05",,BRL,4.8,400,https://www.amazon.com.br/dp/B0BFFGX3CV,https://m.media-amazon.com/images/I/81pu5sSGI-L._AC_UY654_FMwebp_QL65_.jpg,1,"R$ 195,05",False,False,False,False,Mais de 100 compras no mês passado,"Entrega GRÁTIS: Amanhã, 14 de jul.Ou entrega mais rápida: Hoje",False,,,,,,
B0F1T6LFFJ,"Bomba de Ar Portátil: Compressor Digital, 130 PSI, Bateria 4000mAh, Infla Pneus, Bolas, Colchões, Boias. Cabo USB-C, Carregador Veicular e Lanterna LED, Powerbank. Ideal para Carro, Moto e Bike!","R$ 109,90","R$ 119,90",BRL,4.2,50,https://www.amazon.com.br/dp/B0F1T6LFFJ,https://m.media-amazon.com/images/I/519DM4FA7zL._AC_UY654_FMwebp_QL65_.jpg,1,"R$ 109,90",False,False,False,False,Mais de 50 compras no mês passado,"Entrega GRÁTIS: sáb., 19 de jul.",False,,,,,,
B09YRW53BG,Câmera de Segurança EZVIZ C6N Wi-Fi Full HD 1080p,"R$ 274,90",,BRL,4.7,37,https://www.amazon.com.br/dp/B09YRW53BG,https://m.media-amazon.com/images/I/41FVS82JBFL._AC_UY654_FMwebp_QL65_.jpg,1,"R$ 274,90",False,False,False,False,,Entrega GRÁTIS: 22 - 23 de jul.,False,,,,,,
B0CW976R89,"Fechadura Digital de Sobrepor, Abertura por senha ou tag, Pop, Prata, DS1100V, Elsys","R$ 299,12","R$ 349,00",BRL,4.6,493,https://www.amazon.com.br/dp/B0CW976R89,https://m.media-amazon.com/images/I/41+9EUamtkL._AC_UY654_FMwebp_QL65_.jpg,3,"R$ 296,65",False,False,False,False,Mais de 100 compras no mês passado,"Entrega GRÁTIS: Amanhã, 14 de jul.Ou entrega mais rápida: Hoje",False,,,,,,
B0F1ZFM6JM,Kit Alicate Crimpador com Box de Terminais 1900 Ilhós + Alicate Decapador,"R$ 130,95",,BRL,4.7,26,https://www.amazon.com.br/dp/B0F1ZFM6JM,https://m.media-amazon.com/images/I/61hSxe1oYcL._AC_UY654_FMwebp_QL65_.jpg,1,"R$ 130,95",False,False,False,False,Mais de 100 compras no mês passado,"Entrega GRÁTIS: qua., 16 de jul.",False,,,,,,
B0CGVRJ5VY,Central de Automação Inteligente Residencial MCA 1001 Branco Intelbras,"R$ 245,76","R$ 290,52",BRL,4.5,139,https://www.amazon.com.br/dp/B0CGVRJ5VY,https://m.media-amazon.com/images/I/515KWRvhkkL._AC_UY654_FMwebp_QL65_.jpg,1,"R$ 245,76",False,False,False,False,,"Entrega GRÁTIS: qua., 16 de jul.",False,,,,,,
B0F4PZNPW9,"Furadeira e Parafusadeira de Impacto Sem Fio 21V com LED, 2 Baterias Recarregáveis Bivolt e 32 Acessórios - Maleta Completa para Uso Doméstico e Profissional","R$ 195,90",,BRL,4,11,https://www.amazon.com.br/dp/B0F4PZNPW9,https://m.media-amazon.com/images/I/61TW-TpvFXL._AC_UY654_FMwebp_QL65_.jpg,1,"R$ 195,90",False,False,False,False,Mais de 50 compras no mês passado,"Entrega GRÁTIS: sáb., 19 de jul.",False,,,,,,
B0CH3ZLGZK,Assento Redutor Infantil Vaso Sanitário Privada Com Escada Trono Troninho (Cinza),"R$ 92,90","R$ 109,90",BRL,4.5,286,https://www.amazon.com.br/dp/B0CH3ZLGZK,https://m.media-amazon.com/images/I/61vDsUKJI7L._AC_UY654_FMwebp_QL65_.jpg,1,"R$ 92,90",False,False,True,True,Mais de 200 compras no mês passado,,True,,Com Prime,,,,
B0BTQY3GMZ,"Ventilador de Coluna Mallory Chronos 126W, Silencioso, Com Controle Remoto, Hélice de 6 pás, Auto Desligamento Programável de até 7 Horas- PR – GR - 220V","R$ 205,70","R$ 227,48",BRL,4.5,928,https://www.amazon.com.br/dp/B0BTQY3GMZ,https://m.media-amazon.com/images/I/71hUqqrFa1L._AC_UY654_FMwebp_QL65_.jpg,10,"R$ 186,33",False,False,False,False,Mais de 600 compras no mês passado,"Entrega GRÁTIS: sex., 25 de jul.",False,,,Energia elétrica,,,
B0F1T6LFFJ,"Bomba de Ar Portátil: Compressor Digital, 130 PSI, Bateria 4000mAh, Infla Pneus, Bolas, Colchões, Boias. Cabo USB-C, Carregador Veicular e Lanterna LED, Powerbank. Ideal para Carro, Moto e Bike!","R$ 109,90","R$ 119,90",BRL,4.2,50,https://www.amazon.com.br/dp/B0F1T6LFFJ,https://m.media-amazon.com/images/I/519DM4FA7zL._AC_UY654_FMwebp_QL65_.jpg,1,"R$ 109,90",False,False,False,False,Mais de 50 compras no mês passado,"Entrega GRÁTIS: sáb., 19 de jul.",False,,,,,,
B09YRW53BG,Câmera de Segurança EZVIZ C6N Wi-Fi Full HD 1080p,"R$ 274,90",,BRL,4.7,37,https://www.amazon.com.br/dp/B09YRW53BG,https://m.media-amazon.com/images/I/41FVS82JBFL._AC_UY654_FMwebp_QL65_.jpg,1,"R$ 274,90",False,False,False,False,,Entrega GRÁTIS: 22 - 23 de jul.,False,,,,,,
B0CW976R89,"Fechadura Digital de Sobrepor, Abertura por senha ou tag, Pop, Prata, DS1100V, Elsys","R$ 299,12","R$ 349,00",BRL,4.6,493,https://www.amazon.com.br/dp/B0CW976R89,https://m.media-amazon.com/images/I/41+9EUamtkL._AC_UY654_FMwebp_QL65_.jpg,3,"R$ 296,65",False,False,False,False,Mais de 100 compras no mês passado,"Entrega GRÁTIS: Amanhã, 14 de jul.Ou entrega mais rápida: Hoje",False,,,,,,
B0F1ZFM6JM,Kit Alicate Crimpador com Box de Terminais 1900 Ilhós + Alicate Decapador,"R$ 130,95",,BRL,4.7,26,https://www.amazon.com.br/dp/B0F1ZFM6JM,https://m.media-amazon.com/images/I/61hSxe1oYcL._AC_UY654_FMwebp_QL65_.jpg,1,"R$ 130,95",False,False,False,False,Mais de 100 compras no mês passado,"Entrega GRÁTIS: qua., 16 de jul.",False,,,,,,
B0CGVRJ5VY,Central de Automação Inteligente Residencial MCA 1001 Branco Intelbras,"R$ 245,76","R$ 290,52",BRL,4.5,139,https://www.amazon.com.br/dp/B0CGVRJ5VY,https://m.media-amazon.com/images/I/515KWRvhkkL._AC_UY654_FMwebp_QL65_.jpg,1,"R$ 245,76",False,False,False,False,,"Entrega GRÁTIS: qua., 16 de jul.",False,,,,,,
B0F4PZNPW9,"Furadeira e Parafusadeira de Impacto Sem Fio 21V com LED, 2 Baterias Recarregáveis Bivolt e 32 Acessórios - Maleta Completa para Uso Doméstico e Profissional","R$ 195,90",,BRL,4,11,https://www.amazon.com.br/dp/B0F4PZNPW9,https://m.media-amazon.com/images/I/61TW-TpvFXL._AC_UY654_FMwebp_QL65_.jpg,1,"R$ 195,90",False,False,False,False,Mais de 50 compras no mês passado,"Entrega GRÁTIS: sáb., 19 de jul.",False,,,,,,
B0CH3ZLGZK,Assento Redutor Infantil Vaso Sanitário Privada Com Escada Trono Troninho (Cinza),"R$ 92,90","R$ 109,90",BRL,4.5,286,https://www.amazon.com.br/dp/B0CH3ZLGZK,https://m.media-amazon.com/images/I/61vDsUKJI7L._AC_UY654_FMwebp_QL65_.jpg,1,"R$ 92,90",False,False,True,True,Mais de 200 compras no mês passado,,True,,Com Prime,,,,
B0BTQY3GMZ,"Ventilador de Coluna Mallory Chronos 126W, Silencioso, Com Controle Remoto, Hélice de 6 pás, Auto Desligamento Programável de até 7 Horas- PR – GR - 220V","R$ 205,70","R$ 227,48",BRL,4.5,928,https://www.amazon.com.br/dp/B0BTQY3GMZ,https://m.media-amazon.com/images/I/71hUqqrFa1L._AC_UY654_FMwebp_QL65_.jpg,10,"R$ 186,33",False,False,False,False,Mais de 600 compras no mês passado,"Entrega GRÁTIS: sex., 25 de jul.",False,,,Energia elétrica,,,
B0CT9TKZ7R,Câmera de Segurança Dupla Wi-fi Smart Angulo Duplo A28B 3mp Icsee,"R$ 138,99",,BRL,4.4,306,https://www.amazon.com.br/dp/B0CT9TKZ7R,https://m.media-amazon.com/images/I/41A9hMVWfbL._AC_UY654_FMwebp_QL65_.jpg,26,"R$ 118,75",False,False,False,False,Mais de 200 compras no mês passado,"Entrega GRÁTIS: dom., 20 de jul.",False,,,,,,
B0CJH2Z78B,Lareira Ecológica Portátil A Álcool Preta,"R$ 199,00",,BRL,4,12,https://www.amazon.com.br/dp/B0CJH2Z78B,https://m.media-amazon.com/images/I/511mNzB5IiL._AC_UY654_FMwebp_QL65_.jpg,1,"R$ 199,00",False,False,False,False,Mais de 30 compras no mês passado,"Entrega GRÁTIS: ter., 22 de jul.",False,,,,,,
B0DSZSCXNY,TINICO Torneira Cozinha Gourmet Monocomando Com Spray Extensor Torneiras Pull-down Giratórias De 360，Cromado,"R$ 157,00",,BRL,3.9,101,https://www.amazon.com.br/dp/B0DSZSCXNY,https://m.media-amazon.com/images/I/51VFr21H+vL._AC_UY654_FMwebp_QL65_.jpg,1,"R$ 157,00",False,False,False,False,,Entrega R$ 12: 24 - 29 de jul.,True,,,,,,
B0BV4578MC,Torre de Tomadas Multiplug com 3 Tomadas Preto Renna,"R$ 121,99",,BRL,4.8,307,https://www.amazon.com.br/dp/B0BV4578MC,https://m.media-amazon.com/images/I/51ZMO4hjqAL._AC_UY654_FMwebp_QL65_.jpg,20,"R$ 121,98",False,False,False,False,Mais de 50 compras no mês passado,"Entrega GRÁTIS: ter., 22 de jul.",False,,,,,,
B0D24MHQ35,Cuba Pia para Banheiro Retangular Oxford Branco Brilho,"R$ 142,99",,BRL,4.5,46,https://www.amazon.com.br/dp/B0D24MHQ35,https://m.media-amazon.com/images/I/41Glm2ZvYeL._AC_UY654_FMwebp_QL65_.jpg,1,"R$ 142,99",False,False,False,True,Mais de 50 compras no mês passado,"Entrega GRÁTIS: qui., 24 de jul.",False,,,Mármore sintético,,,
B0777SL66D,"Caixa Plástica Desmontável com Rodas, Vonder VDO2584","R$ 161,12","R$ 172,90",BRL,4.7,1406,https://www.amazon.com.br/dp/B0777SL66D,https://m.media-amazon.com/images/I/51xuZV--UVL._AC_UY654_FMwebp_QL65_.jpg,1,"R$ 161,12",False,False,False,False,Mais de 100 compras no mês passado,"Entrega GRÁTIS: Amanhã, 14 de jul.Ou entrega mais rápida: Hoje",False,,,,,,
B0DPJSL6N9,Câmera Inteligente iM6 com Conector E27 e Sensor Autotracking Intelbras,"R$ 426,43",,BRL,5,8,https://www.amazon.com.br/dp/B0DPJSL6N9,https://m.media-amazon.com/images/I/41PKOjujzKL._AC_UY654_FMwebp_QL65_.jpg,15,"R$ 399,90",False,False,False,False,Mais de 50 compras no mês passado,"Entrega GRÁTIS: Amanhã, 14 de jul.Ou entrega mais rápida: Hoje",False,,,,,,
B0CNRNXT9L,"YATOINTO Sistema de polia de grua de corda, bloco e equipamento de 1,995 kg com manilha de aço inoxidável 304 de 0,9 cm e 2 peças de estilingue de elevação, bloco de polia resistente de 2 peças de","R$ 438,57",,BRL,4.2,69,https://www.amazon.com.br/dp/B0CNRNXT9L,https://m.media-amazon.com/images/I/71CSwSK4PtL._AC_UY654_FMwebp_QL65_.jpg,1,"R$ 292,31",False,False,True,False,,"Entrega R$ 8,90: ter., 5 de ago.",False,,,,,,
