asin,product_title,product_price,product_original_price,currency,product_star_rating,product_num_ratings,product_url,product_photo,product_num_offers,product_minimum_offer_price,is_best_seller,is_amazon_choice,is_prime,climate_pledge_friendly,sales_volume,delivery,has_variations,product_byline,coupon_text,unit_price,unit_count,product_badge
B09MW9FXW8,Protetor solar em bastão Incolor FPS 95,"R$ 103,55","R$ 107,91",BRL,4,163,https://www.amazon.com.br/dp/B09MW9FXW8,https://m.media-amazon.com/images/I/510-WbO1+oL._AC_UL960_FMwebp_QL65_.jpg,1,"R$ 103,55",False,False,False,False,Mais de 400 compras no mês passado,"Entrega GRÁTIS: Amanhã, 14 de jul.Ou entrega mais rápida: Hoje",False,,,,,
B0F1WDN2PC,Truss Óleo Capilar Nutritivo Nutri Infusion | Nutrição Profunda e Controle de Frizz | 60ml,"R$ 110,48",,BRL,4.2,24,https://www.amazon.com.br/dp/B0F1WDN2PC,https://m.media-amazon.com/images/I/61Gr-DqcqRL._AC_UL960_FMwebp_QL65_.jpg,11,"R$ 109,20",False,False,False,False,Mais de 200 compras no mês passado,"Entrega GRÁTIS: Amanhã, 14 de jul.Ou entrega mais rápida: Hoje",False,,,,,
B0DQTZ2PDD,"Kérastase, Shampoo Iluminador, Gloss Absolu, Hydra-Glaze, para todos os tipos de cabelos, com ácido hialurônico, ácido glicólico e óleo de rosa silvestre e ação antifrizz, 250ml","R$ 279,90",,BRL,4.6,294,https://www.amazon.com.br/dp/B0DQTZ2PDD,https://m.media-amazon.com/images/I/71F4bQbSVnL._AC_UL960_FMwebp_QL65_.jpg,1,"R$ 279,90",False,False,False,False,Mais de 200 compras no mês passado,"Entrega GRÁTIS: Amanhã, 14 de jul.Ou entrega mais rápida: Hoje",False,Cítrico,,,,
B07MFRY6PD,Maquina De Acabamento Panasonic ER389X,"R$ 205,44",,BRL,4.6,840,https://www.amazon.com.br/dp/B07MFRY6PD,https://m.media-amazon.com/images/I/41wS29HKoNL._AC_UL960_FMwebp_QL65_.jpg,11,"R$ 189,90",False,False,False,False,Mais de 100 compras no mês passado,"Entrega GRÁTIS: Amanhã, 14 de jul.Ou entrega mais rápida: Hoje",False,,,,,
B0FCM8C75T,"Secador de Cabelo Profissional com Motor sem Escova, Velocidade Máxima de 130.000 RPM, Tecnologia de Íons Negativos, Vento de Alta Velocidade 23m/s - 3 Cores LED de Controle de Temperatura, Compacto e Leve, Filtro 304, Anti-Enroscamento de Cabelos, 220V","R$ 199,00",,BRL,5,7,https://www.amazon.com.br/dp/B0FCM8C75T,https://m.media-amazon.com/images/I/51YN-gxXJRL._AC_UL960_FMwebp_QL65_.jpg,1,"R$ 199,00",False,False,False,False,,"Entrega GRÁTIS: qua., 16 de jul.",False,,Economize 20% com o cupom,,,
B000068DWZ,"Calvin Klein Ck One Eau De Toilette, Calvin Klein Ck","R$ 329,99",,BRL,4.5,5426,https://www.amazon.com.br/dp/B000068DWZ,https://m.media-amazon.com/images/I/41tZy3aJTZL._AC_UL960_FMwebp_QL65_.jpg,16,"R$ 313,39",False,False,False,False,Mais de 1 mil compras no mês passado,"Entrega GRÁTIS: sáb., 19 de jul.",False,Cítrico,,,,
B078RVCYWK,"Kérastase Máscara Densifique Masque Densité, Sem densidade e volume, Densidade, volume, Ácido Hialurônico","R$ 249,00","R$ 266,00",BRL,4.4,217,https://www.amazon.com.br/dp/B078RVCYWK,https://m.media-amazon.com/images/I/619xjG6ntkL._AC_UL960_FMwebp_QL65_.jpg,1,"R$ 249,00",False,False,False,False,Mais de 1 mil compras no mês passado,"Entrega GRÁTIS: qua., 16 de jul.",False,,,,,
B0D88LLW8W,ISDIN Acniben Sérum Noturno Anti-imperfeições para Pele Acneica Night Concentrate - 27ml,"R$ 138,99",,BRL,4.7,17,https://www.amazon.com.br/dp/B0D88LLW8W,https://m.media-amazon.com/images/I/61FcPJMQ50L._AC_UL960_FMwebp_QL65_.jpg,9,"R$ 125,50",False,False,False,False,Mais de 100 compras no mês passado,"Entrega GRÁTIS: Amanhã, 14 de jul.Ou entrega mais rápida: Hoje",False,,,,,
B0BM4QB6DB,Wella Invigo Nutri Condicionador 1L,"R$ 146,99",,BRL,4.6,316,https://www.amazon.com.br/dp/B0BM4QB6DB,https://m.media-amazon.com/images/I/41UcHyK0WbL._AC_UL960_FMwebp_QL65_.jpg,24,"R$ 139,90",False,False,False,False,Mais de 900 compras no mês passado,"Entrega GRÁTIS: Amanhã, 14 de jul.Ou entrega mais rápida: Hoje",False,,"Economize R$ 2,19 com o cupom",,,
B0D4GGPSNR,Kit de Cuidados com o Cabelo BRAÉ Essential Duo 250ml + Essential Hair Repair Spray 260ml + Máscara 200g + 3 Ampolas 13ml - Repara e Hidrata Cabelos Danificados e Fragilizados,"R$ 245,00",,BRL,4.6,129,https://www.amazon.com.br/dp/B0D4GGPSNR,https://m.media-amazon.com/images/I/51rVeR+8uWL._AC_UL960_FMwebp_QL65_.jpg,1,"R$ 245,00",False,False,False,False,Mais de 100 compras no mês passado,"Entrega GRÁTIS: seg., 21 de jul.",False,,,"R$ 35,00",7.0,
B0BF5S4G4Y,Escova Rotativa Black Rose ERB-01 1.200W - Mondial,"R$ 174,99",,BRL,4.2,40,https://www.amazon.com.br/dp/B0BF5S4G4Y,https://m.media-amazon.com/images/I/51oIyzps38L._AC_UL960_FMwebp_QL65_.jpg,21,"R$ 165,00",False,False,False,False,Mais de 300 compras no mês passado,"Entrega GRÁTIS: qua., 16 de jul.",False,,,,,
B0CS6TGKYF,"Escova de cabelo desembaraçadora The Mini Ultimate Detangler para todos os tipos de cabelo, ideal para o uso em fios úmidos. Cor: Rosa","R$ 110,17",,BRL,4.6,266,https://www.amazon.com.br/dp/B0CS6TGKYF,https://m.media-amazon.com/images/I/61LOAIm15DL._AC_UL960_FMwebp_QL65_.jpg,7,"R$ 107,90",False,False,False,False,Mais de 50 compras no mês passado,"Entrega GRÁTIS: Amanhã, 14 de jul.Ou entrega mais rápida: Hoje",False,,,"R$ 110,17",1.0,
B00ZY65OSI,BIODERMA Atoderm Óleo De Banho - Higiene Hidratante Diária 1L,"R$ 190,99",,BRL,4.7,26326,https://www.amazon.com.br/dp/B00ZY65OSI,https://m.media-amazon.com/images/I/615ZenpkpGL._AC_UL960_FMwebp_QL65_.jpg,1,"R$ 190,99",False,False,False,False,Mais de 3 mil compras no mês passado,"Entrega GRÁTIS: Amanhã, 14 de jul.Ou entrega mais rápida: Hoje",False,,,,,
B0C2877GJS,"Aparador e raspador para rosto e corpo OneBlade com 4 pentes, à prova d’água, bivolt - QP2824/10 Philips","R$ 279,00",,BRL,4.7,2754,https://www.amazon.com.br/dp/B0C2877GJS,https://m.media-amazon.com/images/I/71jw9lwPCIL._AC_UL960_FMwebp_QL65_.jpg,4,"R$ 275,90",False,False,False,True,Mais de 1 mil compras no mês passado,"Entrega GRÁTIS: Amanhã, 14 de jul.Ou entrega mais rápida: Hoje",False,,,,,
B08CRPVVPR,Eudora Colônia Desodorante Club 6 Voyage 95ml,"R$ 124,90",,BRL,4.6,309,https://www.amazon.com.br/dp/B08CRPVVPR,https://m.media-amazon.com/images/I/41Jd5uPBchL._AC_UL960_FMwebp_QL65_.jpg,12,"R$ 106,43",False,False,False,False,Mais de 300 compras no mês passado,"Entrega GRÁTIS: sáb., 19 de jul.",False,Madeira,,,,
B0B1VWK8KN,Itallian Hairtech HIDRATACAO COLOR 2KG,"R$ 120,09","R$ 135,90",BRL,4.3,83,https://www.amazon.com.br/dp/B0B1VWK8KN,https://m.media-amazon.com/images/I/51IVjvVYyTL._AC_UL960_FMwebp_QL65_.jpg,1,"R$ 120,09",False,False,False,False,Mais de 40 compras no mês passado,"Entrega GRÁTIS: seg., 21 de jul.",False,,,"R$ 20,02",6.0,
B0FBPPDXYB,"L&#x27;Oréal Professionnel Absolut Repair, Shampoo Profissional com Proteína de Trigo e Ômega 9, Ação Reparadora para Cabelos Secos e Danificados, 750ml","R$ 189,90",,BRL,,0,https://www.amazon.com.br/dp/B0FBPPDXYB,https://m.media-amazon.com/images/I/61pNdKGCz8L._AC_UL960_FMwebp_QL65_.jpg,1,"R$ 189,90",False,False,False,False,,"Entrega GRÁTIS: Amanhã, 14 de jul.Ou entrega mais rápida: Hoje",False,Sem perfume,,,,
B0D137TMRB,"medicube Zero Exosome Shot 7.500 Ppm Spicule Sérum Facial, Líquido Intensificador De Pele, Exosome, Aha + Bha Pha, Cuidado Dos Poros, Células Mortas Da Textura Cuidados Com A Pele Coreana 1,01 Fl.Oz","R$ 284,00","R$ 371,00",BRL,4.4,1920,https://www.amazon.com.br/dp/B0D137TMRB,https://m.media-amazon.com/images/I/71Racjous8L._AC_UL960_FMwebp_QL65_.jpg,2,"R$ 252,00",False,False,False,False,Mais de 50 compras no mês passado,Entrega GRÁTIS: 8 - 15 de ago.,False,,,,,
B0C6BDV1WK,ESCOVA OVAL EASY PINK 127V,"R$ 146,69","R$ 164,19",BRL,4.5,2243,https://www.amazon.com.br/dp/B0C6BDV1WK,https://m.media-amazon.com/images/I/51qQhj1CZ1L._AC_UL960_FMwebp_QL65_.jpg,1,"R$ 146,69",False,False,True,False,Mais de 100 compras no mês passado,,False,,,,,Com Prime
B0CJDDV2BC,Cetaphil Oil Control Sérum Tripla Ação 30ml,"R$ 109,49","R$ 116,99",BRL,4.6,263,https://www.amazon.com.br/dp/B0CJDDV2BC,https://m.media-amazon.com/images/I/51R1f55USfL._AC_UL960_FMwebp_QL65_.jpg,1,"R$ 109,49",False,False,False,False,Mais de 400 compras no mês passado,"Entrega GRÁTIS: Amanhã, 14 de jul.Ou entrega mais rápida: Hoje",False,,,,,
B09T8JWZV2,NATURA ESSENCIAL UNICO DEO PARFUM MASCULINO 90ML,"R$ 220,90",,BRL,4.7,531,https://www.amazon.com.br/dp/B09T8JWZV2,https://m.media-amazon.com/images/I/61h4tmSSQML._AC_UL960_FMwebp_QL65_.jpg,25,"R$ 199,90",False,False,False,False,Mais de 200 compras no mês passado,"Entrega GRÁTIS: dom., 20 de jul.",False,Madeira âmbar,,"R$ 2.454,44",,
B07Y1T5YZ2,Wella Professionals Oil Reflections Óleo Capilar 100 ml,"R$ 142,90",,BRL,4.6,3893,https://www.amazon.com.br/dp/B07Y1T5YZ2,https://m.media-amazon.com/images/I/6121ZJLUSBL._AC_UL960_FMwebp_QL65_.jpg,22,"R$ 140,00",False,False,False,False,Mais de 1 mil compras no mês passado,"Entrega GRÁTIS: seg., 21 de jul.",False,,,,,
B07YCLPMT6,"Armaf Club De Nuit Intense Man Eau De Toilette, 102 g, amadeirado picante","R$ 279,00",,BRL,4.5,4705,https://www.amazon.com.br/dp/B07YCLPMT6,https://m.media-amazon.com/images/I/51soMCNMKIL._AC_UL960_FMwebp_QL65_.jpg,8,"R$ 259,99",False,False,False,False,Mais de 200 compras no mês passado,"Entrega R$ 32,34: 23 - 25 de jul.Ou entrega mais rápida: 18 - 21 de jul.",False,Amadeirado picante,,"R$ 2.620,59",,
B0BV767ZR8,Lancôme TIU GLOW,"R$ 334,85","R$ 352,90",BRL,4.7,45,https://www.amazon.com.br/dp/B0BV767ZR8,https://m.media-amazon.com/images/I/41nF2NVF+7L._AC_UL960_FMwebp_QL65_.jpg,1,"R$ 334,85",False,False,False,False,Mais de 20 compras no mês passado,"Entrega R$ 27,39: 23 - 25 de jul.",False,,,,,
B09HR3HXCJ,Balm de Olhos Simple Organic Organic Eye 80gr,"R$ 120,00",,BRL,4.3,51,https://www.amazon.com.br/dp/B09HR3HXCJ,https://m.media-amazon.com/images/I/41cTNTpbilL._AC_UL960_FMwebp_QL65_.jpg,2,"R$ 110,00",False,False,False,False,Mais de 100 compras no mês passado,"Entrega GRÁTIS: qui., 31 de jul.",False,,,,,
B0D5J4DWM4,Aparador de Pelos Philco Multigroom 8 em 1 PAP16 Bivolt,"R$ 201,32",,BRL,4.5,156,https://www.amazon.com.br/dp/B0D5J4DWM4,https://m.media-amazon.com/images/I/51C5VEekOIL._AC_UL960_FMwebp_QL65_.jpg,6,"R$ 159,90",False,False,False,False,Mais de 300 compras no mês passado,"Entrega GRÁTIS: ter., 15 de jul.",False,,,"R$ 201,32",1.0,
B0CXQXVBNS,SÉBIUM GEL MOUSSANT ACTIF 500ML,"R$ 110,90",,BRL,4.5,75,https://www.amazon.com.br/dp/B0CXQXVBNS,https://m.media-amazon.com/images/I/41OYPyoGg+L._AC_UL960_FMwebp_QL65_.jpg,6,"R$ 109,90",False,False,False,False,Mais de 100 compras no mês passado,"Entrega GRÁTIS: dom., 20 de jul.",False,,,"R$ 110,90",1.0,
B0DPGGWJCH,Kit Truss Frizz Zero Duplo Cuidado (2 Produtos),"R$ 166,98",,BRL,4.4,16,https://www.amazon.com.br/dp/B0DPGGWJCH,https://m.media-amazon.com/images/I/613gXksgrnL._AC_UL960_FMwebp_QL65_.jpg,1,"R$ 166,98",False,False,False,False,Mais de 50 compras no mês passado,"Entrega GRÁTIS: ter., 29 de jul.",False,,,"R$ 83,49",2.0,
B0BY3F3LBP,Vichy Dercos Máscara Kera-Solutions 200ml,"R$ 141,90",,BRL,4.7,500,https://www.amazon.com.br/dp/B0BY3F3LBP,https://m.media-amazon.com/images/I/51e9B-uZUUL._AC_UL960_FMwebp_QL65_.jpg,1,"R$ 141,90",False,False,False,False,Mais de 400 compras no mês passado,"Entrega GRÁTIS: ter., 15 de jul.",False,,,,,
B0CDJBJ7XH,Pack de Creme com Amêndoa Almond Breeze 200g - 12 Unidades,"R$ 94,66","R$ 111,36",BRL,4.8,731,https://www.amazon.com.br/dp/B0CDJBJ7XH,https://m.media-amazon.com/images/I/81jOFP4aixL._AC_UL960_FMwebp_QL65_.jpg,1,"R$ 94,66",False,False,True,False,Mais de 100 compras no mês passado,,False,creme com amendoas,,"R$ 7,89",12.0,Oferta Prime Day
B0FBDLQPLJ,Kit L&#x27;Óreal Absolut Repair Molecular Shampoo 300 ML e Máscara 250 ML,"R$ 319,60",,BRL,,0,https://www.amazon.com.br/dp/B0FBDLQPLJ,https://m.media-amazon.com/images/I/61x5uiLaNgL._AC_UL960_FMwebp_QL65_.jpg,1,"R$ 319,60",False,False,False,False,Mais de 40 compras no mês passado,"Entrega GRÁTIS: seg., 21 de jul.",False,,,"R$ 319,60",1.0,
B0F55XGQ1P,"VIRÁ Frizz Control, Cera Finalizadora Hidratante Vegana, Bastão para Cabelo, Alinhamento Instantâneo, com Escova Finalizadora","R$ 129,90","R$ 139,90",BRL,5,3,https://www.amazon.com.br/dp/B0F55XGQ1P,https://m.media-amazon.com/images/I/517Vz5BUQML._AC_UL960_FMwebp_QL65_.jpg,1,"R$ 129,90",False,False,False,True,Mais de 50 compras no mês passado,"Entrega GRÁTIS: dom., 20 de jul.",False,,,,,
B0DTM6SW8N,Kit Wella Professionals Oil Reflections Luminous Duo (2 produtos),"R$ 256,69","R$ 299,99",BRL,5,1,https://www.amazon.com.br/dp/B0DTM6SW8N,https://m.media-amazon.com/images/I/410T4lZtdIL._AC_UL960_FMwebp_QL65_.jpg,1,"R$ 256,69",False,False,True,False,Mais de 50 compras no mês passado,,False,,,"R$ 85,56",3.0,Oferta Prime Day
B0F3ZBSQ5M,Kit Cetaphil - Creme 453G + Creme 250G,"R$ 219,80",,BRL,,0,https://www.amazon.com.br/dp/B0F3ZBSQ5M,https://m.media-amazon.com/images/I/61GmWyO5-RL._AC_UL960_FMwebp_QL65_.jpg,1,"R$ 219,80",False,False,False,False,Mais de 30 compras no mês passado,"Entrega GRÁTIS: Amanhã, 14 de jul.Ou entrega mais rápida: Hoje",False,,,,,
B0B6Q45C7M,ON252 Kit Bioplastia In,"R$ 89,90","R$ 119,90",BRL,4.6,105,https://www.amazon.com.br/dp/B0B6Q45C7M,https://m.media-amazon.com/images/I/71elSuI7KEL._AC_UL960_FMwebp_QL65_.jpg,1,"R$ 89,90",False,False,True,False,Mais de 50 compras no mês passado,,False,,,"R$ 89,90",1.0,Oferta Prime Day
B0D31314VR,"ENSSU - Aparador Elétrico para Homens, com Lâmina de Cerâmica, À Prova d&#x27;Água, Recarregável (Lítio), Preto, para Barba, Peito, Virilha e Púbicos","R$ 259,00",,BRL,4,45,https://www.amazon.com.br/dp/B0D31314VR,https://m.media-amazon.com/images/I/71IyyWlboDL._AC_UL960_FMwebp_QL65_.jpg,1,"R$ 259,00",False,False,False,False,,"Entrega GRÁTIS: sáb., 19 de jul.",False,,,,,
B0DFCNWQ4Y,"TRUSS, Truss Uso Obrigatório Shampoo de Hidratação - 1Litro","R$ 161,90",,BRL,4.4,56,https://www.amazon.com.br/dp/B0DFCNWQ4Y,https://m.media-amazon.com/images/I/61Dx+9APfKL._AC_UL960_FMwebp_QL65_.jpg,13,"R$ 149,59",False,False,False,False,Mais de 300 compras no mês passado,"Entrega GRÁTIS: Amanhã, 14 de jul.Ou entrega mais rápida: Hoje",False,Lavanda,,,,
B01643LCLW,"Chapa Cerâmica Preta, Taiff, Bivolt","R$ 117,29",,BRL,4.8,9210,https://www.amazon.com.br/dp/B01643LCLW,https://m.media-amazon.com/images/I/41B5ZjaBw+L._AC_UL960_FMwebp_QL65_.jpg,46,"R$ 116,00",False,False,False,False,Mais de 1 mil compras no mês passado,"Entrega GRÁTIS: Amanhã, 14 de jul.Ou entrega mais rápida: Hoje",False,,,,,
B0DTM9DTZ8,Kit Wella Professionals Invigo Nutri-Enrich Duo Válvula (4 produtos),"R$ 352,99",,BRL,4.7,23,https://www.amazon.com.br/dp/B0DTM9DTZ8,https://m.media-amazon.com/images/I/51jhHxpzlgL._AC_UL960_FMwebp_QL65_.jpg,3,"R$ 283,00",False,False,False,False,Mais de 100 compras no mês passado,"Entrega GRÁTIS: qua., 23 de jul.",False,,,"R$ 117,66",3.0,
B0D4R4B7G4,Kit Braé Divine 250ml + Mascara 200g + Mini Essential 60ml,"R$ 189,00",,BRL,4.4,147,https://www.amazon.com.br/dp/B0D4R4B7G4,https://m.media-amazon.com/images/I/41a6YnZFxIL._AC_UL960_FMwebp_QL65_.jpg,1,"R$ 189,00",False,False,False,False,Mais de 100 compras no mês passado,"Entrega GRÁTIS: seg., 21 de jul.",False,,,"R$ 47,25",4.0,
B000MD65FO,TEA TREE SPECIAL SHAMPOO,"R$ 379,90",,BRL,4.8,309,https://www.amazon.com.br/dp/B000MD65FO,https://m.media-amazon.com/images/I/61EqSHrcgJL._AC_UL960_FMwebp_QL65_.jpg,1,"R$ 379,90",False,False,False,False,Mais de 50 compras no mês passado,"Entrega GRÁTIS: dom., 20 de jul.",False,"Lavanda, Menta",,,,
B0D4GQLZFV,Bed Head Recovery - Shampoo para Cabelos Ressecados 750ml,"R$ 101,45","R$ 108,90",BRL,4.5,14,https://www.amazon.com.br/dp/B0D4GQLZFV,https://m.media-amazon.com/images/I/519UzQcW9ML._AC_UL960_FMwebp_QL65_.jpg,1,"R$ 101,45",False,False,False,False,Mais de 30 compras no mês passado,"Entrega GRÁTIS: Amanhã, 14 de jul.Ou entrega mais rápida: Hoje",False,Sem perfume,,"R$ 101,45",1.0,
B09C8VNWBP,Perfume Importado Eau de Parfum Yara Lattafa,"R$ 239,90",,BRL,4.4,33416,https://www.amazon.com.br/dp/B09C8VNWBP,https://m.media-amazon.com/images/I/41LruIHspoL._AC_UL960_FMwebp_QL65_.jpg,1,"R$ 239,90",False,False,False,False,Mais de 100 compras no mês passado,"Entrega R$ 24,46: ter., 5 de ago.",False,Feminina,,"R$ 2,40",100.0,
B08JL9J1H3,Davines Oi Kit Duo Shampoo + Conditioner +,"R$ 435,00","R$ 459,90",BRL,4.7,99,https://www.amazon.com.br/dp/B08JL9J1H3,https://m.media-amazon.com/images/I/310N2mTXCbL._AC_UL960_FMwebp_QL65_.jpg,1,"R$ 435,00",False,False,False,False,Mais de 50 compras no mês passado,"Entrega GRÁTIS: qui., 24 de jul.",False,,,"R$ 435,00",1.0,
B0DY35FFWH,Protetor Solar Facial Umbrella Perfect Skin Tom Claro FPS 50 (50g),"R$ 124,49",,BRL,5,1,https://www.amazon.com.br/dp/B0DY35FFWH,https://m.media-amazon.com/images/I/517Edm5vdwL._AC_UL960_FMwebp_QL65_.jpg,1,"R$ 124,49",False,False,False,False,Mais de 30 compras no mês passado,,False,,,,,
B0CNW7DGVM,Leave-in + Super Máscara +Shampoo e Condicionador Hidratei,"R$ 319,68",,BRL,4.2,19,https://www.amazon.com.br/dp/B0CNW7DGVM,https://m.media-amazon.com/images/I/514LVLEUHgL._AC_UL960_FMwebp_QL65_.jpg,1,"R$ 319,68",False,False,False,True,Mais de 30 compras no mês passado,"Entrega GRÁTIS: dom., 20 de jul.",False,,,"R$ 1,28",250.0,
B0F1XZ42Y3,"Aparador de Pelos Corporais para Homens, Cortador de Pelos com Lâmina Cerâmica Segura, Impermeável IPX7, Ideal para Corpo, Virilha, Axilas, Peito e Barba","R$ 239,00",,BRL,,0,https://www.amazon.com.br/dp/B0F1XZ42Y3,https://m.media-amazon.com/images/I/71x3tLQH20L._AC_UL960_FMwebp_QL65_.jpg,1,"R$ 239,00",False,False,False,False,,"Entrega GRÁTIS: sáb., 19 de jul.",False,,,,,
B07HM7PPHT,Condicionador Ducray Densiage 200ml,"R$ 129,90",,BRL,4.6,186,https://www.amazon.com.br/dp/B07HM7PPHT,https://m.media-amazon.com/images/I/51fiwc9r0oL._AC_UL960_FMwebp_QL65_.jpg,2,"R$ 116,38",False,False,False,False,Mais de 30 compras no mês passado,Entrega GRÁTIS: 13 - 22 de ago.,False,,Economize 15% com o cupom,,,
B0D4GQLZFV,Bed Head Recovery - Shampoo para Cabelos Ressecados 750ml,"R$ 101,45","R$ 108,90",BRL,4.5,14,https://www.amazon.com.br/dp/B0D4GQLZFV,https://m.media-amazon.com/images/I/519UzQcW9ML._AC_UL960_FMwebp_QL65_.jpg,1,"R$ 101,45",False,False,False,False,Mais de 30 compras no mês passado,"Entrega GRÁTIS: Amanhã, 14 de jul.Ou entrega mais rápida: Hoje",False,Sem perfume,,"R$ 101,45",1.0,
B09C8VNWBP,Perfume Importado Eau de Parfum Yara Lattafa,"R$ 239,90",,BRL,4.4,33416,https://www.amazon.com.br/dp/B09C8VNWBP,https://m.media-amazon.com/images/I/41LruIHspoL._AC_UL960_FMwebp_QL65_.jpg,1,"R$ 239,90",False,False,False,False,Mais de 100 compras no mês passado,"Entrega R$ 24,46: ter., 5 de ago.",False,Feminina,,"R$ 2,40",100.0,
B08JL9J1H3,Davines Oi Kit Duo Shampoo + Conditioner +,"R$ 435,00","R$ 459,90",BRL,4.7,99,https://www.amazon.com.br/dp/B08JL9J1H3,https://m.media-amazon.com/images/I/310N2mTXCbL._AC_UL960_FMwebp_QL65_.jpg,1,"R$ 435,00",False,False,False,False,Mais de 50 compras no mês passado,"Entrega GRÁTIS: qui., 24 de jul.",False,,,"R$ 435,00",1.0,
B0DY35FFWH,Protetor Solar Facial Umbrella Perfect Skin Tom Claro FPS 50 (50g),"R$ 124,49",,BRL,5,1,https://www.amazon.com.br/dp/B0DY35FFWH,https://m.media-amazon.com/images/I/517Edm5vdwL._AC_UL960_FMwebp_QL65_.jpg,1,"R$ 124,49",False,False,False,False,Mais de 30 compras no mês passado,,False,,,,,
B0CNW7DGVM,Leave-in + Super Máscara +Shampoo e Condicionador Hidratei,"R$ 319,68",,BRL,4.2,19,https://www.amazon.com.br/dp/B0CNW7DGVM,https://m.media-amazon.com/images/I/514LVLEUHgL._AC_UL960_FMwebp_QL65_.jpg,1,"R$ 319,68",False,False,False,True,Mais de 30 compras no mês passado,"Entrega GRÁTIS: dom., 20 de jul.",False,,,"R$ 1,28",250.0,
B0F1XZ42Y3,"Aparador de Pelos Corporais para Homens, Cortador de Pelos com Lâmina Cerâmica Segura, Impermeável IPX7, Ideal para Corpo, Virilha, Axilas, Peito e Barba","R$ 239,00",,BRL,,0,https://www.amazon.com.br/dp/B0F1XZ42Y3,https://m.media-amazon.com/images/I/71x3tLQH20L._AC_UL960_FMwebp_QL65_.jpg,1,"R$ 239,00",False,False,False,False,,"Entrega GRÁTIS: sáb., 19 de jul.",False,,,,,
B07HM7PPHT,Condicionador Ducray Densiage 200ml,"R$ 129,90",,BRL,4.6,186,https://www.amazon.com.br/dp/B07HM7PPHT,https://m.media-amazon.com/images/I/51fiwc9r0oL._AC_UL960_FMwebp_QL65_.jpg,2,"R$ 116,38",False,False,False,False,Mais de 30 compras no mês passado,Entrega GRÁTIS: 13 - 22 de ago.,False,,Economize 15% com o cupom,,,
B0D79QG7FS,Depilador de Pelos Britânia 4 Acessórios BDP04 5W Branco e rose Bivolt,"R$ 176,88",,BRL,4.6,38,https://www.amazon.com.br/dp/B0D79QG7FS,https://m.media-amazon.com/images/I/41YNc0Pp2-L._AC_UL960_FMwebp_QL65_.jpg,1,"R$ 176,88",False,False,False,False,Mais de 50 compras no mês passado,"Entrega GRÁTIS: sáb., 19 de jul.",False,,,,,
B0B578272V,Protetor Solar Aqua Fluid Incolor FPS 50 100ml Adcos,"R$ 195,90",,BRL,4.6,189,https://www.amazon.com.br/dp/B0B578272V,https://m.media-amazon.com/images/I/51ymmyandmL._AC_UL960_FMwebp_QL65_.jpg,1,"R$ 195,90",False,False,False,False,Mais de 50 compras no mês passado,"Entrega GRÁTIS: qua., 16 de jul.",False,,,,,
B0D9YTNPDS,Truss Máscara Uso Obrigatório | Reparação Profunda com Nano Reconstrução e Perfume Prolongado | 180g,"R$ 122,10",,BRL,4.8,93,https://www.amazon.com.br/dp/B0D9YTNPDS,https://m.media-amazon.com/images/I/61vZLKEGF7L._AC_UL960_FMwebp_QL65_.jpg,1,"R$ 122,10",False,False,False,False,Mais de 300 compras no mês passado,"Entrega GRÁTIS: Amanhã, 14 de jul.Ou entrega mais rápida: Hoje",False,Floral,,,,
B09YR9BSZB,"Uso Obrigatorio - Reconstrutor Capilar 260Ml, Truss","R$ 129,00",,BRL,4.4,19,https://www.amazon.com.br/dp/B09YR9BSZB,https://m.media-amazon.com/images/I/41CNrxoRdeL._AC_UL960_FMwebp_QL65_.jpg,3,"R$ 89,99",False,False,False,False,Mais de 200 compras no mês passado,"Entrega GRÁTIS: seg., 21 de jul.",False,,,,,
B0C6FCW1Q1,"Kérastase Shampoo Blond Absolu Bain Lumière, Cabelos loiros, descoloridos, Hidratação, restauração, Ácido Hialurônico, Flor de Edelweiss, 250 ml","R$ 158,50",,BRL,4.6,160,https://www.amazon.com.br/dp/B0C6FCW1Q1,https://m.media-amazon.com/images/I/51rYsIEM7cL._AC_UL960_FMwebp_QL65_.jpg,1,"R$ 158,50",False,False,False,False,Mais de 400 compras no mês passado,"Entrega GRÁTIS: Amanhã, 14 de jul.Ou entrega mais rápida: Hoje",False,Floral,,,,
B0D3J37TLY,ISDIN Óleo de Banho Ureadin Calm OleoGel - 400ml,"R$ 114,99",,BRL,4.9,237,https://www.amazon.com.br/dp/B0D3J37TLY,https://m.media-amazon.com/images/I/61P7hJWHoxL._AC_UL960_FMwebp_QL65_.jpg,8,"R$ 109,90",False,False,False,False,Mais de 800 compras no mês passado,"Entrega GRÁTIS: Amanhã, 14 de jul.Ou entrega mais rápida: Hoje",False,Sem perfume,"Economize R$ 3,07 com o cupom",,,
B0C2JG2SW1,"Kit Home Care Leave-In, Trivitt (Nova Embalagem)","R$ 108,90","R$ 123,08",BRL,4.6,56,https://www.amazon.com.br/dp/B0C2JG2SW1,https://m.media-amazon.com/images/I/51d1zImvGxL._AC_UL960_FMwebp_QL65_.jpg,14,"R$ 108,78",False,False,False,False,Mais de 100 compras no mês passado,"Entrega GRÁTIS: dom., 20 de jul.",False,,,"R$ 108,90",1.0,
B0BHDY4157,"KIKO MILANO, New Glamour Multi Finish Eyeshadow Palette, Paleta de Sombras, Cor","R$ 179,00",,BRL,4.5,143,https://www.amazon.com.br/dp/B0BHDY4157,https://m.media-amazon.com/images/I/81KCEamSxSL._AC_UL960_FMwebp_QL65_.jpg,1,"R$ 179,00",False,False,False,False,Mais de 50 compras no mês passado,"Entrega GRÁTIS: Amanhã, 14 de jul.Ou entrega mais rápida: Hoje",False,,,,,
B088DRJJTX,Osis+ Flexwax Ultra Strong Cream Wax Cera 85ml Blz,"R$ 105,00",,BRL,3.6,2,https://www.amazon.com.br/dp/B088DRJJTX,https://m.media-amazon.com/images/I/61cR26GqCvL._AC_UL960_FMwebp_QL65_.jpg,3,"R$ 103,00",False,False,False,False,Mais de 50 compras no mês passado,"Entrega GRÁTIS: seg., 21 de jul.",False,,,"R$ 105,00",1.0,
B0BY3KJZS9,Sérum Antirrugas Ácido Hialuronico Vichy Liftactiv H.A. Filler,"R$ 178,04",,BRL,4.6,351,https://www.amazon.com.br/dp/B0BY3KJZS9,https://m.media-amazon.com/images/I/51ebQa+lMsL._AC_UL960_FMwebp_QL65_.jpg,1,"R$ 178,04",False,False,False,False,Mais de 100 compras no mês passado,"Entrega GRÁTIS: ter., 15 de jul.",False,,,,,
B0C51CNR4Y,"Escova de cabelo desembaraçadora The Mini Ultimate Detangler para todos os tipos de cabelo, ideal para o uso em fios úmidos. Cor: Lilás","R$ 110,17",,BRL,4.6,716,https://www.amazon.com.br/dp/B0C51CNR4Y,https://m.media-amazon.com/images/I/61-hY1lLiQL._AC_UL960_FMwebp_QL65_.jpg,6,"R$ 107,90",False,False,False,False,Mais de 100 compras no mês passado,"Entrega GRÁTIS: qua., 16 de jul.",False,,,"R$ 110,17",1.0,
B0B7GR49GJ,"EUCERIN Loção Hidratante Corporal PH5 400ml, Pele Sensível, Dexpantenol, Glicerina","R$ 109,30","R$ 124,49",BRL,4.8,156,https://www.amazon.com.br/dp/B0B7GR49GJ,https://m.media-amazon.com/images/I/61ofMS+BzvL._AC_UL960_FMwebp_QL65_.jpg,1,"R$ 109,30",False,False,False,False,Mais de 100 compras no mês passado,"Entrega GRÁTIS: Amanhã, 14 de jul.Ou entrega mais rápida: Hoje",False,,,,,
B0B4PG4XP7,"Chapa Taiff Red Ion, Bivolt","R$ 128,59","R$ 158,20",BRL,4.7,1619,https://www.amazon.com.br/dp/B0B4PG4XP7,https://m.media-amazon.com/images/I/416YMvXdpNL._AC_UL960_FMwebp_QL65_.jpg,1,"R$ 128,59",False,False,True,False,Mais de 800 compras no mês passado,,False,,,,,Com Prime
B085JGQDMT,"Truss Night Spa Sérum Capilar Noturno | Hidratação, Reconstrução, Anti-Frizz e Brilho Intenso | 250ml","R$ 119,90","R$ 129,99",BRL,4.7,4605,https://www.amazon.com.br/dp/B085JGQDMT,https://m.media-amazon.com/images/I/512Ce5m+f2L._AC_UL960_FMwebp_QL65_.jpg,1,"R$ 119,90",False,False,False,False,Mais de 1 mil compras no mês passado,"Entrega GRÁTIS: seg., 21 de jul.",False,,,,,
B085JG4C32,"Truss Reconstrutor Uso Obrigatório | Tratamento Capilar com Proteção Térmica, Brilho e Redução de Quebra | 260ml","R$ 105,00",,BRL,4.8,17039,https://www.amazon.com.br/dp/B085JG4C32,https://m.media-amazon.com/images/I/51icDjYm5mL._AC_UL960_FMwebp_QL65_.jpg,1,"R$ 105,00",False,False,False,False,Mais de 1 mil compras no mês passado,"Entrega GRÁTIS: seg., 21 de jul.",False,Baunilha,,,,
B0BY3JYT6T,Sérum Multicorretor De Sinais Da Idade Vichy Neovadiol Menopausa 30Ml,"R$ 209,75",,BRL,4.7,39,https://www.amazon.com.br/dp/B0BY3JYT6T,https://m.media-amazon.com/images/I/41IfYibTl2L._AC_UL960_FMwebp_QL65_.jpg,1,"R$ 209,75",False,False,False,False,Mais de 50 compras no mês passado,"Entrega GRÁTIS: dom., 20 de jul.",False,,,,,
B08H6B4R5K,ISDIN Sérum Hidratante Anti-Idade Isdinceutics Hyaluronic Concentrate - 30ml,"R$ 158,94","R$ 188,76",BRL,4.7,4899,https://www.amazon.com.br/dp/B08H6B4R5K,https://m.media-amazon.com/images/I/51dBCqq+37L._AC_UL960_FMwebp_QL65_.jpg,1,"R$ 158,94",False,False,False,False,Mais de 1 mil compras no mês passado,"Entrega GRÁTIS: Amanhã, 14 de jul.Ou entrega mais rápida: Hoje",False,,,,,
B0D3RHYRPW,"Vichy, Minéral 89, Sorbet Gel, 50ml","R$ 146,00",,BRL,4.6,387,https://www.amazon.com.br/dp/B0D3RHYRPW,https://m.media-amazon.com/images/I/71racj+fk8L._AC_UL960_FMwebp_QL65_.jpg,4,"R$ 146,00",False,False,False,False,Mais de 100 compras no mês passado,,False,,,,,
B0C1D8RK1P,COACH GREEN EDT 100ML,"R$ 307,00","R$ 341,16",BRL,4.6,155,https://www.amazon.com.br/dp/B0C1D8RK1P,https://m.media-amazon.com/images/I/61oCSeFyXZL._AC_UL960_FMwebp_QL65_.jpg,1,"R$ 307,00",False,False,True,False,Mais de 30 compras no mês passado,,False,Frutal Verde Amadeirado,,,,Oferta Prime Day
B0BB52SM98,O BOTICARIO BOTICA 214 DARK MINT EAU DE PARFUM 90ml,"R$ 214,90",,BRL,4.6,22,https://www.amazon.com.br/dp/B0BB52SM98,https://m.media-amazon.com/images/I/51oPev0WBQL._AC_UL960_FMwebp_QL65_.jpg,16,"R$ 199,90",False,False,False,False,Mais de 30 compras no mês passado,"Entrega R$ 32,30: 5 - 6 de ago.Ou entrega mais rápida: 18 - 24 de jul.",False,Dark Mint,,"R$ 214,90",1.0,
B0DQV1FQ49,"Kérastase, Óleo, Gloss Absolu, Glaze Drops, para todos os tipos de cabelos com tendência ao frizz, formulado com óleo de rosa silvestre, potencializa o brilho, elasticiade e maciez, 45ml","R$ 445,90",,BRL,4.5,289,https://www.amazon.com.br/dp/B0DQV1FQ49,https://m.media-amazon.com/images/I/619r+wYSpfL._AC_UL960_FMwebp_QL65_.jpg,1,"R$ 445,90",False,False,False,False,Mais de 100 compras no mês passado,"Entrega GRÁTIS: ter., 15 de jul.",False,,,,,
B0DKLC338M,BE EMOTION Prancha Shine Nutrah Bivolt,"R$ 499,90",,BRL,4.5,51,https://www.amazon.com.br/dp/B0DKLC338M,https://m.media-amazon.com/images/I/615gxf0c5FL._AC_UL960_FMwebp_QL65_.jpg,4,"R$ 499,90",False,False,False,False,Mais de 50 compras no mês passado,,False,,,,,
B0BZ15LBG2,GA.MA ITALY Escova Secadora Stylish Keration Brush 3D Bivolt,"R$ 186,11","R$ 189,90",BRL,4.5,1977,https://www.amazon.com.br/dp/B0BZ15LBG2,https://m.media-amazon.com/images/I/51Uelq4DE5L._AC_UL960_FMwebp_QL65_.jpg,1,"R$ 186,11",False,False,False,False,Mais de 500 compras no mês passado,"Entrega GRÁTIS: Amanhã, 14 de jul.Ou entrega mais rápida: Hoje",False,,,,,
B07SJSZHD7,"EUCERIN Dual Sérum Facial Antimanchas e Anti-Idade 30ml, Anti-Pigment, Clareador, Thiamidol, Ácido Hialurônico","R$ 229,90",,BRL,4.6,8097,https://www.amazon.com.br/dp/B07SJSZHD7,https://m.media-amazon.com/images/I/61N7yt6rXiL._AC_UL960_FMwebp_QL65_.jpg,13,"R$ 212,90",False,False,False,False,Mais de 3 mil compras no mês passado,"Entrega GRÁTIS: Amanhã, 14 de jul.Ou entrega mais rápida: Hoje",False,,,,,
B00FWX3CP0,"Dream Cream Máscara Profissional 3kg , Lola Cosmetics","R$ 129,84",,BRL,4.8,20370,https://www.amazon.com.br/dp/B00FWX3CP0,https://m.media-amazon.com/images/I/51nGDlZJuAL._AC_UL960_FMwebp_QL65_.jpg,1,"R$ 129,84",False,False,False,False,Mais de 200 compras no mês passado,"Entrega GRÁTIS: ter., 15 de jul.",False,Suave,,"R$ 43,28",3.0,
B0CGC85MPH,"MQ HAIR - Chapinha Profissional de Titânio 485°F Turbo - Bivolt, Design Anatômico, Ultra Suave, Efeito Espelho - 3 Passagens Necessárias, Alisamento Perfeito - Controle Seguro de Aquecimento - Preto","R$ 399,00",,BRL,4.8,667,https://www.amazon.com.br/dp/B0CGC85MPH,https://m.media-amazon.com/images/I/61sfpEdT87L._AC_UL960_FMwebp_QL65_.jpg,13,"R$ 384,90",False,False,False,False,Mais de 200 compras no mês passado,"Entrega GRÁTIS: qua., 16 de jul.",False,,,,,
B079VTTHRS,Gel Cicatrizante C-Kaderm Skincare - 20g - Com Vitamina C - Ajuda na Recuperação e Melhora da Aparência da Pele- Mantecorp,"R$ 214,90",,BRL,4.8,459,https://www.amazon.com.br/dp/B079VTTHRS,https://m.media-amazon.com/images/I/618O32jPa9L._AC_UL960_FMwebp_QL65_.jpg,4,"R$ 189,99",False,False,False,False,Mais de 50 compras no mês passado,Entrega GRÁTIS: 13 - 22 de ago.,False,,,,,
B0BJHGBJHS,"Escova Secadora By Juliette, Mondial, Golden Rose, 1200W, Bivolt - ES-JU-01","R$ 151,90","R$ 159,90",BRL,4.7,1485,https://www.amazon.com.br/dp/B0BJHGBJHS,https://m.media-amazon.com/images/I/71YHCb66s9L._AC_UL960_FMwebp_QL65_.jpg,1,"R$ 151,90",False,False,False,False,Mais de 600 compras no mês passado,"Entrega GRÁTIS: ter., 15 de jul.",False,,,,,
B0CKC2QH19,"Secatriz Acne Free, Spray Corporal Antiacne, Formulado com Ácido Salicílico 2% e Ácido Glicólico, Controla Excesso de Oleosidade, Secagem Rápida,150ml","R$ 101,25","R$ 123,99",BRL,4.4,40,https://www.amazon.com.br/dp/B0CKC2QH19,https://m.media-amazon.com/images/I/41lFqDlzV3L._AC_UL960_FMwebp_QL65_.jpg,1,"R$ 101,25",False,False,False,False,Mais de 40 compras no mês passado,"Entrega GRÁTIS: ter., 15 de jul.",False,,,,,
B0058NS87Q,Oxidante Cremoso Tinta Developer Keune 1000ml 6% 20VOL,"R$ 179,90",,BRL,4.7,166,https://www.amazon.com.br/dp/B0058NS87Q,https://m.media-amazon.com/images/I/5106RPXVoJL._AC_UL960_FMwebp_QL65_.jpg,13,"R$ 168,70",False,False,False,False,Mais de 50 compras no mês passado,"Entrega GRÁTIS: qua., 23 de jul.",False,,,,,
B0DSBLDB41,"Bolsa para cosméticos Cosmetic Bag, EACHY, adulto-unissex","R$ 265,36",,BRL,4,6613,https://www.amazon.com.br/dp/B0DSBLDB41,https://m.media-amazon.com/images/I/51A6qaWOcKL._AC_UL960_FMwebp_QL65_.jpg,1,"R$ 265,36",False,False,False,False,,"Entrega R$ 8,90: ter., 5 de ago.",True,,,,,
B0CZY1N1JY,Kit Glycolic Gloss Shampoo+Condicionador+Acidificante+Creme de Tratamento+Sérum,"R$ 119,80","R$ 165,00",BRL,4.8,2742,https://www.amazon.com.br/dp/B0CZY1N1JY,https://m.media-amazon.com/images/I/81l32aDwFxL._AC_UL960_FMwebp_QL65_.jpg,1,"R$ 119,80",False,False,True,False,Mais de 1 mil compras no mês passado,,False,,,"R$ 23,96",5.0,Oferta Prime Day
B0DH9T3DFQ,ISDIN Loção Antiqueda com Melatonina Hair Care - 100ml,"R$ 165,50",,BRL,4.8,6,https://www.amazon.com.br/dp/B0DH9T3DFQ,https://m.media-amazon.com/images/I/61kj33OOf9L._AC_UL960_FMwebp_QL65_.jpg,6,"R$ 145,50",False,False,False,False,Mais de 50 compras no mês passado,"Entrega GRÁTIS: ter., 15 de jul.",False,,,,,
B0D2LWFF2P,Kérastase Óleo Elixir Ultime L&#x27;Huile Originale |Todos os tipos de cabelos |Nutrição | brilho | antifrizz,"R$ 149,90",,BRL,4.5,1266,https://www.amazon.com.br/dp/B0D2LWFF2P,https://m.media-amazon.com/images/I/51lRDF0gL4L._AC_UL960_FMwebp_QL65_.jpg,1,"R$ 149,90",False,True,False,False,Mais de 700 compras no mês passado,"Entrega GRÁTIS: ter., 15 de jul.",False,,,,,Escolha
B07ZHQF433,Base Multifuncional Shiseido Bb For Sports Spf50 Light,"R$ 258,85","R$ 304,85",BRL,4.6,92,https://www.amazon.com.br/dp/B07ZHQF433,https://m.media-amazon.com/images/I/415f0MHeIsL._AC_UL960_FMwebp_QL65_.jpg,1,"R$ 258,85",False,False,True,False,Mais de 50 compras no mês passado,,False,,,,,Com Prime
B0D3C2K4MN,"Creamy Skincare Sérum Facial Retinal 30g | Melhora Rugas, Reduz Poros Dilatados, Controla Brilho, Promove Firmeza, Uniformiza Tom | Todos os Tipos de Pele, Noturno","R$ 136,80",,BRL,4.4,56,https://www.amazon.com.br/dp/B0D3C2K4MN,https://m.media-amazon.com/images/I/51GbERSMXYL._AC_UL960_FMwebp_QL65_.jpg,4,"R$ 136,80",False,False,False,False,Mais de 400 compras no mês passado,,False,,,,,
B0DPDXVTJ5,Secador de Cabelo Britânia 2100W Íons Bivolt com Difusor de Cachos,"R$ 219,70",,BRL,3.8,34,https://www.amazon.com.br/dp/B0DPDXVTJ5,https://m.media-amazon.com/images/I/51Uj5UZS8oL._AC_UL960_FMwebp_QL65_.jpg,1,"R$ 219,70",False,False,False,False,Mais de 100 compras no mês passado,"Entrega GRÁTIS: qua., 16 de jul.",False,,,,,
B0DSLHVTSM,"L&#x27;Oréal Professionnel, Shampoo Profissional, Vitamino Color Spectrum, para todos os cabelos coloridos &amp; cores vibrantes, limpa suavemente, com brilho espelhado ultra intenso, 300ml","R$ 208,90",,BRL,4.7,166,https://www.amazon.com.br/dp/B0DSLHVTSM,https://m.media-amazon.com/images/I/61jE8b1J2TL._AC_UL960_FMwebp_QL65_.jpg,12,"R$ 189,90",False,False,False,False,Mais de 100 compras no mês passado,"Entrega GRÁTIS: Amanhã, 14 de jul.Ou entrega mais rápida: Hoje",False,Floral,,,,
B0CXB95NY3,Eudora Estojo Diva Esplêndida,"R$ 131,18",,BRL,4.1,16,https://www.amazon.com.br/dp/B0CXB95NY3,https://m.media-amazon.com/images/I/61HMMsXRSZL._AC_UL960_FMwebp_QL65_.jpg,10,"R$ 119,00",False,False,False,False,Mais de 30 compras no mês passado,"Entrega GRÁTIS: ter., 15 de jul.",False,Floral,,"R$ 65,59",2.0,
B0D2FJYW45,MQ Professional - Secador Turbo Black 220V 2500W,"R$ 392,32","R$ 428,90",BRL,4.6,16,https://www.amazon.com.br/dp/B0D2FJYW45,https://m.media-amazon.com/images/I/61PJROE0jyL._AC_UL960_FMwebp_QL65_.jpg,1,"R$ 392,32",False,False,False,False,,"Entrega GRÁTIS: qua., 16 de jul.",False,,,,,
B091QCMJQ7,Sérum Clareador TheraSkin Klassis Specialle 50g,"R$ 149,90",,BRL,4.3,193,https://www.amazon.com.br/dp/B091QCMJQ7,https://m.media-amazon.com/images/I/51KXfXc35JL._AC_UL960_FMwebp_QL65_.jpg,19,"R$ 129,90",False,False,False,False,Mais de 100 compras no mês passado,"Entrega GRÁTIS: qua., 16 de jul.",False,,,,,
B01JYST5YK,Esthederm Intensive Hyaluronic Creme - Creme facial anti-idade 50ml,"R$ 448,99",,BRL,4.6,538,https://www.amazon.com.br/dp/B01JYST5YK,https://m.media-amazon.com/images/I/71F7DPaf5KL._AC_UL960_FMwebp_QL65_.jpg,1,"R$ 448,99",False,False,False,False,Mais de 30 compras no mês passado,"Entrega GRÁTIS: Amanhã, 14 de jul.Ou entrega mais rápida: Hoje",False,,,,,
B07ZHQF433,Base Multifuncional Shiseido Bb For Sports Spf50 Light,"R$ 258,85","R$ 304,85",BRL,4.6,92,https://www.amazon.com.br/dp/B07ZHQF433,https://m.media-amazon.com/images/I/415f0MHeIsL._AC_UL960_FMwebp_QL65_.jpg,1,"R$ 258,85",False,False,True,False,Mais de 50 compras no mês passado,,False,,,,,Com Prime
B0D3C2K4MN,"Creamy Skincare Sérum Facial Retinal 30g | Melhora Rugas, Reduz Poros Dilatados, Controla Brilho, Promove Firmeza, Uniformiza Tom | Todos os Tipos de Pele, Noturno","R$ 136,80",,BRL,4.4,56,https://www.amazon.com.br/dp/B0D3C2K4MN,https://m.media-amazon.com/images/I/51GbERSMXYL._AC_UL960_FMwebp_QL65_.jpg,4,"R$ 136,80",False,False,False,False,Mais de 400 compras no mês passado,,False,,,,,
B0DPDXVTJ5,Secador de Cabelo Britânia 2100W Íons Bivolt com Difusor de Cachos,"R$ 219,70",,BRL,3.8,34,https://www.amazon.com.br/dp/B0DPDXVTJ5,https://m.media-amazon.com/images/I/51Uj5UZS8oL._AC_UL960_FMwebp_QL65_.jpg,1,"R$ 219,70",False,False,False,False,Mais de 100 compras no mês passado,"Entrega GRÁTIS: qua., 16 de jul.",False,,,,,
B0DSLHVTSM,"L&#x27;Oréal Professionnel, Shampoo Profissional, Vitamino Color Spectrum, para todos os cabelos coloridos &amp; cores vibrantes, limpa suavemente, com brilho espelhado ultra intenso, 300ml","R$ 208,90",,BRL,4.7,166,https://www.amazon.com.br/dp/B0DSLHVTSM,https://m.media-amazon.com/images/I/61jE8b1J2TL._AC_UL960_FMwebp_QL65_.jpg,12,"R$ 189,90",False,False,False,False,Mais de 100 compras no mês passado,"Entrega GRÁTIS: Amanhã, 14 de jul.Ou entrega mais rápida: Hoje",False,Floral,,,,
B0CXB95NY3,Eudora Estojo Diva Esplêndida,"R$ 131,18",,BRL,4.1,16,https://www.amazon.com.br/dp/B0CXB95NY3,https://m.media-amazon.com/images/I/61HMMsXRSZL._AC_UL960_FMwebp_QL65_.jpg,10,"R$ 119,00",False,False,False,False,Mais de 30 compras no mês passado,"Entrega GRÁTIS: ter., 15 de jul.",False,Floral,,"R$ 65,59",2.0,
B0D2FJYW45,MQ Professional - Secador Turbo Black 220V 2500W,"R$ 392,32","R$ 428,90",BRL,4.6,16,https://www.amazon.com.br/dp/B0D2FJYW45,https://m.media-amazon.com/images/I/61PJROE0jyL._AC_UL960_FMwebp_QL65_.jpg,1,"R$ 392,32",False,False,False,False,,"Entrega GRÁTIS: qua., 16 de jul.",False,,,,,
B091QCMJQ7,Sérum Clareador TheraSkin Klassis Specialle 50g,"R$ 149,90",,BRL,4.3,193,https://www.amazon.com.br/dp/B091QCMJQ7,https://m.media-amazon.com/images/I/51KXfXc35JL._AC_UL960_FMwebp_QL65_.jpg,19,"R$ 129,90",False,False,False,False,Mais de 100 compras no mês passado,"Entrega GRÁTIS: qua., 16 de jul.",False,,,,,
B000SD8WC2,Palmer&#x27;s Palmers Cocoa Butter Formula Loção De Massagem Para Estrias 250Ml Palmers Cocoa Butter 250Ml,"R$ 165,00",,BRL,4.7,389,https://www.amazon.com.br/dp/B000SD8WC2,https://m.media-amazon.com/images/I/51Cbkg8t7iL._AC_UL960_FMwebp_QL65_.jpg,1,"R$ 165,00",False,False,False,False,Mais de 100 compras no mês passado,"Entrega R$ 35,87: 17 - 21 de jul.",False,Chocolate,,"R$ 165,00",1.0,
B07THLKXD2,Kit com 3 - Desodalina - Sanibras - Único,"R$ 146,99",,BRL,4.3,215,https://www.amazon.com.br/dp/B07THLKXD2,https://m.media-amazon.com/images/I/613gRzqLy7L._AC_UL960_FMwebp_QL65_.jpg,9,"R$ 137,27",False,False,False,True,Mais de 50 compras no mês passado,"Entrega GRÁTIS: qua., 16 de jul.",False,Cápsula,,"R$ 0,82",179.0,
B0D4NX2PRZ,"Kit de Cuidados Essenciais Braé - Duo 250ml + Mini 60ml: Hidratação Progressiva, Nutrição e Reparação, Proteção Térmica","R$ 129,90",,BRL,4.2,20,https://www.amazon.com.br/dp/B0D4NX2PRZ,https://m.media-amazon.com/images/I/41CiRW06GuL._AC_UL960_FMwebp_QL65_.jpg,3,"R$ 121,99",False,False,False,False,Mais de 100 compras no mês passado,"Entrega GRÁTIS: seg., 21 de jul.",False,,,"R$ 43,30",3.0,
B0D5RLGXKY,Perfume Adidas Vibes Spark Up Eau de Parfum 100ml,"R$ 99,90","R$ 127,00",BRL,4.3,55,https://www.amazon.com.br/dp/B0D5RLGXKY,https://m.media-amazon.com/images/I/51lSbCYNwoL._AC_UL960_FMwebp_QL65_.jpg,1,"R$ 99,90",False,False,True,False,Mais de 50 compras no mês passado,,False,Frutado,,"R$ 99,90",1.0,Oferta Prime Day
B071VCX893,Gabriela Sabatini Eau de Toilette 60Ml,"R$ 60,00","R$ 106,56",BRL,4.6,5248,https://www.amazon.com.br/dp/B071VCX893,https://m.media-amazon.com/images/I/61NMHA6n0wL._AC_UL960_FMwebp_QL65_.jpg,1,"R$ 60,00",False,False,True,False,Mais de 3 mil compras no mês passado,,False,Floral,,"R$ 1,00",60.0,Oferta Prime Day
B0CXF3S1M3,Braé Essential - Duo Shampoo 250ml + Condicionador 250ml,"R$ 114,00",,BRL,4.7,262,https://www.amazon.com.br/dp/B0CXF3S1M3,https://m.media-amazon.com/images/I/41yFmwTKGmL._AC_UL960_FMwebp_QL65_.jpg,8,"R$ 113,90",False,False,False,False,Mais de 100 compras no mês passado,"Entrega GRÁTIS: dom., 20 de jul.",False,,,"R$ 57,00",2.0,
B07NPRBFM4,"Style Power Paste, Keune","R$ 188,00",,BRL,4.6,929,https://www.amazon.com.br/dp/B07NPRBFM4,https://m.media-amazon.com/images/I/41e0Roj6mSL._AC_UL960_FMwebp_QL65_.jpg,1,"R$ 188,00",False,False,False,False,Mais de 100 compras no mês passado,"Entrega GRÁTIS: qui., 24 de jul.",False,,,,,
B01MSZTRWH,"Care Derma Regulate Shampoo, Keune","R$ 119,90",,BRL,4.6,437,https://www.amazon.com.br/dp/B01MSZTRWH,https://m.media-amazon.com/images/I/41Nx-fnZVNL._AC_UL960_FMwebp_QL65_.jpg,16,"R$ 115,70",False,False,False,False,Mais de 100 compras no mês passado,"Entrega GRÁTIS: Amanhã, 14 de jul.Ou entrega mais rápida: Hoje",False,Sem perfume,,,,
B08W9PG9VQ,ADCOS Peeling de Hortelã Iluminador - Esfoliante 100g,"R$ 149,00",,BRL,4.8,161,https://www.amazon.com.br/dp/B08W9PG9VQ,https://m.media-amazon.com/images/I/414CQxtfh+L._AC_UL960_FMwebp_QL65_.jpg,1,"R$ 149,00",False,False,False,False,Mais de 50 compras no mês passado,Entrega GRÁTIS: 13 - 22 de ago.,False,,Economize 15% com o cupom,,,
B079VWT192,Protetor Solar e Clareador Facial ISDIN Active Unify FPS 99 - 50ml,"R$ 107,99",,BRL,4.7,6199,https://www.amazon.com.br/dp/B079VWT192,https://m.media-amazon.com/images/I/51NDBQcP98L._AC_UL960_FMwebp_QL65_.jpg,15,"R$ 104,90",False,False,False,False,Mais de 2 mil compras no mês passado,"Entrega GRÁTIS: Amanhã, 14 de jul.Ou entrega mais rápida: Hoje",False,,,,,
B006STEZXK,"Dermacolor Camouflage Creme Refil, Kryolan","R$ 87,00",,BRL,4.4,161,https://www.amazon.com.br/dp/B006STEZXK,https://m.media-amazon.com/images/I/51D0MRUEi8L._AC_UL960_FMwebp_QL65_.jpg,1,"R$ 87,00",False,False,False,False,,"Entrega GRÁTIS: Amanhã, 14 de jul.Ou entrega mais rápida: Hoje",True,,,,,
B0CV8G3T4N,EUDORA NIINA SECRETS PALETTE MULTIFUNCIONAL LUMINOUS 1 12g,"R$ 189,90",,BRL,4.6,36,https://www.amazon.com.br/dp/B0CV8G3T4N,https://m.media-amazon.com/images/I/71fDdGZ0DOL._AC_UL960_FMwebp_QL65_.jpg,1,"R$ 189,90",False,False,False,False,Mais de 50 compras no mês passado,"Entrega GRÁTIS: dom., 20 de jul.",False,,,"R$ 189,90",1.0,
B08X8MTQWF,Bed Head - After Party Leave-in de Brilho 100ml,"R$ 113,79","R$ 119,80",BRL,4.7,2833,https://www.amazon.com.br/dp/B08X8MTQWF,https://m.media-amazon.com/images/I/61XaCrHd38L._AC_UL960_FMwebp_QL65_.jpg,1,"R$ 113,79",False,False,False,False,Mais de 100 compras no mês passado,"Entrega GRÁTIS: ter., 15 de jul.",False,,,"R$ 1.137,90",,
B08KZ1BVZC,Montblanc Legend Men Eau de Parfum 100ml,"R$ 410,00",,BRL,4.4,2132,https://www.amazon.com.br/dp/B08KZ1BVZC,https://m.media-amazon.com/images/I/61B4b350vrL._AC_UL960_FMwebp_QL65_.jpg,1,"R$ 410,00",False,False,False,False,Mais de 400 compras no mês passado,"Entrega R$ 24,26: ter., 5 de ago.Ou entrega mais rápida: 17 - 21 de jul.",False,,,,,
B0F96LF93Z,Kit 2 Modelando A Juba Geleia Seladora Widi Care Definição Dos Cachos 300g,"R$ 96,80","R$ 101,90",BRL,,0,https://www.amazon.com.br/dp/B0F96LF93Z,https://m.media-amazon.com/images/I/61iwU2X4W7L._AC_UL960_FMwebp_QL65_.jpg,1,"R$ 96,80",False,False,False,False,Mais de 20 compras no mês passado,"Entrega GRÁTIS: ter., 22 de jul.",False,,,,,
B0DKB26V56,"MANCLUB® O Desmatador® Aparador Elétrico de Pelos Corporais - Lâmina de Cerâmica com Tecnologia Anti-Cortes, À Prova D&#x27;água","R$ 369,00",,BRL,4.5,23,https://www.amazon.com.br/dp/B0DKB26V56,https://m.media-amazon.com/images/I/71w+wzdBhwL._AC_UL960_FMwebp_QL65_.jpg,1,"R$ 369,00",False,False,False,False,Mais de 40 compras no mês passado,,False,,,,,
B08LHDPVRL,Kit Wella Professionals Oil Reflections Duo Salão (2 Prod),"R$ 356,80",,BRL,4.8,778,https://www.amazon.com.br/dp/B08LHDPVRL,https://m.media-amazon.com/images/I/51tcckJHkTL._AC_UL960_FMwebp_QL65_.jpg,1,"R$ 356,80",False,False,False,False,Mais de 600 compras no mês passado,"Entrega GRÁTIS: seg., 21 de jul.",False,,,"R$ 356,80",1.0,
B0CQD57PRL,Spray Multifincional Condicionante Capilar - Hidratei Solar,"R$ 118,90",,BRL,4.5,35,https://www.amazon.com.br/dp/B0CQD57PRL,https://m.media-amazon.com/images/I/41UP3lztg0L._AC_UL960_FMwebp_QL65_.jpg,1,"R$ 118,90",False,False,False,True,Mais de 40 compras no mês passado,"Entrega GRÁTIS: Amanhã, 14 de jul.Ou entrega mais rápida: Hoje",False,,,,,
B0CBSRWL7P,Protetor Solar Stick Tonalizante Fps 55 Beige 17G Adcos,"R$ 175,00",,BRL,4.6,68,https://www.amazon.com.br/dp/B0CBSRWL7P,https://m.media-amazon.com/images/I/41WN8Hl98UL._AC_UL960_FMwebp_QL65_.jpg,1,"R$ 175,00",False,False,False,False,Mais de 50 compras no mês passado,Entrega GRÁTIS: 24 - 25 de jul.,False,,,"R$ 175,00",1.0,
B0DGQQN5CY,"La Roche-Posay, Protetor Solar Facial, Anthelios Hydraox, FPS60, Sem Cor, 40ml","R$ 109,99",,BRL,4.6,54,https://www.amazon.com.br/dp/B0DGQQN5CY,https://m.media-amazon.com/images/I/51KpzVkJGUL._AC_UL960_FMwebp_QL65_.jpg,1,"R$ 109,99",False,False,False,False,Mais de 100 compras no mês passado,Entrega GRÁTIS,False,,,,,
B0C6FNM9VR,"Secador de Cabelo By Juliette, Mondial, Azul/Rosa, 2000W, 220V - SCP-JU-03","R$ 219,90",,BRL,4.4,132,https://www.amazon.com.br/dp/B0C6FNM9VR,https://m.media-amazon.com/images/I/71GF9fi1tbL._AC_UL960_FMwebp_QL65_.jpg,7,"R$ 203,00",False,False,False,False,,"Entrega GRÁTIS: qua., 16 de jul.",False,,,,,
B0BG312BMR,Wella Professionals Nutri Enrich Shampoo 1000 ml,"R$ 159,90",,BRL,4.7,513,https://www.amazon.com.br/dp/B0BG312BMR,https://m.media-amazon.com/images/I/41pSxYgVPwL._AC_UL960_FMwebp_QL65_.jpg,1,"R$ 159,90",False,False,False,False,Mais de 1 mil compras no mês passado,"Entrega GRÁTIS: dom., 20 de jul.",False,Sem perfume,,,,
B07VFDQ9QT,Deo Colônia Marro Chlorophylla 100ml,"R$ 119,90",,BRL,4.4,33,https://www.amazon.com.br/dp/B07VFDQ9QT,https://m.media-amazon.com/images/I/41TdCBuQdSL._AC_UL960_FMwebp_QL65_.jpg,5,"R$ 112,90",False,False,False,False,Mais de 30 compras no mês passado,"Entrega R$ 28,05: 23 - 25 de jul.",False,Chlorophylla,,"R$ 1.199,00",,
B07N1W36GB,"Sensibio Gel Moussant Tubo, Bioderma","R$ 132,97",,BRL,4.8,11712,https://www.amazon.com.br/dp/B07N1W36GB,https://m.media-amazon.com/images/I/41jMYUP7BKL._AC_UL960_FMwebp_QL65_.jpg,8,"R$ 132,97",False,False,False,False,Mais de 1 mil compras no mês passado,,False,,,,,
B0083JZW9E,Salvador Dalí Laguna Eau de Toilette 100ml,"R$ 150,70","R$ 214,00",BRL,4.5,66,https://www.amazon.com.br/dp/B0083JZW9E,https://m.media-amazon.com/images/I/81txnJz7wfL._AC_UL960_FMwebp_QL65_.jpg,1,"R$ 150,70",False,False,True,False,Mais de 300 compras no mês passado,,False,,,,,Oferta Prime Day
B0DCKGBNFW,Barbeador Philco PBA08 À prova d’água Bivolt,"R$ 164,90","R$ 192,63",BRL,4.4,14,https://www.amazon.com.br/dp/B0DCKGBNFW,https://m.media-amazon.com/images/I/51VXEmo9PjL._AC_UL960_FMwebp_QL65_.jpg,1,"R$ 164,90",False,False,False,False,Mais de 30 compras no mês passado,"Entrega GRÁTIS: Amanhã, 14 de jul.Ou entrega mais rápida: Hoje",False,,,,,
B075KR7YFT,GA.MA ITALY Prancha de Cabelo Eleganza Plus Bivolt,"R$ 98,78","R$ 102,90",BRL,4.7,1664,https://www.amazon.com.br/dp/B075KR7YFT,https://m.media-amazon.com/images/I/41eBmQ9gFLL._AC_UL960_FMwebp_QL65_.jpg,31,"R$ 94,90",False,False,False,False,Mais de 800 compras no mês passado,"Entrega GRÁTIS: Amanhã, 14 de jul.Ou entrega mais rápida: Hoje",False,,,,,
B0F96PVMS5,"Kit Arvensis Cachos Naturais Shampoo 300ml, Condicionador 300ml e Máscara 2x1 250g","R$ 169,90",,BRL,5,1,https://www.amazon.com.br/dp/B0F96PVMS5,https://m.media-amazon.com/images/I/51M1-Lz30IL._AC_UL960_FMwebp_QL65_.jpg,1,"R$ 169,90",False,False,False,False,Mais de 50 compras no mês passado,"Entrega GRÁTIS: qua., 16 de jul.",False,,,"R$ 56,63",3.0,
B09V542XVS,"La Roche-Posay, Bálsamo Hidratante Corporal e Facial Intensivo para Peles Secas e Extremamente Ressecadas com Manteiga de Karité e Niacinamida, Lipikar Baume AP+M 400ml","R$ 198,99",,BRL,4.7,1065,https://www.amazon.com.br/dp/B09V542XVS,https://m.media-amazon.com/images/I/71MXZDW9xVL._AC_UL960_FMwebp_QL65_.jpg,1,"R$ 198,99",False,False,False,False,Mais de 200 compras no mês passado,"Entrega GRÁTIS: dom., 20 de jul.",False,,,,,
B0DV3M8W8H,Lash Sensational Firework Electro Black,"R$ 88,90","R$ 104,89",BRL,,0,https://www.amazon.com.br/dp/B0DV3M8W8H,https://m.media-amazon.com/images/I/61MOb9ZJOkL._AC_UL960_FMwebp_QL65_.jpg,1,"R$ 88,90",False,False,True,False,,,False,,,"R$ 88,90",1.0,Oferta Prime Day
B0CK51XR29,GA.MA ITALY Escova Secadora Babosa Brush 3D Bivolt,"R$ 181,87",,BRL,4.6,619,https://www.amazon.com.br/dp/B0CK51XR29,https://m.media-amazon.com/images/I/61R6aVcxwYL._AC_UL960_FMwebp_QL65_.jpg,13,"R$ 152,90",False,False,False,False,Mais de 200 compras no mês passado,"Entrega GRÁTIS: Amanhã, 14 de jul.Ou entrega mais rápida: Hoje",False,,,,,
B0D2LV7DHF,"Kérastase Elixir Ultime L&#x27;Huile Originale, Óleo Capilar Nutrição Profunda, Brilho Proteção Térmica, Antifrizz e Maciez para Todos os Tipos de Cabelo, 75ml","R$ 246,42","R$ 289,91",BRL,4.5,567,https://www.amazon.com.br/dp/B0D2LV7DHF,https://m.media-amazon.com/images/I/61nHG4vAw6L._AC_UL960_FMwebp_QL65_.jpg,1,"R$ 246,42",False,False,True,False,Mais de 1 mil compras no mês passado,,False,,,,,Oferta Prime Day
B0CGJLC8G9,"La Roche-Posay, Effaclar Duo+M, Gel Creme Triplo Cuidado Corretor Antiacne, anticravos e antimarcas da pós acne, 40ml","R$ 156,94",,BRL,4.7,2423,https://www.amazon.com.br/dp/B0CGJLC8G9,https://m.media-amazon.com/images/I/61Kh6T7oryL._AC_UL960_FMwebp_QL65_.jpg,1,"R$ 156,94",False,False,False,False,Mais de 100 compras no mês passado,"Entrega GRÁTIS: sex., 18 de jul.",False,,,,,
B07D3T2YPV,"Kérastase Shampoo Resistance Bain Extentioniste, Cabelos danificados ou quebradiços, Reconstrução, Vita-ciment, Sève de Réssurrection, 250 ml","R$ 129,89","R$ 145,65",BRL,4.8,5196,https://www.amazon.com.br/dp/B07D3T2YPV,https://m.media-amazon.com/images/I/51o3M3M1PfL._AC_UL960_FMwebp_QL65_.jpg,1,"R$ 129,89",False,False,False,False,Mais de 600 compras no mês passado,"Entrega GRÁTIS: Amanhã, 14 de jul.Ou entrega mais rápida: Hoje",False,Floral,,,,
B0DYG4FFV3,Cadiveu Professional Final Style Supreme Oil - Óleo Capilar 110ml,"R$ 108,52",,BRL,,0,https://www.amazon.com.br/dp/B0DYG4FFV3,https://m.media-amazon.com/images/I/41LkctkhyHL._AC_UL960_FMwebp_QL65_.jpg,4,"R$ 107,99",False,False,False,False,Mais de 50 compras no mês passado,"Entrega GRÁTIS: dom., 20 de jul.",False,,,"R$ 108,52",1.0,
B07SDL65KC,Laneige Lip Máscara de Dormir 0.71oz (Berry 20g),"R$ 138,00",,BRL,4.4,16,https://www.amazon.com.br/dp/B07SDL65KC,https://m.media-amazon.com/images/I/61ozxBODruL._AC_UL960_FMwebp_QL65_.jpg,1,"R$ 138,00",False,False,False,False,Mais de 40 compras no mês passado,"Entrega R$ 27,20: 29 - 31 de jul.",False,,,"R$ 6,90",20.0,
B0D1GLGR6S,GA.MA ITALY Escova Secadora Eleganza Plus Bivolt,"R$ 152,80",,BRL,4.6,321,https://www.amazon.com.br/dp/B0D1GLGR6S,https://m.media-amazon.com/images/I/512yOl4RzdL._AC_UL960_FMwebp_QL65_.jpg,16,"R$ 101,52",False,False,False,False,Mais de 300 compras no mês passado,"Entrega GRÁTIS: Amanhã, 14 de jul.Ou entrega mais rápida: Hoje",False,,,,,
B0F44DLX8T,"Kit Nutri Waves Apice Shampoo, Condicionador, Mascara e Creme de Pentear","R$ 159,90",,BRL,5,3,https://www.amazon.com.br/dp/B0F44DLX8T,https://m.media-amazon.com/images/I/61AfShEVKTL._AC_UL960_FMwebp_QL65_.jpg,1,"R$ 159,90",False,False,False,False,Mais de 30 compras no mês passado,"Entrega GRÁTIS: seg., 21 de jul.",False,,,"R$ 39,98",4.0,
B0BY8XH2JP,Faixas Cabelo Adidas Treino Pacote 3 Unidades (Preto e Branco)(DTT05),"R$ 138,90","R$ 147,99",BRL,4.6,163,https://www.amazon.com.br/dp/B0BY8XH2JP,https://m.media-amazon.com/images/I/717+WBYqmSL._AC_UL960_FMwebp_QL65_.jpg,1,"R$ 138,90",False,False,False,False,Mais de 30 compras no mês passado,"Entrega GRÁTIS: qua., 23 de jul.",False,,,,,
B07BCCRWVT,"L&#x27;Oréal Professionnel Shampoo Metal Detox, para maciez, brilho &amp; sedosidade, maior durabilidade da cor, para cabelos coloridos e danificados, 300ml","R$ 149,90","R$ 162,90",BRL,4.8,7161,https://www.amazon.com.br/dp/B07BCCRWVT,https://m.media-amazon.com/images/I/51I6MahQCbL._AC_UL960_FMwebp_QL65_.jpg,1,"R$ 149,90",False,False,False,False,Mais de 800 compras no mês passado,"Entrega GRÁTIS: qua., 23 de jul.",False,Floral,,,,
B0DV3M8W8H,Lash Sensational Firework Electro Black,"R$ 88,90","R$ 104,89",BRL,,0,https://www.amazon.com.br/dp/B0DV3M8W8H,https://m.media-amazon.com/images/I/61MOb9ZJOkL._AC_UL960_FMwebp_QL65_.jpg,1,"R$ 88,90",False,False,True,False,,,False,,,"R$ 88,90",1.0,Oferta Prime Day
B0CK51XR29,GA.MA ITALY Escova Secadora Babosa Brush 3D Bivolt,"R$ 181,87",,BRL,4.6,619,https://www.amazon.com.br/dp/B0CK51XR29,https://m.media-amazon.com/images/I/61R6aVcxwYL._AC_UL960_FMwebp_QL65_.jpg,13,"R$ 152,90",False,False,False,False,Mais de 200 compras no mês passado,"Entrega GRÁTIS: Amanhã, 14 de jul.Ou entrega mais rápida: Hoje",False,,,,,
B0D2LV7DHF,"Kérastase Elixir Ultime L&#x27;Huile Originale, Óleo Capilar Nutrição Profunda, Brilho Proteção Térmica, Antifrizz e Maciez para Todos os Tipos de Cabelo, 75ml","R$ 246,42","R$ 289,91",BRL,4.5,567,https://www.amazon.com.br/dp/B0D2LV7DHF,https://m.media-amazon.com/images/I/61nHG4vAw6L._AC_UL960_FMwebp_QL65_.jpg,1,"R$ 246,42",False,False,True,False,Mais de 1 mil compras no mês passado,,False,,,,,Oferta Prime Day
B003URLWI4,Grande Combo !!! Mix Silicon Bambu Shampoo e Condicionador !!!,"R$ 124,00",,BRL,4.6,1267,https://www.amazon.com.br/dp/B003URLWI4,https://m.media-amazon.com/images/I/71KBuIMeToL._AC_UL960_FMwebp_QL65_.jpg,7,"R$ 122,90",False,False,False,False,Mais de 40 compras no mês passado,"Entrega GRÁTIS: dom., 20 de jul.",False,,,,,
B0CGJLC8G9,"La Roche-Posay, Effaclar Duo+M, Gel Creme Triplo Cuidado Corretor Antiacne, anticravos e antimarcas da pós acne, 40ml","R$ 156,94",,BRL,4.7,2423,https://www.amazon.com.br/dp/B0CGJLC8G9,https://m.media-amazon.com/images/I/61Kh6T7oryL._AC_UL960_FMwebp_QL65_.jpg,1,"R$ 156,94",False,False,False,False,Mais de 100 compras no mês passado,"Entrega GRÁTIS: sex., 18 de jul.",False,,,,,
B07D3T2YPV,"Kérastase Shampoo Resistance Bain Extentioniste, Cabelos danificados ou quebradiços, Reconstrução, Vita-ciment, Sève de Réssurrection, 250 ml","R$ 129,89","R$ 145,65",BRL,4.8,5196,https://www.amazon.com.br/dp/B07D3T2YPV,https://m.media-amazon.com/images/I/51o3M3M1PfL._AC_UL960_FMwebp_QL65_.jpg,1,"R$ 129,89",False,False,False,False,Mais de 600 compras no mês passado,"Entrega GRÁTIS: Amanhã, 14 de jul.Ou entrega mais rápida: Hoje",False,Floral,,,,
B0DYG4FFV3,Cadiveu Professional Final Style Supreme Oil - Óleo Capilar 110ml,"R$ 108,52",,BRL,,0,https://www.amazon.com.br/dp/B0DYG4FFV3,https://m.media-amazon.com/images/I/41LkctkhyHL._AC_UL960_FMwebp_QL65_.jpg,4,"R$ 107,99",False,False,False,False,Mais de 50 compras no mês passado,"Entrega GRÁTIS: dom., 20 de jul.",False,,,"R$ 108,52",1.0,
B07SDL65KC,Laneige Lip Máscara de Dormir 0.71oz (Berry 20g),"R$ 138,00",,BRL,4.4,16,https://www.amazon.com.br/dp/B07SDL65KC,https://m.media-amazon.com/images/I/61ozxBODruL._AC_UL960_FMwebp_QL65_.jpg,1,"R$ 138,00",False,False,False,False,Mais de 40 compras no mês passado,"Entrega R$ 27,20: 29 - 31 de jul.",False,,,"R$ 6,90",20.0,
B0D1GLGR6S,GA.MA ITALY Escova Secadora Eleganza Plus Bivolt,"R$ 152,80",,BRL,4.6,321,https://www.amazon.com.br/dp/B0D1GLGR6S,https://m.media-amazon.com/images/I/512yOl4RzdL._AC_UL960_FMwebp_QL65_.jpg,16,"R$ 101,52",False,False,False,False,Mais de 300 compras no mês passado,"Entrega GRÁTIS: Amanhã, 14 de jul.Ou entrega mais rápida: Hoje",False,,,,,
B0F44DLX8T,"Kit Nutri Waves Apice Shampoo, Condicionador, Mascara e Creme de Pentear","R$ 159,90",,BRL,5,3,https://www.amazon.com.br/dp/B0F44DLX8T,https://m.media-amazon.com/images/I/61AfShEVKTL._AC_UL960_FMwebp_QL65_.jpg,1,"R$ 159,90",False,False,False,False,Mais de 30 compras no mês passado,"Entrega GRÁTIS: seg., 21 de jul.",False,,,"R$ 39,98",4.0,
B0BY8XH2JP,Faixas Cabelo Adidas Treino Pacote 3 Unidades (Preto e Branco)(DTT05),"R$ 138,90","R$ 147,99",BRL,4.6,163,https://www.amazon.com.br/dp/B0BY8XH2JP,https://m.media-amazon.com/images/I/717+WBYqmSL._AC_UL960_FMwebp_QL65_.jpg,1,"R$ 138,90",False,False,False,False,Mais de 30 compras no mês passado,"Entrega GRÁTIS: qua., 23 de jul.",False,,,,,
B07BCCRWVT,"L&#x27;Oréal Professionnel Shampoo Metal Detox, para maciez, brilho &amp; sedosidade, maior durabilidade da cor, para cabelos coloridos e danificados, 300ml","R$ 149,90","R$ 162,90",BRL,4.8,7161,https://www.amazon.com.br/dp/B07BCCRWVT,https://m.media-amazon.com/images/I/51I6MahQCbL._AC_UL960_FMwebp_QL65_.jpg,1,"R$ 149,90",False,True,False,False,Mais de 800 compras no mês passado,"Entrega GRÁTIS: qua., 23 de jul.",False,Floral,,,,Escolha
B0CMV9XCP9,Revlon Escova Secadora Alisadora Volumizer Plus 127v,"R$ 325,99","R$ 409,55",BRL,4.7,195,https://www.amazon.com.br/dp/B0CMV9XCP9,https://m.media-amazon.com/images/I/61w2w1B3roL._AC_UL960_FMwebp_QL65_.jpg,1,"R$ 325,99",False,False,False,False,Mais de 50 compras no mês passado,"Entrega GRÁTIS: dom., 20 de jul.",False,,,"R$ 325,99",1.0,Economize 20%
B07F6KMD62,"Modelador 1/2, Taiff, Curves, Preto","R$ 159,90",,BRL,4.8,1829,https://www.amazon.com.br/dp/B07F6KMD62,https://m.media-amazon.com/images/I/51-yK9pQNpL._AC_UL960_FMwebp_QL65_.jpg,1,"R$ 159,90",False,False,False,False,Mais de 1 mil compras no mês passado,"Entrega GRÁTIS: Amanhã, 14 de jul.Ou entrega mais rápida: Hoje",False,,,,,
B00ZPQ129C,Shampoo Oi Davines 280ml,"R$ 215,00","R$ 229,90",BRL,4.6,6507,https://www.amazon.com.br/dp/B00ZPQ129C,https://m.media-amazon.com/images/I/517y8ti305L._AC_UL960_FMwebp_QL65_.jpg,1,"R$ 215,00",False,False,False,False,Mais de 50 compras no mês passado,"Entrega GRÁTIS: qui., 24 de jul.",False,,,"R$ 767,86",0.0,
B0D4R37NN1,Kit Braé Revival Duo 250ml + Máscara 200g + Mini Essential 60ml,"R$ 187,00",,BRL,4.2,144,https://www.amazon.com.br/dp/B0D4R37NN1,https://m.media-amazon.com/images/I/41xNlWx3h2L._AC_UL960_FMwebp_QL65_.jpg,1,"R$ 187,00",False,False,False,False,Mais de 40 compras no mês passado,"Entrega GRÁTIS: seg., 21 de jul.",False,,,"R$ 46,75",4.0,
B0B1JPV2BT,"EUCERIN Sérum Facial Antiacne Dermo Pure Efeito Triplo 40ml, Antioleosidade, Antimanchas, Thiamidol, Peles Oleosas","R$ 127,74","R$ 141,93",BRL,4.7,2768,https://www.amazon.com.br/dp/B0B1JPV2BT,https://m.media-amazon.com/images/I/71Cj1nFCL0L._AC_UL960_FMwebp_QL65_.jpg,1,"R$ 127,74",False,False,True,False,Mais de 1 mil compras no mês passado,,False,,,,,Oferta Prime Day
B081J84LJ6,Neosil Loção Antiqueda 50ml,"R$ 132,00",,BRL,4.2,60,https://www.amazon.com.br/dp/B081J84LJ6,https://m.media-amazon.com/images/I/61PZtRQ056L._AC_UL960_FMwebp_QL65_.jpg,7,"R$ 127,09",False,False,False,False,Mais de 40 compras no mês passado,"Entrega GRÁTIS: seg., 21 de jul.",False,,,"R$ 2.640,00",,
B0DTLKF7JQ,Kit Wella Professionals Invigo Nutri-Enrich Salon Máscara P (3 produtos),"R$ 419,90",,BRL,5,3,https://www.amazon.com.br/dp/B0DTLKF7JQ,https://m.media-amazon.com/images/I/51+9n+PlBuL._AC_UL960_FMwebp_QL65_.jpg,1,"R$ 419,90",False,False,False,False,Mais de 40 compras no mês passado,"Entrega GRÁTIS: dom., 20 de jul.",False,,,"R$ 139,97",3.0,
B0BQ4J9HP3,Kit Viagem Senscience Silk Moisture -Shampoo 90ml-cond 90ml- Inner Restore Moisturizing Mask 50ml,"R$ 115,00",,BRL,4.4,33,https://www.amazon.com.br/dp/B0BQ4J9HP3,https://m.media-amazon.com/images/I/61qOeLfRgXL._AC_UL960_FMwebp_QL65_.jpg,1,"R$ 115,00",False,False,False,False,Mais de 100 compras no mês passado,"Entrega GRÁTIS: seg., 21 de jul.",False,,,"R$ 28,75",4.0,
B00940L86C,Sébium Pore Refiner 30 ml Bioderma,"R$ 108,99",,BRL,4.7,10091,https://www.amazon.com.br/dp/B00940L86C,https://m.media-amazon.com/images/I/41MV8qSHUqL._AC_UL960_FMwebp_QL65_.jpg,1,"R$ 108,99",False,False,False,False,Mais de 400 compras no mês passado,"Entrega GRÁTIS: Amanhã, 14 de jul.Ou entrega mais rápida: Hoje",False,,,,,
B0CYV9DBMD,MQ Professional - Chapinha Profissional Pro 480°F Velox - Bivolt,"R$ 409,09",,BRL,4.6,112,https://www.amazon.com.br/dp/B0CYV9DBMD,https://m.media-amazon.com/images/I/71O3ww8vJ2L._AC_UL960_FMwebp_QL65_.jpg,1,"R$ 409,09",False,False,False,False,Mais de 30 compras no mês passado,"Entrega GRÁTIS: Amanhã, 14 de jul.Ou entrega mais rápida: Hoje",False,,,"R$ 409,09",1.0,
B0B1RC1KY6,Clareador Facial Blancy Cis - 30g - Ação Uniformizante - Textura Leve e Toque Seco - Mantecorp,"R$ 198,99",,BRL,4.3,214,https://www.amazon.com.br/dp/B0B1RC1KY6,https://m.media-amazon.com/images/I/51fSsmBXciL._AC_UL960_FMwebp_QL65_.jpg,10,"R$ 189,90",False,False,False,False,Mais de 100 compras no mês passado,"Entrega GRÁTIS: Amanhã, 14 de jul.Ou entrega mais rápida: Hoje",False,,,,,
B0CQCHPY8S,Barbeador elétrico Comfort Cut X3021/00,"R$ 219,90","R$ 258,71",BRL,4.5,424,https://www.amazon.com.br/dp/B0CQCHPY8S,https://m.media-amazon.com/images/I/61flXa21ClL._AC_UL960_FMwebp_QL65_.jpg,1,"R$ 219,90",False,False,True,False,Mais de 200 compras no mês passado,,False,,,,,Oferta Prime Day
B07Y3YRWCB,Kit Wella Professionals Invigo Nutri-Enrich Salon Trio (3 Produtos),"R$ 457,99",,BRL,4.8,3757,https://www.amazon.com.br/dp/B07Y3YRWCB,https://m.media-amazon.com/images/I/61RnyedqaXL._AC_UL960_FMwebp_QL65_.jpg,14,"R$ 416,90",False,False,False,False,Mais de 800 compras no mês passado,"Entrega GRÁTIS: seg., 21 de jul.",False,,,"R$ 457,99",1.0,
B0D6T7FZKJ,Darrow Actine Renov Concentrado Renovador Antiacne 30g,"R$ 102,59",,BRL,4.6,100,https://www.amazon.com.br/dp/B0D6T7FZKJ,https://m.media-amazon.com/images/I/61d7Ud6-fwL._AC_UL960_FMwebp_QL65_.jpg,1,"R$ 102,59",False,False,False,False,Mais de 200 compras no mês passado,"Entrega GRÁTIS: Amanhã, 14 de jul.Ou entrega mais rápida: Hoje",False,,,,,
B0CNKJTV1X,Avène Vitamin Activ Cg Sérum de Luminosidade Antioxidante 30ml,"R$ 194,64",,BRL,4.6,511,https://www.amazon.com.br/dp/B0CNKJTV1X,https://m.media-amazon.com/images/I/61CX-mkEFPL._AC_UL960_FMwebp_QL65_.jpg,1,"R$ 194,64",False,False,False,False,Mais de 400 compras no mês passado,"Entrega GRÁTIS: Amanhã, 14 de jul.Ou entrega mais rápida: Hoje",False,,,,,
B0C6FM2ZQF,"Kérastase Shampoo Genesis Bain Hydra-Fortifiant, 250 ml (Embalagem pode variar)","R$ 130,00","R$ 176,40",BRL,4.7,518,https://www.amazon.com.br/dp/B0C6FM2ZQF,https://m.media-amazon.com/images/I/61u6eMhKHHL._AC_UL960_FMwebp_QL65_.jpg,1,"R$ 130,00",False,False,False,False,Mais de 1 mil compras no mês passado,"Entrega GRÁTIS: Amanhã, 14 de jul.Ou entrega mais rápida: Hoje",False,Floral,,,,
B0DM67V5YV,"Depilador Eletrico Feminino, 2 Velocidades, Depilador, Depilador Eletrico, Maquina de Depilar Feminina, Depilador Feminino, Depilador Elétrico, Aparelho de Depilar Feminino, Depilador","R$ 124,99",,BRL,4.4,10,https://www.amazon.com.br/dp/B0DM67V5YV,https://m.media-amazon.com/images/I/51GosryVZcL._AC_UL960_FMwebp_QL65_.jpg,1,"R$ 124,99",False,False,False,False,Mais de 30 compras no mês passado,"Entrega GRÁTIS: sáb., 19 de jul.",False,,,,,
B0BB587WDF,Arbo Desodorante Colônia 100ml,"R$ 129,50",,BRL,4.4,40,https://www.amazon.com.br/dp/B0BB587WDF,https://m.media-amazon.com/images/I/61T0rsIR0aL._AC_UL960_FMwebp_QL65_.jpg,35,"R$ 129,50",False,False,False,False,Mais de 30 compras no mês passado,,False,Fougère Fresco,,,,
B0CYLZN7SY,Condicionador Wella Professionals Ultimate Luxe Oil 1000ml,"R$ 292,05",,BRL,5,11,https://www.amazon.com.br/dp/B0CYLZN7SY,https://m.media-amazon.com/images/I/416HhZ0Y2BL._AC_UL960_FMwebp_QL65_.jpg,1,"R$ 292,05",False,False,False,False,Mais de 40 compras no mês passado,"Entrega GRÁTIS: seg., 4 de ago.",False,Floral,,,,
B09NYJ3C11,"Lancôme, Idôle, Corretivo, Cobertura Completa, Teint Ultra Wear All Over","R$ 264,85",,BRL,4.6,579,https://www.amazon.com.br/dp/B09NYJ3C11,https://m.media-amazon.com/images/I/51bLOz9gkWL._AC_UL960_FMwebp_QL65_.jpg,1,"R$ 264,85",False,False,False,False,,"Entrega GRÁTIS: qua., 16 de jul.",False,,,,,
B09WK98YQW,"KEMEI Navalhas elétricas para homens, barbeador elétrico profissional sem fio todo de metal, lâminas de titânio de lítio, aparador de barba facial recarregável por USB, dourado (TX1 ouro)","R$ 159,99",,BRL,4.3,345,https://www.amazon.com.br/dp/B09WK98YQW,https://m.media-amazon.com/images/I/51q+IpyVepL._AC_UL960_FMwebp_QL65_.jpg,8,"R$ 133,97",False,False,False,False,Mais de 200 compras no mês passado,"Entrega GRÁTIS: ter., 22 de jul.",False,,,,,
B09GSRB2CM,"L&#x27;Oréal Professionnel Máscara de Tratamento Inforcer, Para Cabelos Fracos e Frágeis, Aumenta a Força e Previne Quebras, Com Biotina e Vitamina B6, 250g","R$ 163,90",,BRL,4.7,969,https://www.amazon.com.br/dp/B09GSRB2CM,https://m.media-amazon.com/images/I/51PyOKI9-iL._AC_UL960_FMwebp_QL65_.jpg,21,"R$ 154,40",False,False,False,False,Mais de 2 mil compras no mês passado,Entrega GRÁTIS: 13 - 22 de ago.,False,Sem perfume,,,,
B0C8BVGCSM,"Escova Secadora By Juliette, Mondial, Azul/Rosa, 1300W, Bivolt - ES-JU-03","R$ 208,91","R$ 219,90",BRL,4.7,655,https://www.amazon.com.br/dp/B0C8BVGCSM,https://m.media-amazon.com/images/I/81WL+4KtYHL._AC_UL960_FMwebp_QL65_.jpg,25,"R$ 180,12",False,False,False,False,Mais de 300 compras no mês passado,"Entrega GRÁTIS: Amanhã, 14 de jul.Ou entrega mais rápida: Hoje",False,,,,,
B00RYSOBFG,"Philips Depilador Elétrico Feminino para Pelos Intimos, com Cabeças de Corte e Pentes, BRT383/15","R$ 151,08","R$ 177,74",BRL,4.5,15596,https://www.amazon.com.br/dp/B00RYSOBFG,https://m.media-amazon.com/images/I/71VmiT4mPxL._AC_UL960_FMwebp_QL65_.jpg,1,"R$ 151,08",False,False,True,False,Mais de 900 compras no mês passado,,False,,,,,Oferta Prime Day
B07Y1NTK1Z,Wella Professionals Oil Reflections Light Óleo Capilar 100 ml,"R$ 144,90",,BRL,4.7,1656,https://www.amazon.com.br/dp/B07Y1NTK1Z,https://m.media-amazon.com/images/I/61LLmncxuuL._AC_UL960_FMwebp_QL65_.jpg,18,"R$ 124,90",False,False,False,False,Mais de 2 mil compras no mês passado,"Entrega GRÁTIS: ter., 15 de jul.Ou entrega mais rápida: Hoje",False,,"Economize R$ 6,40 com o cupom",,,
B07G3H8R9D,"Truss Amino Protetor Térmico | Finalizador com Proteção de até 80% Contra Calor, Brilho e Reparação Capilar | 225ml","R$ 172,29",,BRL,4.2,66,https://www.amazon.com.br/dp/B07G3H8R9D,https://m.media-amazon.com/images/I/51Vht6RWfNL._AC_UL960_FMwebp_QL65_.jpg,15,"R$ 139,99",False,False,False,False,Mais de 100 compras no mês passado,"Entrega GRÁTIS: Amanhã, 14 de jul.Ou entrega mais rápida: Hoje",False,,,,,
B000GI3U6C,"ColorCare Trauma Treatment 150 ml, L´Anza, Vermelho","R$ 194,90",,BRL,4.7,2551,https://www.amazon.com.br/dp/B000GI3U6C,https://m.media-amazon.com/images/I/61Ff7sTPO1L._AC_UL960_FMwebp_QL65_.jpg,1,"R$ 194,90",False,False,False,False,Mais de 30 compras no mês passado,"Entrega GRÁTIS: qua., 16 de jul.",False,"Cítrico, Floral, Fresco",,"R$ 1,30",150.0,
B07981ZKZK,Creme Clareador Profuse Clair Olhos Correct Color 15G,"R$ 177,98",,BRL,4.5,132,https://www.amazon.com.br/dp/B07981ZKZK,https://m.media-amazon.com/images/I/41OjASVx+vL._AC_UL960_FMwebp_QL65_.jpg,7,"R$ 169,90",False,False,False,False,Mais de 50 compras no mês passado,"Entrega GRÁTIS: qua., 16 de jul.",False,,,"R$ 11.865,33",,
B07GBLSJ66,"Care Keratin Smooth Silk Polish, Keune","R$ 198,28",,BRL,3.8,15,https://www.amazon.com.br/dp/B07GBLSJ66,https://m.media-amazon.com/images/I/51Ho3GlKY1L._AC_UL960_FMwebp_QL65_.jpg,1,"R$ 198,28",False,False,False,False,Mais de 40 compras no mês passado,"Entrega GRÁTIS: dom., 20 de jul.",False,,,,,
B07KTDS29C,Fragrância Desodorante Corporal Make me Fever Gold 100ml,"R$ 202,85","R$ 228,85",BRL,4.6,129,https://www.amazon.com.br/dp/B07KTDS29C,https://m.media-amazon.com/images/I/51NXusEkKJL._AC_UL960_FMwebp_QL65_.jpg,1,"R$ 202,85",False,False,False,False,Mais de 50 compras no mês passado,"Entrega GRÁTIS: sáb., 19 de jul.",False,,,,,Economize 11%
B0CJWDHJ4H,Sabonete Iluminador com vitamina C - Adcos,"R$ 129,00",,BRL,4.6,14,https://www.amazon.com.br/dp/B0CJWDHJ4H,https://m.media-amazon.com/images/I/41BofqnsZBL._AC_UL960_FMwebp_QL65_.jpg,1,"R$ 129,00",False,False,False,False,Mais de 30 compras no mês passado,Entrega GRÁTIS: 24 - 25 de jul.,False,,,"R$ 129,00",1.0,
B0DZPCWL8C,"Granado Sabonete Antisséptico, Natural, 90g, 12 unidades","R$ 107,34",,BRL,5,9,https://www.amazon.com.br/dp/B0DZPCWL8C,https://m.media-amazon.com/images/I/71hhJfc3izL._AC_UL960_FMwebp_QL65_.jpg,1,"R$ 107,34",False,False,False,False,Mais de 40 compras no mês passado,"Entrega GRÁTIS: Amanhã, 14 de jul.Ou entrega mais rápida: Hoje",False,,,"R$ 8,95",12.0,
B079VR2M32,"Ideal Body Loção Serum Corporal 200G, Vichy","R$ 214,99",,BRL,4.9,112,https://www.amazon.com.br/dp/B079VR2M32,https://m.media-amazon.com/images/I/41-1sr-TeZL._AC_UL960_FMwebp_QL65_.jpg,1,"R$ 214,99",False,False,False,False,Mais de 50 compras no mês passado,"Entrega GRÁTIS: ter., 15 de jul.",False,,,,,
B0B8P4J8KW,"Redken Leave-in All Soft Moisture Restore |Para cabelos secos e quebradiços | Proteção contra umidade, calor e frizz | Proporciona cabelos mais macios e lisos | 150ml Cradle to Cradle Certified","R$ 109,00","R$ 122,90",BRL,4.6,772,https://www.amazon.com.br/dp/B0B8P4J8KW,https://m.media-amazon.com/images/I/51n9pB7kf6L._AC_UL960_FMwebp_QL65_.jpg,1,"R$ 109,00",False,False,False,True,Mais de 800 compras no mês passado,"Entrega GRÁTIS: seg., 4 de ago.",False,Sem perfume,,,,
B00B5PFYGO,"OSiS Dust It 10g, Schwarzkopf Professional","R$ 108,99","R$ 124,90",BRL,4.5,13604,https://www.amazon.com.br/dp/B00B5PFYGO,https://m.media-amazon.com/images/I/71SmsUhKeOL._AC_UL960_FMwebp_QL65_.jpg,1,"R$ 108,99",False,False,False,False,Mais de 100 compras no mês passado,"Entrega GRÁTIS: qua., 16 de jul.",False,,,,,Economize 12%
B097HYQPJ1,"SECADOR Taiff TOURMALINE 2100W 127V, preto","R$ 312,11","R$ 331,63",BRL,4.8,3700,https://www.amazon.com.br/dp/B097HYQPJ1,https://m.media-amazon.com/images/I/51BoILwnCJL._AC_UL960_FMwebp_QL65_.jpg,24,"R$ 267,72",False,False,False,False,Mais de 1 mil compras no mês passado,"Entrega GRÁTIS: Amanhã, 14 de jul.Ou entrega mais rápida: Hoje",False,,,,,
B0DM67V5YV,"Depilador Eletrico Feminino, 2 Velocidades, Depilador, Depilador Eletrico, Maquina de Depilar Feminina, Depilador Feminino, Depilador Elétrico, Aparelho de Depilar Feminino, Depilador","R$ 124,99",,BRL,4.4,10,https://www.amazon.com.br/dp/B0DM67V5YV,https://m.media-amazon.com/images/I/51GosryVZcL._AC_UL960_FMwebp_QL65_.jpg,1,"R$ 124,99",False,False,False,False,Mais de 30 compras no mês passado,"Entrega GRÁTIS: sáb., 19 de jul.",False,,,,,
B0BB587WDF,Arbo Desodorante Colônia 100ml,"R$ 129,50",,BRL,4.4,40,https://www.amazon.com.br/dp/B0BB587WDF,https://m.media-amazon.com/images/I/61T0rsIR0aL._AC_UL960_FMwebp_QL65_.jpg,35,"R$ 129,50",False,False,False,False,Mais de 30 compras no mês passado,,False,Fougère Fresco,,,,
B0CYLZN7SY,Condicionador Wella Professionals Ultimate Luxe Oil 1000ml,"R$ 292,05",,BRL,5,11,https://www.amazon.com.br/dp/B0CYLZN7SY,https://m.media-amazon.com/images/I/416HhZ0Y2BL._AC_UL960_FMwebp_QL65_.jpg,1,"R$ 292,05",False,False,False,False,Mais de 40 compras no mês passado,"Entrega GRÁTIS: seg., 4 de ago.",False,Floral,,,,
B09NYJ3C11,"Lancôme, Idôle, Corretivo, Cobertura Completa, Teint Ultra Wear All Over","R$ 264,85",,BRL,4.6,579,https://www.amazon.com.br/dp/B09NYJ3C11,https://m.media-amazon.com/images/I/51bLOz9gkWL._AC_UL960_FMwebp_QL65_.jpg,1,"R$ 264,85",False,False,False,False,,"Entrega GRÁTIS: qua., 16 de jul.",False,,,,,
B09WK98YQW,"KEMEI Navalhas elétricas para homens, barbeador elétrico profissional sem fio todo de metal, lâminas de titânio de lítio, aparador de barba facial recarregável por USB, dourado (TX1 ouro)","R$ 159,99",,BRL,4.3,345,https://www.amazon.com.br/dp/B09WK98YQW,https://m.media-amazon.com/images/I/51q+IpyVepL._AC_UL960_FMwebp_QL65_.jpg,8,"R$ 133,97",False,False,False,False,Mais de 200 compras no mês passado,"Entrega GRÁTIS: ter., 22 de jul.",False,,,,,
B09GSRB2CM,"L&#x27;Oréal Professionnel Máscara de Tratamento Inforcer, Para Cabelos Fracos e Frágeis, Aumenta a Força e Previne Quebras, Com Biotina e Vitamina B6, 250g","R$ 163,90",,BRL,4.7,969,https://www.amazon.com.br/dp/B09GSRB2CM,https://m.media-amazon.com/images/I/51PyOKI9-iL._AC_UL960_FMwebp_QL65_.jpg,21,"R$ 154,40",False,False,False,False,Mais de 2 mil compras no mês passado,Entrega GRÁTIS: 13 - 22 de ago.,False,Sem perfume,,,,
B0C8BVGCSM,"Escova Secadora By Juliette, Mondial, Azul/Rosa, 1300W, Bivolt - ES-JU-03","R$ 208,91","R$ 219,90",BRL,4.7,655,https://www.amazon.com.br/dp/B0C8BVGCSM,https://m.media-amazon.com/images/I/81WL+4KtYHL._AC_UL960_FMwebp_QL65_.jpg,25,"R$ 180,12",False,False,False,False,Mais de 300 compras no mês passado,"Entrega GRÁTIS: Amanhã, 14 de jul.Ou entrega mais rápida: Hoje",False,,,,,
B00RYSOBFG,"Philips Depilador Elétrico Feminino para Pelos Intimos, com Cabeças de Corte e Pentes, BRT383/15","R$ 151,08","R$ 177,74",BRL,4.5,15596,https://www.amazon.com.br/dp/B00RYSOBFG,https://m.media-amazon.com/images/I/71VmiT4mPxL._AC_UL960_FMwebp_QL65_.jpg,1,"R$ 151,08",False,False,True,False,Mais de 900 compras no mês passado,,False,,,,,Oferta Prime Day
B07Y1NTK1Z,Wella Professionals Oil Reflections Light Óleo Capilar 100 ml,"R$ 144,90",,BRL,4.7,1656,https://www.amazon.com.br/dp/B07Y1NTK1Z,https://m.media-amazon.com/images/I/61LLmncxuuL._AC_UL960_FMwebp_QL65_.jpg,18,"R$ 124,90",False,False,False,False,Mais de 2 mil compras no mês passado,"Entrega GRÁTIS: ter., 15 de jul.Ou entrega mais rápida: Hoje",False,,"Economize R$ 6,40 com o cupom",,,
B07G3H8R9D,"Truss Amino Protetor Térmico | Finalizador com Proteção de até 80% Contra Calor, Brilho e Reparação Capilar | 225ml","R$ 172,29",,BRL,4.2,66,https://www.amazon.com.br/dp/B07G3H8R9D,https://m.media-amazon.com/images/I/51Vht6RWfNL._AC_UL960_FMwebp_QL65_.jpg,15,"R$ 139,99",False,False,False,False,Mais de 100 compras no mês passado,"Entrega GRÁTIS: Amanhã, 14 de jul.Ou entrega mais rápida: Hoje",False,,,,,
B0F99W4VZD,Kit Juba Widi Care Creme De Pentear Ondulando + Geleia Modelando A Juba Seladora,"R$ 107,25","R$ 112,90",BRL,5,1,https://www.amazon.com.br/dp/B0F99W4VZD,https://m.media-amazon.com/images/I/61JoLIhN3rL._AC_UL960_FMwebp_QL65_.jpg,1,"R$ 107,25",False,False,False,False,,"Entrega GRÁTIS: ter., 22 de jul.",False,,,,,
B000GI3U6C,"ColorCare Trauma Treatment 150 ml, L´Anza, Vermelho","R$ 194,90",,BRL,4.7,2551,https://www.amazon.com.br/dp/B000GI3U6C,https://m.media-amazon.com/images/I/61Ff7sTPO1L._AC_UL960_FMwebp_QL65_.jpg,1,"R$ 194,90",False,False,False,False,Mais de 30 compras no mês passado,"Entrega GRÁTIS: qua., 16 de jul.",False,"Cítrico, Floral, Fresco",,"R$ 1,30",150.0,
B07981ZKZK,Creme Clareador Profuse Clair Olhos Correct Color 15G,"R$ 177,98",,BRL,4.5,132,https://www.amazon.com.br/dp/B07981ZKZK,https://m.media-amazon.com/images/I/41OjASVx+vL._AC_UL960_FMwebp_QL65_.jpg,7,"R$ 169,90",False,False,False,False,Mais de 50 compras no mês passado,"Entrega GRÁTIS: qua., 16 de jul.",False,,,"R$ 11.865,33",,
B07GBLSJ66,"Care Keratin Smooth Silk Polish, Keune","R$ 198,28",,BRL,3.8,15,https://www.amazon.com.br/dp/B07GBLSJ66,https://m.media-amazon.com/images/I/51Ho3GlKY1L._AC_UL960_FMwebp_QL65_.jpg,1,"R$ 198,28",False,False,False,False,Mais de 40 compras no mês passado,"Entrega GRÁTIS: dom., 20 de jul.",False,,,,,
B07KTDS29C,Fragrância Desodorante Corporal Make me Fever Gold 100ml,"R$ 202,85","R$ 228,85",BRL,4.6,129,https://www.amazon.com.br/dp/B07KTDS29C,https://m.media-amazon.com/images/I/51NXusEkKJL._AC_UL960_FMwebp_QL65_.jpg,1,"R$ 202,85",False,False,False,False,Mais de 50 compras no mês passado,"Entrega GRÁTIS: sáb., 19 de jul.",False,,,,,Economize 11%
B0CJWDHJ4H,Sabonete Iluminador com vitamina C - Adcos,"R$ 129,00",,BRL,4.6,14,https://www.amazon.com.br/dp/B0CJWDHJ4H,https://m.media-amazon.com/images/I/41BofqnsZBL._AC_UL960_FMwebp_QL65_.jpg,1,"R$ 129,00",False,False,False,False,Mais de 30 compras no mês passado,Entrega GRÁTIS: 24 - 25 de jul.,False,,,"R$ 129,00",1.0,
B0DZPCWL8C,"Granado Sabonete Antisséptico, Natural, 90g, 12 unidades","R$ 107,34",,BRL,5,9,https://www.amazon.com.br/dp/B0DZPCWL8C,https://m.media-amazon.com/images/I/71hhJfc3izL._AC_UL960_FMwebp_QL65_.jpg,1,"R$ 107,34",False,False,False,False,Mais de 40 compras no mês passado,"Entrega GRÁTIS: Amanhã, 14 de jul.Ou entrega mais rápida: Hoje",False,,,"R$ 8,95",12.0,
B079VR2M32,"Ideal Body Loção Serum Corporal 200G, Vichy","R$ 214,99",,BRL,4.9,112,https://www.amazon.com.br/dp/B079VR2M32,https://m.media-amazon.com/images/I/41-1sr-TeZL._AC_UL960_FMwebp_QL65_.jpg,1,"R$ 214,99",False,False,False,False,Mais de 50 compras no mês passado,"Entrega GRÁTIS: ter., 15 de jul.",False,,,,,
B0B8P4J8KW,"Redken Leave-in All Soft Moisture Restore |Para cabelos secos e quebradiços | Proteção contra umidade, calor e frizz | Proporciona cabelos mais macios e lisos | 150ml Cradle to Cradle Certified","R$ 109,00","R$ 122,90",BRL,4.6,772,https://www.amazon.com.br/dp/B0B8P4J8KW,https://m.media-amazon.com/images/I/51n9pB7kf6L._AC_UL960_FMwebp_QL65_.jpg,1,"R$ 109,00",False,False,False,True,Mais de 800 compras no mês passado,"Entrega GRÁTIS: seg., 4 de ago.",False,Sem perfume,,,,
B00B5PFYGO,"OSiS Dust It 10g, Schwarzkopf Professional","R$ 108,99","R$ 124,90",BRL,4.5,13604,https://www.amazon.com.br/dp/B00B5PFYGO,https://m.media-amazon.com/images/I/71SmsUhKeOL._AC_UL960_FMwebp_QL65_.jpg,1,"R$ 108,99",False,True,False,False,Mais de 100 compras no mês passado,"Entrega GRÁTIS: qua., 16 de jul.",False,,,,,Escolha
B097HYQPJ1,"SECADOR Taiff TOURMALINE 2100W 127V, preto","R$ 312,11","R$ 331,63",BRL,4.8,3700,https://www.amazon.com.br/dp/B097HYQPJ1,https://m.media-amazon.com/images/I/51BoILwnCJL._AC_UL960_FMwebp_QL65_.jpg,24,"R$ 267,72",False,False,False,False,Mais de 1 mil compras no mês passado,"Entrega GRÁTIS: Amanhã, 14 de jul.Ou entrega mais rápida: Hoje",False,,,,,
B086H61LCZ,"Escova de Cabelo Profissional CMS 3005 S, Escovas Evas, CMS3005S, Amarelo","R$ 121,09",,BRL,4.5,61,https://www.amazon.com.br/dp/B086H61LCZ,https://m.media-amazon.com/images/I/513e5FF6KxL._AC_UL960_FMwebp_QL65_.jpg,6,"R$ 85,45",False,False,False,False,Mais de 40 compras no mês passado,"Entrega GRÁTIS: Amanhã, 14 de jul.Ou entrega mais rápida: Hoje",False,,,"R$ 121,09",1.0,
B09G949LSY,"ANKUY KIT DE CUIDADOS COM UNHAS EM GEL VÒLIA: HIGIENIZAÇÃO, PREPARAÇÃO E SELANTE TOP COAT","R$ 125,93",,BRL,4.7,94,https://www.amazon.com.br/dp/B09G949LSY,https://m.media-amazon.com/images/I/51XIeFebUDL._AC_UL960_FMwebp_QL65_.jpg,1,"R$ 125,93",False,False,False,False,Mais de 20 compras no mês passado,Entrega GRÁTIS: 24 - 28 de jul.,False,,,"R$ 31,48",4.0,
B06XTZD8WP,"KIKO MILANO, New Luxurious Lashes Extra Volume Brush Mascara, Rímel, Cor Preta","R$ 119,90",,BRL,4.2,649,https://www.amazon.com.br/dp/B06XTZD8WP,https://m.media-amazon.com/images/I/7155Z+zf+nS._AC_UL960_FMwebp_QL65_.jpg,1,"R$ 119,90",False,False,False,False,Mais de 40 compras no mês passado,"Entrega GRÁTIS: dom., 20 de jul.",False,,,,,
B0C6FPGYYB,"Kérastase Máscara Chronologiste Masque Intense Régénérant, Todos os tipos de cabelos, Regeneração, Ácido Hialurônico, Abyssine, Vitamina E, Carvão, 200 ml","R$ 349,90","R$ 457,80",BRL,4.7,246,https://www.amazon.com.br/dp/B0C6FPGYYB,https://m.media-amazon.com/images/I/61oBrnMtTwL._AC_UL960_FMwebp_QL65_.jpg,1,"R$ 349,90",False,False,True,False,Mais de 400 compras no mês passado,,False,Floral,,,,Oferta Prime Day
B0C2JLXRP4,Itallian Hairtech Hidratação Intensiva 1Kg (Nova Embalagem),"R$ 100,17","R$ 115,00",BRL,4.5,133,https://www.amazon.com.br/dp/B0C2JLXRP4,https://m.media-amazon.com/images/I/51FsYnbp-cL._AC_UL960_FMwebp_QL65_.jpg,16,"R$ 99,90",False,False,False,False,Mais de 50 compras no mês passado,"Entrega GRÁTIS: seg., 21 de jul.",False,Cítrico,,"R$ 100,17",1.0,
B0DK48Y6DX,NIVEA SUN Protetor Solar Protect &amp; Hidrata FPS 30 200ml + NIVEA SUN Protetor Solar Facial Toque Seco Antissinais FPS 70 40ml,"R$ 47,51","R$ 55,94",BRL,4.7,38,https://www.amazon.com.br/dp/B0DK48Y6DX,https://m.media-amazon.com/images/I/717gw6Kc-bL._AC_UL960_FMwebp_QL65_.jpg,1,"R$ 47,51",False,False,True,False,Mais de 300 compras no mês passado,,False,,,"R$ 23,76",2.0,Oferta Prime Day
B0CM3W581L,ESCOVA TAIFF OVAL TOURMALINE 127V,"R$ 203,91","R$ 233,99",BRL,4.5,343,https://www.amazon.com.br/dp/B0CM3W581L,https://m.media-amazon.com/images/I/51USOyEEUeL._AC_UL960_FMwebp_QL65_.jpg,1,"R$ 203,91",False,False,True,False,Mais de 100 compras no mês passado,,False,,,,,Com Prime
B0B7SH7VT1,"L&#x27;Oréal Professionnel Condicionador NutriOil para nutrição e brilho, enriquecido com óleo de coco, com textura leve e para todos os tipos de cabelo, 200ml","R$ 125,99",,BRL,4.6,469,https://www.amazon.com.br/dp/B0B7SH7VT1,https://m.media-amazon.com/images/I/41WJylN2GUL._AC_UL960_FMwebp_QL65_.jpg,22,"R$ 120,00",False,False,False,False,Mais de 1 mil compras no mês passado,"Entrega GRÁTIS: Amanhã, 14 de jul.Ou entrega mais rápida: Hoje",False,Frescor,,,,
B07ML4XP33,"Protetor Solar Episol, Mantecorp Skincare","R$ 129,90",,BRL,4.7,1363,https://www.amazon.com.br/dp/B07ML4XP33,https://m.media-amazon.com/images/I/71GVSlulZHL._AC_UL960_FMwebp_QL65_.jpg,13,"R$ 102,90",False,False,False,False,Mais de 300 compras no mês passado,"Entrega GRÁTIS: Amanhã, 14 de jul.Ou entrega mais rápida: Hoje",False,,,,,
B07KCWBY6S,"Shampoo Amplexe Antiqueda, Ada Tina, Ada Tina","R$ 152,90",,BRL,4.5,89,https://www.amazon.com.br/dp/B07KCWBY6S,https://m.media-amazon.com/images/I/51eDY3h+phL._AC_UL960_FMwebp_QL65_.jpg,17,"R$ 144,68",False,False,False,False,Mais de 30 compras no mês passado,"Entrega GRÁTIS: qua., 16 de jul.",False,,,"R$ 1.529,00",,
B01N6UCF9Q,"TRUSS Professional Amino Miracle - Spray protetor de calor para cabelo, cutículas de vedação, reparos de cabelos danificados a seco, controle de frizz, desembaraços, adiciona brilho, proteção de cor, antienvelhecimento","R$ 168,60",,BRL,4.5,2894,https://www.amazon.com.br/dp/B01N6UCF9Q,https://m.media-amazon.com/images/I/41+4Zb74RgL._AC_UL960_FMwebp_QL65_.jpg,11,"R$ 167,99",False,False,False,False,Mais de 400 compras no mês passado,"Entrega GRÁTIS: seg., 21 de jul.",False,,,"R$ 168,60",1.0,
B0BYL22PJV,OSiS+ Mighty Matte 100ml,"R$ 124,90",,BRL,4.4,156,https://www.amazon.com.br/dp/B0BYL22PJV,https://m.media-amazon.com/images/I/51DA8SeDEhL._AC_UL960_FMwebp_QL65_.jpg,7,"R$ 114,90",False,False,False,False,Mais de 50 compras no mês passado,"Entrega GRÁTIS: qua., 16 de jul.",False,,,,,
B01MQWRQ0H,"Shampoo, Keune","R$ 280,74",,BRL,4.7,213,https://www.amazon.com.br/dp/B01MQWRQ0H,https://m.media-amazon.com/images/I/41EhTgAMuxL._AC_UL960_FMwebp_QL65_.jpg,1,"R$ 280,74",False,False,False,False,Mais de 40 compras no mês passado,"Entrega GRÁTIS: ter., 5 de ago.",False,Sem perfume,,,,
B07R7D7MH8,"Óleo Huile Prodigieuse Floral 100ml, Nuxe","R$ 166,00",,BRL,4.7,5950,https://www.amazon.com.br/dp/B07R7D7MH8,https://m.media-amazon.com/images/I/7143R11UJLL._AC_UL960_FMwebp_QL65_.jpg,1,"R$ 166,00",False,False,False,False,Mais de 50 compras no mês passado,"Entrega GRÁTIS: Amanhã, 14 de jul.Ou entrega mais rápida: Hoje",False,,,,,
B079VS86TY,Eximia Firmalize Age C/30 Saches,"R$ 149,49",,BRL,4.6,71,https://www.amazon.com.br/dp/B079VS86TY,https://m.media-amazon.com/images/I/51VleEVT9MS._AC_UL960_FMwebp_QL65_.jpg,1,"R$ 149,49",False,False,False,False,Mais de 20 compras no mês passado,"Entrega R$ 28,67: 6 - 7 de ago.",False,Pó,,"R$ 149,49",1.0,
B0CQ8G72J9,"Cleanance Comedomed, sérum corretor facial antiacne, Avène - 30ml","R$ 124,99",,BRL,4.6,325,https://www.amazon.com.br/dp/B0CQ8G72J9,https://m.media-amazon.com/images/I/61nY4yuYJFL._AC_UL960_FMwebp_QL65_.jpg,1,"R$ 124,99",False,False,False,False,Mais de 600 compras no mês passado,"Entrega GRÁTIS: Amanhã, 14 de jul.Ou entrega mais rápida: Hoje",False,,,,,
B0B6Q6KY4T,Lowell Shampoo 1000Ml Nutri.Protect Care In,"R$ 97,84","R$ 126,99",BRL,4.5,55,https://www.amazon.com.br/dp/B0B6Q6KY4T,https://m.media-amazon.com/images/I/51eYdfXviCL._AC_UL960_FMwebp_QL65_.jpg,1,"R$ 97,84",False,False,True,False,Mais de 40 compras no mês passado,,False,Sândalo,,"R$ 97,84",1.0,Oferta Prime Day
B0C5R3QF3V,"L&#x27;Oréal Professionnel Shampoo Anticaspa Scalp Dermo Clarifier, Para o Couro Cabeludo com Caspa, Limpa suavemente e remove a caspa, Acalma o couro cabeludo, 300ml","R$ 125,29","R$ 145,00",BRL,4.6,210,https://www.amazon.com.br/dp/B0C5R3QF3V,https://m.media-amazon.com/images/I/61Yb-G47I-L._AC_UL960_FMwebp_QL65_.jpg,1,"R$ 125,29",False,False,False,False,Mais de 30 compras no mês passado,"Entrega GRÁTIS: Amanhã, 14 de jul.Ou entrega mais rápida: Hoje",False,Sem perfume,,,,
B0CM3XVDDT,ESCOVA TAIFF OVAL TOURMALINE 220V,"R$ 249,90",,BRL,4.4,180,https://www.amazon.com.br/dp/B0CM3XVDDT,https://m.media-amazon.com/images/I/41hq-0FUyaL._AC_UL960_FMwebp_QL65_.jpg,8,"R$ 180,58",False,False,False,False,Mais de 50 compras no mês passado,"Entrega GRÁTIS: Amanhã, 14 de jul.Ou entrega mais rápida: Hoje",False,,,,,
B0D4MS2KR8,Kit Braé Essential Duo 1Litro,"R$ 250,00",,BRL,4.6,126,https://www.amazon.com.br/dp/B0D4MS2KR8,https://m.media-amazon.com/images/I/41kz8c-KbFL._AC_UL960_FMwebp_QL65_.jpg,1,"R$ 250,00",False,False,False,False,Mais de 100 compras no mês passado,"Entrega GRÁTIS: seg., 21 de jul.",False,,,"R$ 125,00",2.0,
B0D9R7SVZ9,Secador de Cabelos Britânia Bivolt 2100W BSC2250 Bivolt,"R$ 129,92","R$ 149,90",BRL,4.2,39,https://www.amazon.com.br/dp/B0D9R7SVZ9,https://m.media-amazon.com/images/I/51toXA5ux1L._AC_UL960_FMwebp_QL65_.jpg,1,"R$ 129,92",False,False,False,False,Mais de 50 compras no mês passado,"Entrega GRÁTIS: qua., 16 de jul.",False,,,,,
B0F1VVDX6M,Chapinha Profissional Titanium Lizz 230°C / 450°F Bivolt | Prancha Alisador De Cabelo Com Placas Flutuantes | Temperatura Ideal | Facil de Usar | Tecnologia Aquecimento Rápido E Anti-Frizz | Alta Performance Qualidade Salão de Beleza | Para Todos os Tipos de Cabelo,"R$ 259,90",,BRL,5,4,https://www.amazon.com.br/dp/B0F1VVDX6M,https://m.media-amazon.com/images/I/51U69MQ5paL._AC_UL960_FMwebp_QL65_.jpg,1,"R$ 259,90",False,False,False,False,Mais de 40 compras no mês passado,"Entrega GRÁTIS: qua., 16 de jul.",False,,,,,
B0CQ28Z6CW,LACOSTE POUR FEMME EDP 30ML,"R$ 138,00","R$ 168,87",BRL,4.4,10,https://www.amazon.com.br/dp/B0CQ28Z6CW,https://m.media-amazon.com/images/I/71k821f+3EL._AC_UL960_FMwebp_QL65_.jpg,1,"R$ 138,00",False,False,True,False,Mais de 50 compras no mês passado,,False,Almíscar,,,,Oferta Prime Day
B000PY7TNM,"Silver Scent Hme After Shave Vap 100Ml, Jacques Bogart, Sem Cor","R$ 249,90",,BRL,4.5,787,https://www.amazon.com.br/dp/B000PY7TNM,https://m.media-amazon.com/images/I/71ueSi5c4OL._AC_UL960_FMwebp_QL65_.jpg,3,"R$ 215,00",False,False,False,False,Mais de 50 compras no mês passado,"Entrega GRÁTIS: sáb., 19 de jul.",False,,,,,
B09Q5KNWLX,Inner Restore Intensif Moisturizing Mask,"R$ 149,90",,BRL,4.8,12,https://www.amazon.com.br/dp/B09Q5KNWLX,https://m.media-amazon.com/images/I/617soTTtIPL._AC_UL960_FMwebp_QL65_.jpg,1,"R$ 149,90",False,False,False,False,Mais de 30 compras no mês passado,"Entrega GRÁTIS: ter., 22 de jul.",False,Sem perfume,,,,
B09MC564XX,GA.MA ITALY Escova Modeladora New Turbo Plus 2300 Rotating Styler 127V,"R$ 208,00",,BRL,4.3,1319,https://www.amazon.com.br/dp/B09MC564XX,https://m.media-amazon.com/images/I/51fO8VJlgAL._AC_UL960_FMwebp_QL65_.jpg,21,"R$ 188,90",False,False,False,False,Mais de 300 compras no mês passado,"Entrega GRÁTIS: dom., 20 de jul.",False,,,,,
B00DMAWP94,"Desodorante Stress Resist 72H Roll on 50ml, Vichy, Branco","R$ 164,04",,BRL,4.3,4223,https://www.amazon.com.br/dp/B00DMAWP94,https://m.media-amazon.com/images/I/61BbchdbXBL._AC_UL960_FMwebp_QL65_.jpg,1,"R$ 164,04",False,True,False,False,Mais de 100 compras no mês passado,"Entrega GRÁTIS: Amanhã, 14 de jul.Ou entrega mais rápida: Hoje",False,,,,,Escolha
B01MQWRQ0H,"Shampoo, Keune","R$ 280,74",,BRL,4.7,213,https://www.amazon.com.br/dp/B01MQWRQ0H,https://m.media-amazon.com/images/I/41EhTgAMuxL._AC_UL960_FMwebp_QL65_.jpg,1,"R$ 280,74",False,False,False,False,Mais de 40 compras no mês passado,"Entrega GRÁTIS: ter., 5 de ago.",False,Sem perfume,,,,
B07R7D7MH8,"Óleo Huile Prodigieuse Floral 100ml, Nuxe","R$ 166,00",,BRL,4.7,5950,https://www.amazon.com.br/dp/B07R7D7MH8,https://m.media-amazon.com/images/I/7143R11UJLL._AC_UL960_FMwebp_QL65_.jpg,1,"R$ 166,00",False,False,False,False,Mais de 50 compras no mês passado,"Entrega GRÁTIS: Amanhã, 14 de jul.Ou entrega mais rápida: Hoje",False,,,,,
B079VS86TY,Eximia Firmalize Age C/30 Saches,"R$ 149,49",,BRL,4.6,71,https://www.amazon.com.br/dp/B079VS86TY,https://m.media-amazon.com/images/I/51VleEVT9MS._AC_UL960_FMwebp_QL65_.jpg,1,"R$ 149,49",False,False,False,False,Mais de 20 compras no mês passado,"Entrega R$ 28,67: 6 - 7 de ago.",False,Pó,,"R$ 149,49",1.0,
B0CQ8G72J9,"Cleanance Comedomed, sérum corretor facial antiacne, Avène - 30ml","R$ 124,99",,BRL,4.6,325,https://www.amazon.com.br/dp/B0CQ8G72J9,https://m.media-amazon.com/images/I/61nY4yuYJFL._AC_UL960_FMwebp_QL65_.jpg,1,"R$ 124,99",False,False,False,False,Mais de 600 compras no mês passado,"Entrega GRÁTIS: Amanhã, 14 de jul.Ou entrega mais rápida: Hoje",False,,,,,
B0B6Q6KY4T,Lowell Shampoo 1000Ml Nutri.Protect Care In,"R$ 97,84","R$ 126,99",BRL,4.5,55,https://www.amazon.com.br/dp/B0B6Q6KY4T,https://m.media-amazon.com/images/I/51eYdfXviCL._AC_UL960_FMwebp_QL65_.jpg,1,"R$ 97,84",False,False,True,False,Mais de 40 compras no mês passado,,False,Sândalo,,"R$ 97,84",1.0,Oferta Prime Day
B0C5R3QF3V,"L&#x27;Oréal Professionnel Shampoo Anticaspa Scalp Dermo Clarifier, Para o Couro Cabeludo com Caspa, Limpa suavemente e remove a caspa, Acalma o couro cabeludo, 300ml","R$ 125,29","R$ 145,00",BRL,4.6,210,https://www.amazon.com.br/dp/B0C5R3QF3V,https://m.media-amazon.com/images/I/61Yb-G47I-L._AC_UL960_FMwebp_QL65_.jpg,1,"R$ 125,29",False,False,False,False,Mais de 30 compras no mês passado,"Entrega GRÁTIS: Amanhã, 14 de jul.Ou entrega mais rápida: Hoje",False,Sem perfume,,,,
B0CM3XVDDT,ESCOVA TAIFF OVAL TOURMALINE 220V,"R$ 249,90",,BRL,4.4,180,https://www.amazon.com.br/dp/B0CM3XVDDT,https://m.media-amazon.com/images/I/41hq-0FUyaL._AC_UL960_FMwebp_QL65_.jpg,8,"R$ 180,58",False,False,False,False,Mais de 50 compras no mês passado,"Entrega GRÁTIS: Amanhã, 14 de jul.Ou entrega mais rápida: Hoje",False,,,,,
B0D4MS2KR8,Kit Braé Essential Duo 1Litro,"R$ 250,00",,BRL,4.6,126,https://www.amazon.com.br/dp/B0D4MS2KR8,https://m.media-amazon.com/images/I/41kz8c-KbFL._AC_UL960_FMwebp_QL65_.jpg,1,"R$ 250,00",False,False,False,False,Mais de 100 compras no mês passado,"Entrega GRÁTIS: seg., 21 de jul.",False,,,"R$ 125,00",2.0,
B0D9R7SVZ9,Secador de Cabelos Britânia Bivolt 2100W BSC2250 Bivolt,"R$ 129,92","R$ 149,90",BRL,4.2,39,https://www.amazon.com.br/dp/B0D9R7SVZ9,https://m.media-amazon.com/images/I/51toXA5ux1L._AC_UL960_FMwebp_QL65_.jpg,1,"R$ 129,92",False,False,False,False,Mais de 50 compras no mês passado,"Entrega GRÁTIS: qua., 16 de jul.",False,,,,,
B0F1VVDX6M,Chapinha Profissional Titanium Lizz 230°C / 450°F Bivolt | Prancha Alisador De Cabelo Com Placas Flutuantes | Temperatura Ideal | Facil de Usar | Tecnologia Aquecimento Rápido E Anti-Frizz | Alta Performance Qualidade Salão de Beleza | Para Todos os Tipos de Cabelo,"R$ 259,90",,BRL,5,4,https://www.amazon.com.br/dp/B0F1VVDX6M,https://m.media-amazon.com/images/I/51U69MQ5paL._AC_UL960_FMwebp_QL65_.jpg,1,"R$ 259,90",False,False,False,False,Mais de 40 compras no mês passado,"Entrega GRÁTIS: qua., 16 de jul.",False,,,,,
B0CQ28Z6CW,LACOSTE POUR FEMME EDP 30ML,"R$ 138,00","R$ 168,87",BRL,4.4,10,https://www.amazon.com.br/dp/B0CQ28Z6CW,https://m.media-amazon.com/images/I/71k821f+3EL._AC_UL960_FMwebp_QL65_.jpg,1,"R$ 138,00",False,False,True,False,Mais de 50 compras no mês passado,,False,Almíscar,,,,Oferta Prime Day
B000PY7TNM,"Silver Scent Hme After Shave Vap 100Ml, Jacques Bogart, Sem Cor","R$ 249,90",,BRL,4.5,787,https://www.amazon.com.br/dp/B000PY7TNM,https://m.media-amazon.com/images/I/71ueSi5c4OL._AC_UL960_FMwebp_QL65_.jpg,3,"R$ 215,00",False,False,False,False,Mais de 50 compras no mês passado,"Entrega GRÁTIS: sáb., 19 de jul.",False,,,,,
B09Q5KNWLX,Inner Restore Intensif Moisturizing Mask,"R$ 149,90",,BRL,4.8,12,https://www.amazon.com.br/dp/B09Q5KNWLX,https://m.media-amazon.com/images/I/617soTTtIPL._AC_UL960_FMwebp_QL65_.jpg,1,"R$ 149,90",False,False,False,False,Mais de 30 compras no mês passado,"Entrega GRÁTIS: ter., 22 de jul.",False,Sem perfume,,,,
B09MC564XX,GA.MA ITALY Escova Modeladora New Turbo Plus 2300 Rotating Styler 127V,"R$ 208,00",,BRL,4.3,1319,https://www.amazon.com.br/dp/B09MC564XX,https://m.media-amazon.com/images/I/51fO8VJlgAL._AC_UL960_FMwebp_QL65_.jpg,21,"R$ 188,90",False,False,False,False,Mais de 300 compras no mês passado,"Entrega GRÁTIS: dom., 20 de jul.",False,,,,,
B00DMAWP94,"Desodorante Stress Resist 72H Roll on 50ml, Vichy, Branco","R$ 164,04",,BRL,4.3,4223,https://www.amazon.com.br/dp/B00DMAWP94,https://m.media-amazon.com/images/I/61BbchdbXBL._AC_UL960_FMwebp_QL65_.jpg,1,"R$ 164,04",False,False,False,False,Mais de 100 compras no mês passado,"Entrega GRÁTIS: Amanhã, 14 de jul.Ou entrega mais rápida: Hoje",False,,,,,
B09QNQFMYL,CHAPA TAIFF STYLE PRO TITANIUM BIVOLT,"R$ 222,93",,BRL,4.7,731,https://www.amazon.com.br/dp/B09QNQFMYL,https://m.media-amazon.com/images/I/41Zr1ihGvKL._AC_UL960_FMwebp_QL65_.jpg,13,"R$ 193,20",False,False,False,False,Mais de 300 compras no mês passado,"Entrega GRÁTIS: Amanhã, 14 de jul.Ou entrega mais rápida: Hoje",False,,,,,
B094YWFB7G,"Kit Aneethun Force 4 Prod Sham, Mascara, Finalizador e Dose","R$ 224,87",,BRL,4.6,93,https://www.amazon.com.br/dp/B094YWFB7G,https://m.media-amazon.com/images/I/51JnqPEaDGS._AC_UL960_FMwebp_QL65_.jpg,16,"R$ 215,00",False,False,False,False,Mais de 50 compras no mês passado,"Entrega GRÁTIS: seg., 21 de jul.",False,,,,,
B0CY84V44C,"KEMEI Aparador de cabelo profissional sem fio para homens, aparador de barba elétrico, kit de cortes de cabelo de barbeiro, aparadores de lâmina em T com abertura zero com visor LCD, KM-2293, preto","R$ 129,98",,BRL,4.2,129,https://www.amazon.com.br/dp/B0CY84V44C,https://m.media-amazon.com/images/I/71Q9N-MGlcL._AC_UL960_FMwebp_QL65_.jpg,1,"R$ 129,98",False,False,False,False,Mais de 50 compras no mês passado,"Entrega GRÁTIS: ter., 29 de jul.",False,,,,,
B0DT7FX7M7,"Truss Basic Shampoo e Condicionador Profissional, Hidratante com Creatina e Óleo de Abacate, 1L, Kit com 2 unidades","R$ 268,90","R$ 284,90",BRL,4.1,35,https://www.amazon.com.br/dp/B0DT7FX7M7,https://m.media-amazon.com/images/I/51nGvkmHtkL._AC_UL960_FMwebp_QL65_.jpg,1,"R$ 268,90",False,False,False,False,Mais de 50 compras no mês passado,"Entrega GRÁTIS: ter., 29 de jul.",False,,,"R$ 89,63",3.0,
B0D97Y9MZH,"Secador de Cabelo, Equipado com Concentrador de Ar e Difusor, Voltagem Ajustável, 127/220V, 1200/1800W, Plugue de Energia de 10A","R$ 139,99",,BRL,4.3,97,https://www.amazon.com.br/dp/B0D97Y9MZH,https://m.media-amazon.com/images/I/61CVkLBLsbL._AC_UL960_FMwebp_QL65_.jpg,1,"R$ 139,99",False,False,False,True,Mais de 100 compras no mês passado,"Entrega GRÁTIS: qua., 16 de jul.",False,,,,,
B0BZZJWGPQ,"Kérastase Nutritive 8H Magic Night, Sérum Capilar Noturno para Cabelos Secos, Restaura a Fibra Capilar com Ação Antifrizz para Nutrição, Maciez Brilho e Brilho Intenso, 90ml Cradle to Cradle Certified","R$ 336,00",,BRL,4.7,3354,https://www.amazon.com.br/dp/B0BZZJWGPQ,https://m.media-amazon.com/images/I/61U7G12R4tL._AC_UL960_FMwebp_QL65_.jpg,1,"R$ 336,00",False,False,False,True,Mais de 400 compras no mês passado,"Entrega GRÁTIS: Amanhã, 14 de jul.Ou entrega mais rápida: Hoje",False,,,,,
B09YDR4C89,"MONDIAL Escova Secadora Keratin, Bivolt, 1200W, Grafite/Golden Rose - ES-11-BI","R$ 169,99",,BRL,4.6,1516,https://www.amazon.com.br/dp/B09YDR4C89,https://m.media-amazon.com/images/I/71bmQrv49DL._AC_UL960_FMwebp_QL65_.jpg,25,"R$ 107,47",False,False,False,False,Mais de 1 mil compras no mês passado,"Entrega GRÁTIS: dom., 20 de jul.",False,,,,,
B087NCJX4K,Kit TRUSS Color Duo (2 Produtos),"R$ 182,99",,BRL,4.8,26,https://www.amazon.com.br/dp/B087NCJX4K,https://m.media-amazon.com/images/I/718fYt2JQHL._AC_UL960_FMwebp_QL65_.jpg,1,"R$ 182,99",False,False,False,False,Mais de 30 compras no mês passado,"Entrega GRÁTIS: qui., 31 de jul.",False,,,"R$ 91,50",2.0,
B0D81YXSLD,Suavicid Creme Clareador de Melasma 15g,"R$ 118,66",,BRL,4.6,24,https://www.amazon.com.br/dp/B0D81YXSLD,https://m.media-amazon.com/images/I/41IWcVVLVJL._AC_UL960_FMwebp_QL65_.jpg,1,"R$ 118,66",False,False,False,False,Mais de 40 compras no mês passado,"Entrega GRÁTIS: seg., 21 de jul.",False,,,"R$ 118,66",1.0,
B0B85GZLL4,Malbec Ultra Bleu Deo Colônia 100ml,"R$ 205,95",,BRL,4.4,68,https://www.amazon.com.br/dp/B0B85GZLL4,https://m.media-amazon.com/images/I/41a7G2TEvEL._AC_UL960_FMwebp_QL65_.jpg,41,"R$ 166,90",False,False,False,False,Mais de 30 compras no mês passado,"Entrega GRÁTIS: sáb., 19 de jul.",False,Madeira,,"R$ 205,95",1.0,
B0DPB7FV48,Perfume Attracione Men,"R$ 150,00",,BRL,3.8,147,https://www.amazon.com.br/dp/B0DPB7FV48,https://m.media-amazon.com/images/I/51KeLUiggiL._AC_UL960_FMwebp_QL65_.jpg,1,"R$ 150,00",False,False,False,False,Mais de 50 compras no mês passado,,False,,,,,
B0BJHFZKB5,"Modelador de Cachos By Juliette, Mondial, Verde Oliva, 70W, Bivolt - MC-JU-02","R$ 178,20",,BRL,4.7,165,https://www.amazon.com.br/dp/B0BJHFZKB5,https://m.media-amazon.com/images/I/314XUob-PBL._AC_UL960_FMwebp_QL65_.jpg,1,"R$ 178,20",False,False,False,False,Mais de 300 compras no mês passado,"Entrega GRÁTIS: dom., 20 de jul.",False,,,,,
B0BQWXF567,BIODERMA Sensibio Defensive Sérum,"R$ 175,90",,BRL,4.6,578,https://www.amazon.com.br/dp/B0BQWXF567,https://m.media-amazon.com/images/I/51tVi9iQf4L._AC_UL960_FMwebp_QL65_.jpg,1,"R$ 175,90",False,False,False,False,Mais de 200 compras no mês passado,"Entrega GRÁTIS: Amanhã, 14 de jul.Ou entrega mais rápida: Hoje",False,,,"R$ 175,90",1.0,
B09QH1RSSS,"Kérastase Chroma Absolu Chroma Filler Máscara com ação Anti-Porosidade para Cabelos Coloridos Sensíveis ou Danificados de Médios a Grossos, Nutre e Protege a Cor 200ml","R$ 246,05","R$ 319,02",BRL,4.8,1142,https://www.amazon.com.br/dp/B09QH1RSSS,https://m.media-amazon.com/images/I/61AaIOerroL._AC_UL960_FMwebp_QL65_.jpg,1,"R$ 246,05",False,False,True,False,Mais de 500 compras no mês passado,,False,Sem perfume,,,,Oferta Prime Day
B0DNFQ3N3S,Secador de Cabelos Philco Bivolt 2200W PSC2350 Íons Tourmaline Bivolt,"R$ 166,63",,BRL,4.2,27,https://www.amazon.com.br/dp/B0DNFQ3N3S,https://m.media-amazon.com/images/I/513fysNEWaL._AC_UL960_FMwebp_QL65_.jpg,8,"R$ 153,90",False,False,False,False,Mais de 100 compras no mês passado,"Entrega GRÁTIS: Amanhã, 14 de jul.Ou entrega mais rápida: Hoje",False,,,"R$ 166,63",1.0,
B0D2DNY5Y7,Kit Barbeiro Aço Inox Cabeleireiro Tesouras Navalha Pentes Barbearia Corte Masculino Profissional Barbeiro Cabeleireiro- UP SHOP (Tesoura preta),"R$ 119,00",,BRL,4.3,77,https://www.amazon.com.br/dp/B0D2DNY5Y7,https://m.media-amazon.com/images/I/61WU54mMaYL._AC_UL960_FMwebp_QL65_.jpg,1,"R$ 119,00",False,False,False,False,,"Entrega GRÁTIS: qua., 16 de jul.",False,,Economize 5% com o cupom,,,
B08Z9PLF91,Aparador de pelos faciais - HP6389/00,"R$ 169,65","R$ 182,68",BRL,4.3,104,https://www.amazon.com.br/dp/B08Z9PLF91,https://m.media-amazon.com/images/I/31Fx0iEHS3L._AC_UL960_FMwebp_QL65_.jpg,3,"R$ 155,00",False,False,False,False,Mais de 100 compras no mês passado,"Entrega GRÁTIS: Amanhã, 14 de jul.Ou entrega mais rápida: Hoje",False,,,,,
B0B3JL4VLZ,Tangle Teezer - Escova de cabelo desembaraçadora The Wet Detangler para texturas grossas a crespas. Ideal para o uso em fios úmidos Cor: Mango Pink,"R$ 111,19",,BRL,4.6,950,https://www.amazon.com.br/dp/B0B3JL4VLZ,https://m.media-amazon.com/images/I/61XrzkMW6nL._AC_UL960_FMwebp_QL65_.jpg,8,"R$ 108,90",False,False,False,False,Mais de 200 compras no mês passado,"Entrega GRÁTIS: qua., 16 de jul.",False,,,"R$ 111,19",1.0,
B0DBWT6SWF,Kit Skincare Vitamina C Sabonete+Esfoliante+Gel Hidratante+Serum Clareador+Protetor Solar Sem Cor FPS60 Dermachem+Mousse Micelar Vit. C Rhenuks,"R$ 132,85",,BRL,4.5,49,https://www.amazon.com.br/dp/B0DBWT6SWF,https://m.media-amazon.com/images/I/61aCuNmOdeL._AC_UL960_FMwebp_QL65_.jpg,1,"R$ 132,85",False,False,False,False,Mais de 40 compras no mês passado,"Entrega GRÁTIS: qua., 16 de jul.",False,,Economize 5% com o cupom,"R$ 26,57",5.0,
B0BM4RSB3R,"Wella Invigo Nutri Máscara 500ml,Cor: branco,Peso:0.55 kilograms","R$ 169,00","R$ 184,90",BRL,4.7,263,https://www.amazon.com.br/dp/B0BM4RSB3R,https://m.media-amazon.com/images/I/411ri7xcuKL._AC_UL960_FMwebp_QL65_.jpg,1,"R$ 169,00",False,False,False,False,Mais de 400 compras no mês passado,"Entrega GRÁTIS: sex., 1 de ago.",False,Sem perfume,,,,
B07KSDBVJW,Wella Invigo Nutri-enrich - Máscara De Nutrição 500ml Blz,"R$ 195,80",,BRL,4.8,3367,https://www.amazon.com.br/dp/B07KSDBVJW,https://m.media-amazon.com/images/I/61ltdxYTxBL._AC_UL960_FMwebp_QL65_.jpg,15,"R$ 165,50",False,False,False,False,Mais de 800 compras no mês passado,"Entrega GRÁTIS: seg., 21 de jul.",False,,,"R$ 391,60",1.0,
B0CMLXXG4R,"Escova autobronzeadora, pincel autobronzeador, base para maquiagem corporal, escova autobronzeadora para rosto","R$ 153,40",,BRL,4.7,692,https://www.amazon.com.br/dp/B0CMLXXG4R,https://m.media-amazon.com/images/I/71PN1jCbRSL._AC_UL960_FMwebp_QL65_.jpg,2,"R$ 103,03",False,False,True,False,,"Entrega R$ 8,90: ter., 5 de ago.",False,,,"R$ 153,40",1.0,
B09GSRYL62,"L&#x27;Oréal Professionnel Máscara de Tratamento Pro Longer, Reduz a Quebra e Aparência de Pontas Duplas, Adiciona Suavidade e Brilho, Para cabelos finos e com afinamento, 500g","R$ 215,64","R$ 226,99",BRL,4.7,434,https://www.amazon.com.br/dp/B09GSRYL62,https://m.media-amazon.com/images/I/51Iofev1LvL._AC_UL960_FMwebp_QL65_.jpg,20,"R$ 201,90",False,False,False,False,Mais de 400 compras no mês passado,"Entrega GRÁTIS: Amanhã, 14 de jul.Ou entrega mais rápida: Hoje",False,Sem perfume,,,,
B076HYF96Q,Depilador Philco PDP02R Aqua Deluxe Plus 9 em 1 Sem Fio Bivolt,"R$ 212,22",,BRL,4.6,1929,https://www.amazon.com.br/dp/B076HYF96Q,https://m.media-amazon.com/images/I/41apKQGajxL._AC_UL960_FMwebp_QL65_.jpg,1,"R$ 212,22",False,False,False,False,Mais de 500 compras no mês passado,"Entrega GRÁTIS: Amanhã, 14 de jul.Ou entrega mais rápida: Hoje",False,,,,,
B09XRQ835R,"L´Oréal Professionnel Máscara de Tratamento Curl Expression Rich, Para Cabelos Crespos e Cacheados, Hidratação Intensa, Toque Sedosos e Luxuoso, Controle de Frizz, 250ml","R$ 119,90","R$ 197,39",BRL,3.8,384,https://www.amazon.com.br/dp/B09XRQ835R,https://m.media-amazon.com/images/I/418NVsrUbZL._AC_UL960_FMwebp_QL65_.jpg,1,"R$ 119,90",False,False,True,False,Mais de 500 compras no mês passado,,False,Sem perfume,,,,Oferta Prime Day
B0C6FML247,"Kérastase Shampoo Chronologiste Bain Régénérant, Todos os tipos de cabelos, Regeneração, Ácido Hialurônico, Abyssine, Vitamina E, 250 ml","R$ 184,22","R$ 229,92",BRL,4.7,214,https://www.amazon.com.br/dp/B0C6FML247,https://m.media-amazon.com/images/I/51HS8MueShL._AC_UL960_FMwebp_QL65_.jpg,1,"R$ 184,22",False,False,True,False,Mais de 400 compras no mês passado,,False,Floral,,,,Oferta Prime Day
B089XG36F9,Vichy Dercos Micropeel 150ml,"R$ 107,69",,BRL,4.7,1856,https://www.amazon.com.br/dp/B089XG36F9,https://m.media-amazon.com/images/I/61cb9k8gsLL._AC_UL960_FMwebp_QL65_.jpg,10,"R$ 107,69",False,False,False,False,Mais de 1 mil compras no mês passado,,False,,,,,
B0BL1FBFY4,Cetaphil Optimal Hydration Water Gel Hidratante Com Ácido Hialurônico 48g,"R$ 116,99",,BRL,4.7,773,https://www.amazon.com.br/dp/B0BL1FBFY4,https://m.media-amazon.com/images/I/71uLphbHakL._AC_UL960_FMwebp_QL65_.jpg,1,"R$ 116,99",False,False,False,False,Mais de 500 compras no mês passado,"Entrega GRÁTIS: Amanhã, 14 de jul.Ou entrega mais rápida: Hoje",False,,,,,
B0B1W1SN4Q,"Itallian Hairtech SHAMPOO HIDRATANTE COLOR, Tamanho: 2.5 l (Pacote de 1)","R$ 118,35","R$ 134,00",BRL,4.5,260,https://www.amazon.com.br/dp/B0B1W1SN4Q,https://m.media-amazon.com/images/I/41rkBZGGJNL._AC_UL960_FMwebp_QL65_.jpg,1,"R$ 118,35",False,True,False,False,Mais de 50 compras no mês passado,"Entrega GRÁTIS: seg., 21 de jul.",False,Floral,,"R$ 47,34",2.0,Escolha
B0BSNSCHP5,"Kit Truss Frizz Zero | Shampoo, Condicionador e Máscara Líquida para Controle de Frizz e Brilho","R$ 209,00","R$ 256,10",BRL,4.5,315,https://www.amazon.com.br/dp/B0BSNSCHP5,https://m.media-amazon.com/images/I/51AMDsNI3WL._AC_UL960_FMwebp_QL65_.jpg,1,"R$ 209,00",False,False,False,False,Mais de 100 compras no mês passado,"Entrega GRÁTIS: qua., 16 de jul.",False,,,,,
B09F3KNPJR,"Aparador de pelos para nariz e orelhas Philips Series 1000, À pilha - NT1620/15","R$ 98,99","R$ 116,76",BRL,4.5,2460,https://www.amazon.com.br/dp/B09F3KNPJR,https://m.media-amazon.com/images/I/314Z+2tbxfL._AC_UL960_FMwebp_QL65_.jpg,3,"R$ 101,00",False,False,False,False,Mais de 800 compras no mês passado,"Entrega GRÁTIS: Amanhã, 14 de jul.Ou entrega mais rápida: Hoje",False,,,,,
B07H8N7ZCW,"Kérastase Elixir Ultime Le Bain, Shampoo de Nutrição com Óleo de Argan, Limpeza Profunda e Brilho Radiante e Maciez para Todos os Tipos de Cabelo, 250ml","R$ 129,92","R$ 166,97",BRL,4.7,3395,https://www.amazon.com.br/dp/B07H8N7ZCW,https://m.media-amazon.com/images/I/715ykEdSs1L._AC_UL960_FMwebp_QL65_.jpg,1,"R$ 129,92",False,False,False,False,Mais de 1 mil compras no mês passado,"Entrega GRÁTIS: Amanhã, 14 de jul.Ou entrega mais rápida: Hoje",False,Floral,,,,
B0812BFKXP,Máscara Wella Professionals Fusion 500ML,"R$ 220,00",,BRL,4.7,481,https://www.amazon.com.br/dp/B0812BFKXP,https://m.media-amazon.com/images/I/514sw6sff8L._AC_UL960_FMwebp_QL65_.jpg,1,"R$ 220,00",False,False,False,False,Mais de 700 compras no mês passado,"Entrega GRÁTIS: seg., 4 de ago.",False,Sândalo,,,,
B08Z9PLF91,Aparador de pelos faciais - HP6389/00,"R$ 169,65","R$ 182,68",BRL,4.3,104,https://www.amazon.com.br/dp/B08Z9PLF91,https://m.media-amazon.com/images/I/31Fx0iEHS3L._AC_UL960_FMwebp_QL65_.jpg,3,"R$ 155,00",False,False,False,False,Mais de 100 compras no mês passado,"Entrega GRÁTIS: Amanhã, 14 de jul.Ou entrega mais rápida: Hoje",False,,,,,
B0B3JL4VLZ,Tangle Teezer - Escova de cabelo desembaraçadora The Wet Detangler para texturas grossas a crespas. Ideal para o uso em fios úmidos Cor: Mango Pink,"R$ 111,19",,BRL,4.6,950,https://www.amazon.com.br/dp/B0B3JL4VLZ,https://m.media-amazon.com/images/I/61XrzkMW6nL._AC_UL960_FMwebp_QL65_.jpg,8,"R$ 108,90",False,False,False,False,Mais de 200 compras no mês passado,"Entrega GRÁTIS: qua., 16 de jul.",False,,,"R$ 111,19",1.0,
B0DBWT6SWF,Kit Skincare Vitamina C Sabonete+Esfoliante+Gel Hidratante+Serum Clareador+Protetor Solar Sem Cor FPS60 Dermachem+Mousse Micelar Vit. C Rhenuks,"R$ 132,85",,BRL,4.5,49,https://www.amazon.com.br/dp/B0DBWT6SWF,https://m.media-amazon.com/images/I/61aCuNmOdeL._AC_UL960_FMwebp_QL65_.jpg,1,"R$ 132,85",False,False,False,False,Mais de 40 compras no mês passado,"Entrega GRÁTIS: qua., 16 de jul.",False,,Economize 5% com o cupom,"R$ 26,57",5.0,
B0BM4RSB3R,"Wella Invigo Nutri Máscara 500ml,Cor: branco,Peso:0.55 kilograms","R$ 169,00","R$ 184,90",BRL,4.7,263,https://www.amazon.com.br/dp/B0BM4RSB3R,https://m.media-amazon.com/images/I/411ri7xcuKL._AC_UL960_FMwebp_QL65_.jpg,1,"R$ 169,00",False,False,False,False,Mais de 400 compras no mês passado,"Entrega GRÁTIS: sex., 1 de ago.",False,Sem perfume,,,,
B07KSDBVJW,Wella Invigo Nutri-enrich - Máscara De Nutrição 500ml Blz,"R$ 195,80",,BRL,4.8,3367,https://www.amazon.com.br/dp/B07KSDBVJW,https://m.media-amazon.com/images/I/61ltdxYTxBL._AC_UL960_FMwebp_QL65_.jpg,15,"R$ 165,50",False,False,False,False,Mais de 800 compras no mês passado,"Entrega GRÁTIS: seg., 21 de jul.",False,,,"R$ 391,60",1.0,
B0CMLXXG4R,"Escova autobronzeadora, pincel autobronzeador, base para maquiagem corporal, escova autobronzeadora para rosto","R$ 153,40",,BRL,4.7,692,https://www.amazon.com.br/dp/B0CMLXXG4R,https://m.media-amazon.com/images/I/71PN1jCbRSL._AC_UL960_FMwebp_QL65_.jpg,2,"R$ 103,03",False,False,True,False,,"Entrega R$ 8,90: ter., 5 de ago.",False,,,"R$ 153,40",1.0,
B09GSRYL62,"L&#x27;Oréal Professionnel Máscara de Tratamento Pro Longer, Reduz a Quebra e Aparência de Pontas Duplas, Adiciona Suavidade e Brilho, Para cabelos finos e com afinamento, 500g","R$ 215,64","R$ 226,99",BRL,4.7,434,https://www.amazon.com.br/dp/B09GSRYL62,https://m.media-amazon.com/images/I/51Iofev1LvL._AC_UL960_FMwebp_QL65_.jpg,20,"R$ 201,90",False,False,False,False,Mais de 400 compras no mês passado,"Entrega GRÁTIS: Amanhã, 14 de jul.Ou entrega mais rápida: Hoje",False,Sem perfume,,,,
B076HYF96Q,Depilador Philco PDP02R Aqua Deluxe Plus 9 em 1 Sem Fio Bivolt,"R$ 212,22",,BRL,4.6,1929,https://www.amazon.com.br/dp/B076HYF96Q,https://m.media-amazon.com/images/I/41apKQGajxL._AC_UL960_FMwebp_QL65_.jpg,1,"R$ 212,22",False,False,False,False,Mais de 500 compras no mês passado,"Entrega GRÁTIS: Amanhã, 14 de jul.Ou entrega mais rápida: Hoje",False,,,,,
B09XRQ835R,"L´Oréal Professionnel Máscara de Tratamento Curl Expression Rich, Para Cabelos Crespos e Cacheados, Hidratação Intensa, Toque Sedosos e Luxuoso, Controle de Frizz, 250ml","R$ 119,90","R$ 197,39",BRL,3.8,384,https://www.amazon.com.br/dp/B09XRQ835R,https://m.media-amazon.com/images/I/418NVsrUbZL._AC_UL960_FMwebp_QL65_.jpg,1,"R$ 119,90",False,False,True,False,Mais de 500 compras no mês passado,,False,Sem perfume,,,,Oferta Prime Day
B0C6FML247,"Kérastase Shampoo Chronologiste Bain Régénérant, Todos os tipos de cabelos, Regeneração, Ácido Hialurônico, Abyssine, Vitamina E, 250 ml","R$ 184,22","R$ 229,92",BRL,4.7,214,https://www.amazon.com.br/dp/B0C6FML247,https://m.media-amazon.com/images/I/51HS8MueShL._AC_UL960_FMwebp_QL65_.jpg,1,"R$ 184,22",False,False,True,False,Mais de 400 compras no mês passado,,False,Floral,,,,Oferta Prime Day
B089XG36F9,Vichy Dercos Micropeel 150ml,"R$ 107,69",,BRL,4.7,1856,https://www.amazon.com.br/dp/B089XG36F9,https://m.media-amazon.com/images/I/61cb9k8gsLL._AC_UL960_FMwebp_QL65_.jpg,10,"R$ 107,69",False,False,False,False,Mais de 1 mil compras no mês passado,,False,,,,,
B0BL1FBFY4,Cetaphil Optimal Hydration Water Gel Hidratante Com Ácido Hialurônico 48g,"R$ 116,99",,BRL,4.7,773,https://www.amazon.com.br/dp/B0BL1FBFY4,https://m.media-amazon.com/images/I/71uLphbHakL._AC_UL960_FMwebp_QL65_.jpg,1,"R$ 116,99",False,False,False,False,Mais de 500 compras no mês passado,"Entrega GRÁTIS: Amanhã, 14 de jul.Ou entrega mais rápida: Hoje",False,,,,,
B0B1W1SN4Q,"Itallian Hairtech SHAMPOO HIDRATANTE COLOR, Tamanho: 2.5 l (Pacote de 1)","R$ 118,35","R$ 134,00",BRL,4.5,260,https://www.amazon.com.br/dp/B0B1W1SN4Q,https://m.media-amazon.com/images/I/41rkBZGGJNL._AC_UL960_FMwebp_QL65_.jpg,1,"R$ 118,35",False,False,False,False,Mais de 50 compras no mês passado,"Entrega GRÁTIS: seg., 21 de jul.",False,Floral,,"R$ 47,34",2.0,
B0BSNSCHP5,"Kit Truss Frizz Zero | Shampoo, Condicionador e Máscara Líquida para Controle de Frizz e Brilho","R$ 209,00","R$ 256,10",BRL,4.5,315,https://www.amazon.com.br/dp/B0BSNSCHP5,https://m.media-amazon.com/images/I/51AMDsNI3WL._AC_UL960_FMwebp_QL65_.jpg,1,"R$ 209,00",False,False,False,False,Mais de 100 compras no mês passado,"Entrega GRÁTIS: qua., 16 de jul.",False,,,,,
B09F3KNPJR,"Aparador de pelos para nariz e orelhas Philips Series 1000, À pilha - NT1620/15","R$ 98,99","R$ 116,76",BRL,4.5,2460,https://www.amazon.com.br/dp/B09F3KNPJR,https://m.media-amazon.com/images/I/314Z+2tbxfL._AC_UL960_FMwebp_QL65_.jpg,3,"R$ 101,00",False,False,False,False,Mais de 800 compras no mês passado,"Entrega GRÁTIS: Amanhã, 14 de jul.Ou entrega mais rápida: Hoje",False,,,,,
B07H8N7ZCW,"Kérastase Elixir Ultime Le Bain, Shampoo de Nutrição com Óleo de Argan, Limpeza Profunda e Brilho Radiante e Maciez para Todos os Tipos de Cabelo, 250ml","R$ 129,92","R$ 166,97",BRL,4.7,3395,https://www.amazon.com.br/dp/B07H8N7ZCW,https://m.media-amazon.com/images/I/715ykEdSs1L._AC_UL960_FMwebp_QL65_.jpg,1,"R$ 129,92",False,False,False,False,Mais de 1 mil compras no mês passado,"Entrega GRÁTIS: Amanhã, 14 de jul.Ou entrega mais rápida: Hoje",False,Floral,,,,
B0812BFKXP,Máscara Wella Professionals Fusion 500ML,"R$ 220,00",,BRL,4.7,481,https://www.amazon.com.br/dp/B0812BFKXP,https://m.media-amazon.com/images/I/514sw6sff8L._AC_UL960_FMwebp_QL65_.jpg,1,"R$ 220,00",False,False,False,False,Mais de 700 compras no mês passado,"Entrega GRÁTIS: seg., 4 de ago.",False,Sândalo,,,,
B0965MGHN6,"Secador de Cabelos, Mondial, Preto, 2000W, 127V - SCN-01","R$ 113,05","R$ 134,99",BRL,4.5,1974,https://www.amazon.com.br/dp/B0965MGHN6,https://m.media-amazon.com/images/I/61ifAqTf5eL._AC_UL960_FMwebp_QL65_.jpg,1,"R$ 113,05",False,False,False,False,Mais de 300 compras no mês passado,"Entrega GRÁTIS: qua., 23 de jul.",False,,,,,
B0F8XXJD81,ISDIN Protetor Solar Facial Fusion Water Magic by Alcaraz FPS 50-50ml,"R$ 118,07",,BRL,,0,https://www.amazon.com.br/dp/B0F8XXJD81,https://m.media-amazon.com/images/I/511uLNjW1IL._AC_UL960_FMwebp_QL65_.jpg,3,"R$ 105,50",False,False,False,False,,"Entrega GRÁTIS: Amanhã, 14 de jul.Ou entrega mais rápida: Hoje",False,,,"R$ 2,36",50.0,
B0797FGMDB,"Lipikar Loção 200ml, La Roche-Posay","R$ 175,96",,BRL,4.7,100,https://www.amazon.com.br/dp/B0797FGMDB,https://m.media-amazon.com/images/I/41-BZZJbyHL._AC_UL960_FMwebp_QL65_.jpg,7,"R$ 166,44",False,False,False,False,Mais de 50 compras no mês passado,Entrega GRÁTIS: 31 de jul. - 7 de ago.,False,,,,,
B01MZ0IBMD,Care Color Brillianz Mask Keune,"R$ 181,70",,BRL,4.7,211,https://www.amazon.com.br/dp/B01MZ0IBMD,https://m.media-amazon.com/images/I/61Nja1-P+uL._AC_UL960_FMwebp_QL65_.jpg,15,"R$ 179,90",False,False,False,False,,"Entrega GRÁTIS: Amanhã, 14 de jul.Ou entrega mais rápida: Hoje",False,Sem perfume,,,,
B0DCWBJ7HQ,Rexona 12 Unidades Desodorante Antitranspirante Aerosol Antibac + Invisible 150ml,"R$ 177,88",,BRL,4.8,421,https://www.amazon.com.br/dp/B0DCWBJ7HQ,https://m.media-amazon.com/images/I/61Oms96JWrL._AC_UL960_FMwebp_QL65_.jpg,1,"R$ 177,88",False,False,False,False,Mais de 400 compras no mês passado,"Entrega GRÁTIS: ter., 15 de jul.",False,,,"R$ 14,82",12.0,
B07FPRCW4T,"Shampoo, Keune","R$ 297,73",,BRL,4.6,344,https://www.amazon.com.br/dp/B07FPRCW4T,https://m.media-amazon.com/images/I/71A9p099vsL._AC_UL960_FMwebp_QL65_.jpg,1,"R$ 297,73",False,False,False,False,Mais de 20 compras no mês passado,"Entrega GRÁTIS: ter., 5 de ago.",False,Bambu,,,,
B0BM4R45XF,Máscara Wella Professionals Oil Reflections 150ML,"R$ 118,92","R$ 140,90",BRL,4.8,176,https://www.amazon.com.br/dp/B0BM4R45XF,https://m.media-amazon.com/images/I/61LVegRbbSL._AC_UL960_FMwebp_QL65_.jpg,1,"R$ 118,92",False,True,True,False,Mais de 300 compras no mês passado,,False,,,,,Escolha
B0C2J8XTYY,"Lâminas de reposição originais Philips OneBlade, para barbeador e aparador elétrico OneBlade, com kit corpo, aço inoxidável durável, raspar, aparar e contornar, pacote com 3 lâminas, modelo QP630/51","R$ 199,99",,BRL,4.7,1418,https://www.amazon.com.br/dp/B0C2J8XTYY,https://m.media-amazon.com/images/I/81jIOcGhrTL._AC_UL960_FMwebp_QL65_.jpg,6,"R$ 192,63",False,False,False,True,Mais de 400 compras no mês passado,"Entrega GRÁTIS: qua., 16 de jul.",False,,,,,
B003TJRFG6,La Roche-Posay Deo 48H para Peles Sensíveis Aerossol - Desodorante 150ml,"R$ 118,99",,BRL,4.6,263,https://www.amazon.com.br/dp/B003TJRFG6,https://m.media-amazon.com/images/I/41XxK4+pmDS._AC_UL960_FMwebp_QL65_.jpg,1,"R$ 118,99",False,False,False,False,Mais de 200 compras no mês passado,"Entrega GRÁTIS: ter., 15 de jul.",False,,,,,
B09HJB44JX,Darrow Suavié Sabonete Líquido Pele Sensível 400ml,"R$ 104,49",,BRL,4.8,187,https://www.amazon.com.br/dp/B09HJB44JX,https://m.media-amazon.com/images/I/41SfjXYfFTL._AC_UL960_FMwebp_QL65_.jpg,9,"R$ 104,49",False,False,False,False,Mais de 200 compras no mês passado,,False,,,,,
B0CP4BP9CZ,Kit Facial Limpeza De Pele Clean Skin Raavi,"R$ 212,90",,BRL,4.2,51,https://www.amazon.com.br/dp/B0CP4BP9CZ,https://m.media-amazon.com/images/I/712LRXYc1VL._AC_UL960_FMwebp_QL65_.jpg,1,"R$ 212,90",False,False,False,False,Mais de 20 compras no mês passado,"Entrega GRÁTIS: dom., 20 de jul.",False,,,"R$ 35,48",6.0,
B09GSQQLWM,"L&#x27;Oréal Professionnel Máscara de Tratamento Vitamino Color, Protege e preserva a cor do cabelo, Aumenta o Brilho e a Vibração da Cor, Hidrata e Desembaraça, Para cabelos com coloração, 250g","R$ 123,00","R$ 139,90",BRL,4.6,300,https://www.amazon.com.br/dp/B09GSQQLWM,https://m.media-amazon.com/images/I/51TNRqVGJQL._AC_UL960_FMwebp_QL65_.jpg,36,"R$ 122,90",False,False,False,False,Mais de 800 compras no mês passado,"Entrega GRÁTIS: ter., 5 de ago.",False,Sem perfume,,,,
B0918FN7P8,"Condicionador Inforcer Loreal 200Ml, Loreal","R$ 152,91",,BRL,4.6,295,https://www.amazon.com.br/dp/B0918FN7P8,https://m.media-amazon.com/images/I/61sSkQA+XYL._AC_UL960_FMwebp_QL65_.jpg,8,"R$ 143,90",False,False,False,False,Mais de 100 compras no mês passado,"Entrega GRÁTIS: qua., 23 de jul.",False,Sem perfume,,,,
B01N6HKFK9,Care Vital Nutrition Mask Keune,"R$ 199,00",,BRL,4.8,981,https://www.amazon.com.br/dp/B01N6HKFK9,https://m.media-amazon.com/images/I/71TJMxkPquL._AC_UL960_FMwebp_QL65_.jpg,20,"R$ 179,90",False,False,False,False,Mais de 100 compras no mês passado,"Entrega GRÁTIS: Amanhã, 14 de jul.Ou entrega mais rápida: Hoje",False,Sem perfume,,,,
B08686F37P,Soft Care K-Treat Condicionador Micelar 290ml,"R$ 111,57",,BRL,4.8,244,https://www.amazon.com.br/dp/B08686F37P,https://m.media-amazon.com/images/I/613wXTWdlTL._AC_UL960_FMwebp_QL65_.jpg,12,"R$ 99,19",False,False,False,False,Mais de 100 compras no mês passado,"Entrega GRÁTIS: Amanhã, 14 de jul.Ou entrega mais rápida: Hoje",False,,,"R$ 0,38",294.0,
B079VXS5J6,Klassis TheraSkin FPS20 Emulgel Clareador 30g,"R$ 139,99",,BRL,4.6,74,https://www.amazon.com.br/dp/B079VXS5J6,https://m.media-amazon.com/images/I/517k8dJ0jTL._AC_UL960_FMwebp_QL65_.jpg,15,"R$ 126,07",False,False,False,False,Mais de 50 compras no mês passado,"Entrega GRÁTIS: qua., 16 de jul.",False,,,,,
B0DG9CNKSG,ISDIN Sérum Anti-Idade e Corretor de Imperfeições Isdinceutics Salicylic Renewal - 30ml,"R$ 199,90",,BRL,4.4,71,https://www.amazon.com.br/dp/B0DG9CNKSG,https://m.media-amazon.com/images/I/61jGPhoyemL._AC_UL960_FMwebp_QL65_.jpg,6,"R$ 179,90",False,False,False,False,Mais de 50 compras no mês passado,"Entrega GRÁTIS: Amanhã, 14 de jul.Ou entrega mais rápida: Hoje",False,,,,,
B0FBKMZFCK,"01 Clareador NutralFit – Clareamento de Manchas no Rosto, Olheiras, Melasmas, Virilha, Axilas, Joelhos, Cotovelos, Uniformização da Pele","R$ 119,90",,BRL,,0,https://www.amazon.com.br/dp/B0FBKMZFCK,https://m.media-amazon.com/images/I/21n8TKCrHiL._AC_UL960_FMwebp_QL65_.jpg,1,"R$ 119,90",False,False,False,False,Mais de 30 compras no mês passado,,False,,,,,
B07Y29P296,PERSPIREX COMFORT ROLL-ON 20ml,"R$ 108,90",,BRL,4.6,143,https://www.amazon.com.br/dp/B07Y29P296,https://m.media-amazon.com/images/I/41HgcxTAKlL._AC_UL960_FMwebp_QL65_.jpg,1,"R$ 108,90",False,False,False,False,Mais de 50 compras no mês passado,"Entrega R$ 16,90: 31 de jul. - 7 de ago.",False,,,"R$ 5.445,00",,
B09W1J5GNL,Melano Defense Clareador e Protetor Facial Fps90 Biomarine,"R$ 179,91",,BRL,4.1,30,https://www.amazon.com.br/dp/B09W1J5GNL,https://m.media-amazon.com/images/I/41FhQ9MbIqL._AC_UL960_FMwebp_QL65_.jpg,9,"R$ 179,89",False,False,False,False,Mais de 20 compras no mês passado,"Entrega GRÁTIS: qua., 16 de jul.",False,,,"R$ 179,91",1.0,
B00CLIC7E6,Oi All In One Milk Davines 135ml,"R$ 299,00","R$ 319,90",BRL,4.6,11455,https://www.amazon.com.br/dp/B00CLIC7E6,https://m.media-amazon.com/images/I/510fFPp5aOL._AC_UL960_FMwebp_QL65_.jpg,6,"R$ 285,84",False,False,False,False,Mais de 50 compras no mês passado,"Entrega GRÁTIS: qui., 24 de jul.",False,,,"R$ 2.214,81",,
B07C38CP77,Truss Kit Equilibrium Duo,"R$ 163,90",,BRL,4.8,3571,https://www.amazon.com.br/dp/B07C38CP77,https://m.media-amazon.com/images/I/81AEM8TaaNS._AC_UL960_FMwebp_QL65_.jpg,1,"R$ 163,90",False,False,False,False,Mais de 400 compras no mês passado,"Entrega GRÁTIS: qua., 16 de jul.",False,,,"R$ 163,90",1.0,
B0DGB139JW,Kit NIVEA Rotina Diária - Pele Acneica,"R$ 173,35",,BRL,4.7,627,https://www.amazon.com.br/dp/B0DGB139JW,https://m.media-amazon.com/images/I/71z5vhjNmsL._AC_UL960_FMwebp_QL65_.jpg,1,"R$ 173,35",False,False,False,False,,"Entrega: ter., 15 de jul.",False,,,,,
B0D9R86J12,Secador de Cabelos Britânia Bivolt 2100W BSC2200 Bivolt,"R$ 168,00",,BRL,3.9,26,https://www.amazon.com.br/dp/B0D9R86J12,https://m.media-amazon.com/images/I/51HMsspQIAL._AC_UL960_FMwebp_QL65_.jpg,5,"R$ 110,85",False,False,False,False,Mais de 100 compras no mês passado,"Entrega GRÁTIS: qui., 7 de ago.",False,,,,,
B0F7X482X2,"Escova Secadora Profissional 5 em 1 - Escova Alisadora, Escovas Rotativas,Modeladora, Difusor, Ar Quente e Frio - 110V - Para Cachos, Ondulados e Lisos (Vermelho)","R$ 155,00",,BRL,,0,https://www.amazon.com.br/dp/B0F7X482X2,https://m.media-amazon.com/images/I/71DPjsM8F2L._AC_UL960_FMwebp_QL65_.jpg,1,"R$ 155,00",False,False,False,False,Mais de 20 compras no mês passado,"Entrega GRÁTIS: qua., 16 de jul.",False,,,,,
B0918CJCW8,L&#x27;Oréal Professionnel Leave-In Pro Longer | Para Cabelos Finos | Preenche E Reduz Visivelmente A Aparência De Pontas Duplas | Pontas Mais Preenchidas E Brilho | 150Ml,"R$ 137,56",,BRL,4.8,1897,https://www.amazon.com.br/dp/B0918CJCW8,https://m.media-amazon.com/images/I/51pMm4AgmUL._AC_UL960_FMwebp_QL65_.jpg,18,"R$ 99,90",False,False,False,False,Mais de 300 compras no mês passado,"Entrega GRÁTIS: ter., 5 de ago.",False,Floral,,,,
B0B925VSX7,GH MAX 180 TABS UNIVERSAL,"R$ 139,99",,BRL,4.2,131,https://www.amazon.com.br/dp/B0B925VSX7,https://m.media-amazon.com/images/I/51Imn-IanuL._AC_UL960_FMwebp_QL65_.jpg,1,"R$ 139,99",False,False,False,False,Mais de 50 compras no mês passado,"Entrega GRÁTIS: seg., 21 de jul.",False,,,"R$ 139,99",1.0,
B0DYFB2L7C,"PRINCIPIA, Kit Trio Essencial AH-2 + VC-10 + Rn-0,3","R$ 137,09","R$ 160,44",BRL,5,3,https://www.amazon.com.br/dp/B0DYFB2L7C,https://m.media-amazon.com/images/I/51ROzcdWKeL._AC_UL960_FMwebp_QL65_.jpg,1,"R$ 137,09",False,False,False,False,Mais de 30 compras no mês passado,"Entrega GRÁTIS: Amanhã, 14 de jul.Ou entrega mais rápida: Hoje",False,,,,,
B008JHOUGQ,Bed Head - Small Talk 240ml,"R$ 118,90",,BRL,4.6,9242,https://www.amazon.com.br/dp/B008JHOUGQ,https://m.media-amazon.com/images/I/51rLcuzROnL._AC_UL960_FMwebp_QL65_.jpg,15,"R$ 76,12",False,True,False,False,Mais de 50 compras no mês passado,"Entrega GRÁTIS: dom., 20 de jul.",False,,,"R$ 118,90",1.0,Escolha
B0BHF5JSY6,BORABELLA Kit Progressiva Não Chore Mais Tratamento 1000Ml,"R$ 179,90",,BRL,4.4,286,https://www.amazon.com.br/dp/B0BHF5JSY6,https://m.media-amazon.com/images/I/51V5n6GeFeL._AC_UL960_FMwebp_QL65_.jpg,23,"R$ 179,70",False,False,False,False,Mais de 100 compras no mês passado,"Entrega GRÁTIS: qua., 16 de jul.",False,,,"R$ 179,90",1.0,
B0CXBBS36J,ESTOJO EUDORA EDP NAMORADOS 2024,"R$ 124,77",,BRL,4.2,21,https://www.amazon.com.br/dp/B0CXBBS36J,https://m.media-amazon.com/images/I/61XS5txXTxL._AC_UL960_FMwebp_QL65_.jpg,10,"R$ 109,99",False,False,False,False,Mais de 50 compras no mês passado,"Entrega GRÁTIS: ter., 15 de jul.",False,Baunilha,,"R$ 62,39",2.0,
B079VXS5J6,Klassis TheraSkin FPS20 Emulgel Clareador 30g,"R$ 139,99",,BRL,4.6,74,https://www.amazon.com.br/dp/B079VXS5J6,https://m.media-amazon.com/images/I/517k8dJ0jTL._AC_UL960_FMwebp_QL65_.jpg,15,"R$ 126,07",False,False,False,False,Mais de 50 compras no mês passado,"Entrega GRÁTIS: qua., 16 de jul.",False,,,,,
B0DG9CNKSG,ISDIN Sérum Anti-Idade e Corretor de Imperfeições Isdinceutics Salicylic Renewal - 30ml,"R$ 199,90",,BRL,4.4,71,https://www.amazon.com.br/dp/B0DG9CNKSG,https://m.media-amazon.com/images/I/61jGPhoyemL._AC_UL960_FMwebp_QL65_.jpg,6,"R$ 179,90",False,False,False,False,Mais de 50 compras no mês passado,"Entrega GRÁTIS: Amanhã, 14 de jul.Ou entrega mais rápida: Hoje",False,,,,,
B0FBKMZFCK,"01 Clareador NutralFit – Clareamento de Manchas no Rosto, Olheiras, Melasmas, Virilha, Axilas, Joelhos, Cotovelos, Uniformização da Pele","R$ 119,90",,BRL,,0,https://www.amazon.com.br/dp/B0FBKMZFCK,https://m.media-amazon.com/images/I/21n8TKCrHiL._AC_UL960_FMwebp_QL65_.jpg,1,"R$ 119,90",False,False,False,False,Mais de 30 compras no mês passado,,False,,,,,
B07Y29P296,PERSPIREX COMFORT ROLL-ON 20ml,"R$ 108,90",,BRL,4.6,143,https://www.amazon.com.br/dp/B07Y29P296,https://m.media-amazon.com/images/I/41HgcxTAKlL._AC_UL960_FMwebp_QL65_.jpg,1,"R$ 108,90",False,False,False,False,Mais de 50 compras no mês passado,"Entrega R$ 16,90: 31 de jul. - 7 de ago.",False,,,"R$ 5.445,00",,
B09W1J5GNL,Melano Defense Clareador e Protetor Facial Fps90 Biomarine,"R$ 179,91",,BRL,4.1,30,https://www.amazon.com.br/dp/B09W1J5GNL,https://m.media-amazon.com/images/I/41FhQ9MbIqL._AC_UL960_FMwebp_QL65_.jpg,9,"R$ 179,89",False,False,False,False,Mais de 20 compras no mês passado,"Entrega GRÁTIS: qua., 16 de jul.",False,,,"R$ 179,91",1.0,
B00CLIC7E6,Oi All In One Milk Davines 135ml,"R$ 299,00","R$ 319,90",BRL,4.6,11455,https://www.amazon.com.br/dp/B00CLIC7E6,https://m.media-amazon.com/images/I/510fFPp5aOL._AC_UL960_FMwebp_QL65_.jpg,6,"R$ 285,84",False,False,False,False,Mais de 50 compras no mês passado,"Entrega GRÁTIS: qui., 24 de jul.",False,,,"R$ 2.214,81",,
B07C38CP77,Truss Kit Equilibrium Duo,"R$ 163,90",,BRL,4.8,3571,https://www.amazon.com.br/dp/B07C38CP77,https://m.media-amazon.com/images/I/81AEM8TaaNS._AC_UL960_FMwebp_QL65_.jpg,1,"R$ 163,90",False,False,False,False,Mais de 400 compras no mês passado,"Entrega GRÁTIS: qua., 16 de jul.",False,,,"R$ 163,90",1.0,
B0DGB139JW,Kit NIVEA Rotina Diária - Pele Acneica,"R$ 173,35",,BRL,4.7,627,https://www.amazon.com.br/dp/B0DGB139JW,https://m.media-amazon.com/images/I/71z5vhjNmsL._AC_UL960_FMwebp_QL65_.jpg,1,"R$ 173,35",False,False,False,False,,"Entrega: ter., 15 de jul.",False,,,,,
B0D9R86J12,Secador de Cabelos Britânia Bivolt 2100W BSC2200 Bivolt,"R$ 168,00",,BRL,3.9,26,https://www.amazon.com.br/dp/B0D9R86J12,https://m.media-amazon.com/images/I/51HMsspQIAL._AC_UL960_FMwebp_QL65_.jpg,5,"R$ 110,85",False,False,False,False,Mais de 100 compras no mês passado,"Entrega GRÁTIS: qui., 7 de ago.",False,,,,,
B0F7X482X2,"Escova Secadora Profissional 5 em 1 - Escova Alisadora, Escovas Rotativas,Modeladora, Difusor, Ar Quente e Frio - 110V - Para Cachos, Ondulados e Lisos (Vermelho)","R$ 155,00",,BRL,,0,https://www.amazon.com.br/dp/B0F7X482X2,https://m.media-amazon.com/images/I/71DPjsM8F2L._AC_UL960_FMwebp_QL65_.jpg,1,"R$ 155,00",False,False,False,False,Mais de 20 compras no mês passado,"Entrega GRÁTIS: qua., 16 de jul.",False,,,,,
B0918CJCW8,L&#x27;Oréal Professionnel Leave-In Pro Longer | Para Cabelos Finos | Preenche E Reduz Visivelmente A Aparência De Pontas Duplas | Pontas Mais Preenchidas E Brilho | 150Ml,"R$ 137,56",,BRL,4.8,1897,https://www.amazon.com.br/dp/B0918CJCW8,https://m.media-amazon.com/images/I/51pMm4AgmUL._AC_UL960_FMwebp_QL65_.jpg,18,"R$ 99,90",False,False,False,False,Mais de 300 compras no mês passado,"Entrega GRÁTIS: ter., 5 de ago.",False,Floral,,,,
B0B925VSX7,GH MAX 180 TABS UNIVERSAL,"R$ 139,99",,BRL,4.2,131,https://www.amazon.com.br/dp/B0B925VSX7,https://m.media-amazon.com/images/I/51Imn-IanuL._AC_UL960_FMwebp_QL65_.jpg,1,"R$ 139,99",False,False,False,False,Mais de 50 compras no mês passado,"Entrega GRÁTIS: seg., 21 de jul.",False,,,"R$ 139,99",1.0,
B0DYFB2L7C,"PRINCIPIA, Kit Trio Essencial AH-2 + VC-10 + Rn-0,3","R$ 137,09","R$ 160,44",BRL,5,3,https://www.amazon.com.br/dp/B0DYFB2L7C,https://m.media-amazon.com/images/I/51ROzcdWKeL._AC_UL960_FMwebp_QL65_.jpg,1,"R$ 137,09",False,False,False,False,Mais de 30 compras no mês passado,"Entrega GRÁTIS: Amanhã, 14 de jul.Ou entrega mais rápida: Hoje",False,,,,,
B008JHOUGQ,Bed Head - Small Talk 240ml,"R$ 118,90",,BRL,4.6,9242,https://www.amazon.com.br/dp/B008JHOUGQ,https://m.media-amazon.com/images/I/51rLcuzROnL._AC_UL960_FMwebp_QL65_.jpg,15,"R$ 76,12",False,False,False,False,Mais de 50 compras no mês passado,"Entrega GRÁTIS: dom., 20 de jul.",False,,,"R$ 118,90",1.0,
B0BHF5JSY6,BORABELLA Kit Progressiva Não Chore Mais Tratamento 1000Ml,"R$ 179,90",,BRL,4.4,286,https://www.amazon.com.br/dp/B0BHF5JSY6,https://m.media-amazon.com/images/I/51V5n6GeFeL._AC_UL960_FMwebp_QL65_.jpg,23,"R$ 179,70",False,False,False,False,Mais de 100 compras no mês passado,"Entrega GRÁTIS: qua., 16 de jul.",False,,,"R$ 179,90",1.0,
B0CXBBS36J,ESTOJO EUDORA EDP NAMORADOS 2024,"R$ 124,77",,BRL,4.2,21,https://www.amazon.com.br/dp/B0CXBBS36J,https://m.media-amazon.com/images/I/61XS5txXTxL._AC_UL960_FMwebp_QL65_.jpg,10,"R$ 109,99",False,False,False,False,Mais de 50 compras no mês passado,"Entrega GRÁTIS: ter., 15 de jul.",False,Baunilha,,"R$ 62,39",2.0,
B089NDL23D,Kit Completo Haskell Encorpa Cabelo 300ml,"R$ 156,48",,BRL,4.7,261,https://www.amazon.com.br/dp/B089NDL23D,https://m.media-amazon.com/images/I/61GPc1Z9LQL._AC_UL960_FMwebp_QL65_.jpg,1,"R$ 156,48",False,False,False,False,Mais de 200 compras no mês passado,"Entrega GRÁTIS: dom., 20 de jul.",False,,,"R$ 0,52",301.0,
B07DLSVK25,"Conditioner, Keune","R$ 117,90",,BRL,4.6,270,https://www.amazon.com.br/dp/B07DLSVK25,https://m.media-amazon.com/images/I/71oEqU8oHyL._AC_UL960_FMwebp_QL65_.jpg,6,"R$ 114,20",False,False,False,False,Mais de 100 compras no mês passado,"Entrega GRÁTIS: Amanhã, 14 de jul.Ou entrega mais rápida: Hoje",False,Bambu,,,,
B00YDY5BKI,Mustela Perfume Musti Spray 50Ml - Colônia Eau De Soin Infantil Suave - Sem Álcool Hipoalergênico E Feito Com 92% De Ingredientes De Origem Natural - Bebê E Criança,"R$ 100,79",,BRL,4.4,3113,https://www.amazon.com.br/dp/B00YDY5BKI,https://m.media-amazon.com/images/I/41W1FVl5jKL._AC_UL960_FMwebp_QL65_.jpg,1,"R$ 100,79",False,False,False,False,Mais de 900 compras no mês passado,"Entrega GRÁTIS: ter., 15 de jul.",False,,,"R$ 2,02",50.0,
B0DS5Z4J91,"YARUIKE Aparador de Pelos Elétrico à Prova Dágua, Barbeadores Sem Fio para Homens, Kit de Cuidados Com o Nariz, Bigode, Corpo e Rosto, Presentes Para Homens, Marido e Pai","R$ 165,00",,BRL,4.2,31,https://www.amazon.com.br/dp/B0DS5Z4J91,https://m.media-amazon.com/images/I/71q51N0y4FL._AC_UL960_FMwebp_QL65_.jpg,1,"R$ 165,00",False,False,False,False,Mais de 50 compras no mês passado,"Entrega GRÁTIS: sáb., 19 de jul.",False,,Economize 10% com o cupom,,,
B0DLJGJ8JQ,Eudora Niina Secrets Celebration Paleta Multifuncional,"R$ 169,79","R$ 189,90",BRL,4.8,44,https://www.amazon.com.br/dp/B0DLJGJ8JQ,https://m.media-amazon.com/images/I/71OEiZCrnLL._AC_UL960_FMwebp_QL65_.jpg,1,"R$ 169,79",False,False,False,False,Mais de 30 compras no mês passado,"Entrega R$ 32,92: 5 - 7 de ago.",False,,,"R$ 169,79",1.0,
B0DCZX851D,Tangle Teezer - Escova de cabelo desembaraçadora The Ultimate Detangler Chrome para todos os tipos de cabelo. Ideal para usar em fios molhados. Cor: Mauve Cooper,"R$ 179,90",,BRL,4.8,139,https://www.amazon.com.br/dp/B0DCZX851D,https://m.media-amazon.com/images/I/61vs5mQvnDL._AC_UL960_FMwebp_QL65_.jpg,1,"R$ 179,90",False,False,False,False,Mais de 50 compras no mês passado,"Entrega GRÁTIS: dom., 20 de jul.",False,,,"R$ 179,90",1.0,
B07MZ69N1F,Base Multifuncional Shiseido Bb For Sports Spf50 Medium Dark,"R$ 319,85",,BRL,4.5,125,https://www.amazon.com.br/dp/B07MZ69N1F,https://m.media-amazon.com/images/I/71IaL-60dbL._AC_UL960_FMwebp_QL65_.jpg,1,"R$ 319,85",False,False,False,False,Mais de 20 compras no mês passado,"Entrega GRÁTIS: dom., 20 de jul.",False,,,,,
B088ST252G,Truss tratamento uso obrigatório 260ml,"R$ 100,32",,BRL,4.5,531,https://www.amazon.com.br/dp/B088ST252G,https://m.media-amazon.com/images/I/51z+Z7fRKiL._AC_UL960_FMwebp_QL65_.jpg,6,"R$ 100,31",False,False,False,False,Mais de 600 compras no mês passado,"Entrega GRÁTIS: seg., 21 de jul.",False,,,,,
B084GYB5R7,"Hidratante Rejuvenescedor Corporal Iyc C Fps 20 - 120ml - Vitamina C, Firmeza e Uniformização – Para Áreas Expostas como Corpo e Colo - Mantecorp","R$ 116,91",,BRL,4.8,872,https://www.amazon.com.br/dp/B084GYB5R7,https://m.media-amazon.com/images/I/61G4E9dH4xL._AC_UL960_FMwebp_QL65_.jpg,9,"R$ 116,91",False,False,False,False,Mais de 100 compras no mês passado,,False,,,,,
B07942ZQBT,La Roche-Posay Toleriane Sensitive 40ml,"R$ 141,63",,BRL,4.6,3658,https://www.amazon.com.br/dp/B07942ZQBT,https://m.media-amazon.com/images/I/61-CUZ6HskL._AC_UL960_FMwebp_QL65_.jpg,1,"R$ 141,63",False,False,False,False,Mais de 50 compras no mês passado,"Entrega R$ 16,90: 31 de jul. - 7 de ago.",False,,,,,
B084XQHZ3X,Lowell Shampoo Mirtilo 1000Ml.,"R$ 76,42","R$ 89,90",BRL,4.6,477,https://www.amazon.com.br/dp/B084XQHZ3X,https://m.media-amazon.com/images/I/61Fq5MMS3GL._AC_UL960_FMwebp_QL65_.jpg,1,"R$ 76,42",False,False,True,False,Mais de 300 compras no mês passado,,False,Frutado,,"R$ 76,42",1.0,Oferta Prime Day
B06W9JWX2Y,KEUNE CARE SATIN OIL MASK 200ml,"R$ 202,90",,BRL,4.8,275,https://www.amazon.com.br/dp/B06W9JWX2Y,https://m.media-amazon.com/images/I/71A9XKIB4SL._AC_UL960_FMwebp_QL65_.jpg,20,"R$ 185,61",False,False,False,False,Mais de 40 compras no mês passado,"Entrega GRÁTIS: Amanhã, 14 de jul.Ou entrega mais rápida: Hoje",False,Sem perfume,,,,
B0CG7T5R91,ISDIN Sérum Facial Clareador Anti-Idade Isdinceutics Melaclear Advanced - 30 ml,"R$ 194,93","R$ 230,40",BRL,4.6,229,https://www.amazon.com.br/dp/B0CG7T5R91,https://m.media-amazon.com/images/I/51UBRJluAjL._AC_UL960_FMwebp_QL65_.jpg,9,"R$ 225,50",False,False,False,False,Mais de 500 compras no mês passado,"Entrega GRÁTIS: Amanhã, 14 de jul.Ou entrega mais rápida: Hoje",False,,,,,
B0C8X8CX4P,Natura Homem Elo Deo Parfum - 100 ml,"R$ 169,90",,BRL,4.6,137,https://www.amazon.com.br/dp/B0C8X8CX4P,https://m.media-amazon.com/images/I/51zfM2Lou7L._AC_UL960_FMwebp_QL65_.jpg,49,"R$ 118,99",False,False,False,False,Mais de 50 compras no mês passado,"Entrega GRÁTIS: sáb., 19 de jul.",False,,,"R$ 169,90",1.0,
B07KYW11N4,Perspirex Roll-On Anti-Perspirant 20Ml,"R$ 100,25",,BRL,4.7,736,https://www.amazon.com.br/dp/B07KYW11N4,https://m.media-amazon.com/images/I/61DCfLWzDnL._AC_UL960_FMwebp_QL65_.jpg,11,"R$ 100,25",False,False,False,False,Mais de 200 compras no mês passado,,False,,,,,
B088DM25Q7,Máscara Creme De Hidratação Profissional Itallian Trivitt,"R$ 100,17",,BRL,4.3,39,https://www.amazon.com.br/dp/B088DM25Q7,https://m.media-amazon.com/images/I/41geHc+DfzL._AC_UL960_FMwebp_QL65_.jpg,1,"R$ 100,17",False,False,False,False,Mais de 50 compras no mês passado,"Entrega GRÁTIS: seg., 21 de jul.",False,,,"R$ 100,17",1.0,
B07KYGHVQ5,"Secador de Cabelos, Mondial, Preto/Golden Rose, 2000W, 220V - SC-37","R$ 179,90",,BRL,4.4,6369,https://www.amazon.com.br/dp/B07KYGHVQ5,https://m.media-amazon.com/images/I/71iexuwHbjL._AC_UL960_FMwebp_QL65_.jpg,8,"R$ 147,90",False,False,False,False,Mais de 100 compras no mês passado,"Entrega GRÁTIS: qui., 31 de jul.",False,,,,,
B0DY9GJJHD,Kit L&#x27;Oréal Professionnel Serie Expert Absolut Repair Gold Quinoa Protein Shine (3 Produtos),"R$ 384,90",,BRL,,0,https://www.amazon.com.br/dp/B0DY9GJJHD,https://m.media-amazon.com/images/I/41j+PC97JEL._AC_UL960_FMwebp_QL65_.jpg,3,"R$ 369,90",False,False,False,False,Mais de 30 compras no mês passado,"Entrega GRÁTIS: seg., 21 de jul.",False,,,"R$ 128,30",3.0,
B01N10Z0L2,"Anaphase +, Shampoo Antiqueda, Ducray","R$ 112,50","R$ 125,00",BRL,4.7,2918,https://www.amazon.com.br/dp/B01N10Z0L2,https://m.media-amazon.com/images/I/41ldo6gsThL._AC_UL960_FMwebp_QL65_.jpg,13,"R$ 124,89",False,False,False,False,Mais de 900 compras no mês passado,"Entrega GRÁTIS: Amanhã, 14 de jul.Ou entrega mais rápida: Hoje",False,Aloe Vera,,,,
B0DCGQ8L9H,Combo Siàge Cronograma Capilar Máscaras Refil: Hair-Plastia 250g + Nutri Rosé 250g + Cica-Therapy 250g,"R$ 144,99",,BRL,4.8,38,https://www.amazon.com.br/dp/B0DCGQ8L9H,https://m.media-amazon.com/images/I/61P5pVIXX+L._AC_UL960_FMwebp_QL65_.jpg,12,"R$ 124,90",False,False,False,False,Mais de 50 compras no mês passado,"Entrega GRÁTIS: ter., 5 de ago.",False,,,"R$ 144,99",1.0,
B08DRJ4JLZ,"K-PAK Hydrator intense Treatment 250ml Smart Release Mascara, Joico","R$ 153,30",,BRL,4.6,270,https://www.amazon.com.br/dp/B08DRJ4JLZ,https://m.media-amazon.com/images/I/51kFGFUTVUL._AC_UL960_FMwebp_QL65_.jpg,1,"R$ 153,30",False,False,False,False,Mais de 40 compras no mês passado,"Entrega GRÁTIS: dom., 20 de jul.",False,Baunilha,,,,
B09XRW4BPT,"L&#x27;Oreal Professionnel Leave-In Creme Long Lasting Curl Expression, Para Cabelos Cacheados e Crespos, Fornece 2X Mais Hidratação, Sem Parabenos, 200ml","R$ 176,90",,BRL,4.4,1182,https://www.amazon.com.br/dp/B09XRW4BPT,https://m.media-amazon.com/images/I/519ejdgdDwL._AC_UL960_FMwebp_QL65_.jpg,13,"R$ 163,89",False,False,False,False,Mais de 300 compras no mês passado,"Entrega GRÁTIS: Amanhã, 14 de jul.Ou entrega mais rápida: Hoje",False,,,,,
B08H5KGSS5,Kit Renew Ultimate +Protinol Dia e Noite 50g cada,"R$ 127,90","R$ 147,99",BRL,4.8,46,https://www.amazon.com.br/dp/B08H5KGSS5,https://m.media-amazon.com/images/I/51au8MOzpuL._AC_UL960_FMwebp_QL65_.jpg,1,"R$ 127,90",False,False,False,False,Mais de 20 compras no mês passado,"Entrega GRÁTIS: ter., 29 de jul.",False,,,"R$ 1,28",100.0,Economize 13%
B09Q1MX46W,"Shampoo True Hue 1L, Senscience - NOVA EMBALAGEM - Tradicional (1000ml) vermelho","R$ 192,00",,BRL,4.5,79,https://www.amazon.com.br/dp/B09Q1MX46W,https://m.media-amazon.com/images/I/71CZmrXwRdL._AC_UL960_FMwebp_QL65_.jpg,1,"R$ 192,00",False,False,False,False,Mais de 50 compras no mês passado,"Entrega GRÁTIS: dom., 20 de jul.",False,Cítrico,,,,
B0C1KM192M,Esthederm Age Proteom - Sérum Anti-idade 30ml,"R$ 337,99",,BRL,4.7,217,https://www.amazon.com.br/dp/B0C1KM192M,https://m.media-amazon.com/images/I/41etu7Ng6bL._AC_UL960_FMwebp_QL65_.jpg,5,"R$ 335,90",False,False,False,False,Mais de 100 compras no mês passado,"Entrega GRÁTIS: Amanhã, 14 de jul.Ou entrega mais rápida: Hoje",False,,,,,
B07FPVLH1M,"Shampoo, Keune","R$ 279,90",,BRL,4.8,393,https://www.amazon.com.br/dp/B07FPVLH1M,https://m.media-amazon.com/images/I/714GHicSfsL._AC_UL960_FMwebp_QL65_.jpg,13,"R$ 258,00",False,False,False,False,Mais de 100 compras no mês passado,"Entrega GRÁTIS: qua., 16 de jul.",False,Eucalipto,,,,
B0BSR539J4,"KIKO MILANO, Hydra Pro Glow, Creme Hidratante Protetor Facial com Efeito Luminoso","R$ 149,90",,BRL,4.5,691,https://www.amazon.com.br/dp/B0BSR539J4,https://m.media-amazon.com/images/I/61CMFuWE-wL._AC_UL960_FMwebp_QL65_.jpg,1,"R$ 149,90",False,False,False,False,Mais de 100 compras no mês passado,"Entrega GRÁTIS: Amanhã, 14 de jul.Ou entrega mais rápida: Hoje",False,,,,,
B07BNS1C1L,GA.MA ITALY Secador de Cabelo Eolic Travel Bivolt,"R$ 128,00","R$ 139,90",BRL,4.5,1012,https://www.amazon.com.br/dp/B07BNS1C1L,https://m.media-amazon.com/images/I/41Ac5rHHrpL._AC_UL960_FMwebp_QL65_.jpg,9,"R$ 111,59",False,False,False,False,Mais de 600 compras no mês passado,"Entrega GRÁTIS: Amanhã, 14 de jul.Ou entrega mais rápida: Hoje",False,,,,,
B0BHJJ544W,Eudora Combo Siàge Acelera o Crescimento: Shampoo 250ml + Condicionador 200ml + Máscara Capilar 250g,"R$ 144,90",,BRL,4.7,264,https://www.amazon.com.br/dp/B0BHJJ544W,https://m.media-amazon.com/images/I/61wDvyt-TfL._AC_UL960_FMwebp_QL65_.jpg,31,"R$ 129,10",False,False,False,False,Mais de 30 compras no mês passado,"Entrega GRÁTIS: ter., 22 de jul.",False,,,"R$ 144,90",1.0,
B0C3753R54,"YKYI Esfregão elétrico giratório, escova de limpeza sem fio, escova de limpeza de chuveiro com 8 cabeças de escova substituíveis, esfregão elétrico 3 velocidades ajustáveis, alça longa","R$ 139,90",,BRL,4.2,7125,https://www.amazon.com.br/dp/B0C3753R54,https://m.media-amazon.com/images/I/91gQJMVnnyL._AC_UL960_FMwebp_QL65_.jpg,6,"R$ 110,00",False,False,False,False,Mais de 50 compras no mês passado,"Entrega GRÁTIS: ter., 22 de jul.",False,,,,,
B07CGS89PV,Marco Boni Escova Profissional Thermal Ceramic Premium 75 Mm 7968T Amarelo,"R$ 83,16","R$ 97,84",BRL,4.4,312,https://www.amazon.com.br/dp/B07CGS89PV,https://m.media-amazon.com/images/I/51sKDzixb3L._AC_UL960_FMwebp_QL65_.jpg,1,"R$ 83,16",False,False,True,False,,,False,,,"R$ 83,16",1.0,Oferta Prime Day
B003JC1424,"1922 Premium Clay, Keune","R$ 123,69",,BRL,4.4,553,https://www.amazon.com.br/dp/B003JC1424,https://m.media-amazon.com/images/I/61XWqMtoHML._AC_UL960_FMwebp_QL65_.jpg,14,"R$ 115,00",False,False,False,False,Mais de 500 compras no mês passado,"Entrega GRÁTIS: Amanhã, 14 de jul.Ou entrega mais rápida: Hoje",False,,,,,
B08DRJ4JLZ,"K-PAK Hydrator intense Treatment 250ml Smart Release Mascara, Joico","R$ 153,30",,BRL,4.6,270,https://www.amazon.com.br/dp/B08DRJ4JLZ,https://m.media-amazon.com/images/I/51kFGFUTVUL._AC_UL960_FMwebp_QL65_.jpg,1,"R$ 153,30",False,False,False,False,Mais de 40 compras no mês passado,"Entrega GRÁTIS: dom., 20 de jul.",False,Baunilha,,,,
B09XRW4BPT,"L&#x27;Oreal Professionnel Leave-In Creme Long Lasting Curl Expression, Para Cabelos Cacheados e Crespos, Fornece 2X Mais Hidratação, Sem Parabenos, 200ml","R$ 176,90",,BRL,4.4,1182,https://www.amazon.com.br/dp/B09XRW4BPT,https://m.media-amazon.com/images/I/519ejdgdDwL._AC_UL960_FMwebp_QL65_.jpg,13,"R$ 163,89",False,False,False,False,Mais de 300 compras no mês passado,"Entrega GRÁTIS: Amanhã, 14 de jul.Ou entrega mais rápida: Hoje",False,,,,,
B08H5KGSS5,Kit Renew Ultimate +Protinol Dia e Noite 50g cada,"R$ 127,90","R$ 147,99",BRL,4.8,46,https://www.amazon.com.br/dp/B08H5KGSS5,https://m.media-amazon.com/images/I/51au8MOzpuL._AC_UL960_FMwebp_QL65_.jpg,1,"R$ 127,90",False,False,False,False,Mais de 20 compras no mês passado,"Entrega GRÁTIS: ter., 29 de jul.",False,,,"R$ 1,28",100.0,Economize 13%
B09Q1MX46W,"Shampoo True Hue 1L, Senscience - NOVA EMBALAGEM - Tradicional (1000ml) vermelho","R$ 192,00",,BRL,4.5,79,https://www.amazon.com.br/dp/B09Q1MX46W,https://m.media-amazon.com/images/I/71CZmrXwRdL._AC_UL960_FMwebp_QL65_.jpg,1,"R$ 192,00",False,False,False,False,Mais de 50 compras no mês passado,"Entrega GRÁTIS: dom., 20 de jul.",False,Cítrico,,,,
B0DR7BQV3W,Modelador de Cachos Automático Profissional Premium Bivolt Cerâmico com Controle de Temperatura Avançado,"R$ 194,90",,BRL,5,1,https://www.amazon.com.br/dp/B0DR7BQV3W,https://m.media-amazon.com/images/I/61irAhJOlmL._AC_UL960_FMwebp_QL65_.jpg,2,"R$ 149,99",False,False,False,False,,"Entrega GRÁTIS: dom., 20 de jul.",False,,,,,
B0C1KM192M,Esthederm Age Proteom - Sérum Anti-idade 30ml,"R$ 337,99",,BRL,4.7,217,https://www.amazon.com.br/dp/B0C1KM192M,https://m.media-amazon.com/images/I/41etu7Ng6bL._AC_UL960_FMwebp_QL65_.jpg,5,"R$ 335,90",False,False,False,False,Mais de 100 compras no mês passado,"Entrega GRÁTIS: Amanhã, 14 de jul.Ou entrega mais rápida: Hoje",False,,,,,
B07FPVLH1M,"Shampoo, Keune","R$ 279,90",,BRL,4.8,393,https://www.amazon.com.br/dp/B07FPVLH1M,https://m.media-amazon.com/images/I/714GHicSfsL._AC_UL960_FMwebp_QL65_.jpg,13,"R$ 258,00",False,False,False,False,Mais de 100 compras no mês passado,"Entrega GRÁTIS: qua., 16 de jul.",False,Eucalipto,,,,
B0BSR539J4,"KIKO MILANO, Hydra Pro Glow, Creme Hidratante Protetor Facial com Efeito Luminoso","R$ 149,90",,BRL,4.5,691,https://www.amazon.com.br/dp/B0BSR539J4,https://m.media-amazon.com/images/I/61CMFuWE-wL._AC_UL960_FMwebp_QL65_.jpg,1,"R$ 149,90",False,False,False,False,Mais de 100 compras no mês passado,"Entrega GRÁTIS: Amanhã, 14 de jul.Ou entrega mais rápida: Hoje",False,,,,,
B07BNS1C1L,GA.MA ITALY Secador de Cabelo Eolic Travel Bivolt,"R$ 128,00","R$ 139,90",BRL,4.5,1012,https://www.amazon.com.br/dp/B07BNS1C1L,https://m.media-amazon.com/images/I/41Ac5rHHrpL._AC_UL960_FMwebp_QL65_.jpg,9,"R$ 111,59",False,False,False,False,Mais de 600 compras no mês passado,"Entrega GRÁTIS: Amanhã, 14 de jul.Ou entrega mais rápida: Hoje",False,,,,,
B0BHJJ544W,Eudora Combo Siàge Acelera o Crescimento: Shampoo 250ml + Condicionador 200ml + Máscara Capilar 250g,"R$ 144,90",,BRL,4.7,264,https://www.amazon.com.br/dp/B0BHJJ544W,https://m.media-amazon.com/images/I/61wDvyt-TfL._AC_UL960_FMwebp_QL65_.jpg,31,"R$ 129,10",False,False,False,False,Mais de 30 compras no mês passado,"Entrega GRÁTIS: ter., 22 de jul.",False,,,"R$ 144,90",1.0,
B0C3753R54,"YKYI Esfregão elétrico giratório, escova de limpeza sem fio, escova de limpeza de chuveiro com 8 cabeças de escova substituíveis, esfregão elétrico 3 velocidades ajustáveis, alça longa","R$ 139,90",,BRL,4.2,7125,https://www.amazon.com.br/dp/B0C3753R54,https://m.media-amazon.com/images/I/91gQJMVnnyL._AC_UL960_FMwebp_QL65_.jpg,6,"R$ 110,00",False,False,False,False,Mais de 50 compras no mês passado,"Entrega GRÁTIS: ter., 22 de jul.",False,,,,,
B07CGS89PV,Marco Boni Escova Profissional Thermal Ceramic Premium 75 Mm 7968T Amarelo,"R$ 83,16","R$ 97,84",BRL,4.4,312,https://www.amazon.com.br/dp/B07CGS89PV,https://m.media-amazon.com/images/I/51sKDzixb3L._AC_UL960_FMwebp_QL65_.jpg,1,"R$ 83,16",False,False,True,False,,,False,,,"R$ 83,16",1.0,Oferta Prime Day
B003JC1424,"1922 Premium Clay, Keune","R$ 123,69",,BRL,4.4,553,https://www.amazon.com.br/dp/B003JC1424,https://m.media-amazon.com/images/I/61XWqMtoHML._AC_UL960_FMwebp_QL65_.jpg,14,"R$ 115,00",False,False,False,False,Mais de 500 compras no mês passado,"Entrega GRÁTIS: Amanhã, 14 de jul.Ou entrega mais rápida: Hoje",False,,,,,
B07ZQKH5D8,"Neostrata Gel Plus Antissinais Facial Para Pele Oleosa,125g","R$ 272,99",,BRL,4.6,110,https://www.amazon.com.br/dp/B07ZQKH5D8,https://m.media-amazon.com/images/I/41vjUmTW+6L._AC_UL960_FMwebp_QL65_.jpg,1,"R$ 272,99",False,False,False,False,Mais de 30 compras no mês passado,"Entrega GRÁTIS: ter., 15 de jul.",False,,,"R$ 272,99",1.0,
B085JGPCKY,"Truss Miracle Mask | Máscara Capilar com Blend de Óleos, Hidratação Profunda e Brilho 3D | 180g","R$ 114,67",,BRL,4.6,74,https://www.amazon.com.br/dp/B085JGPCKY,https://m.media-amazon.com/images/I/61l00fdUubL._AC_UL960_FMwebp_QL65_.jpg,1,"R$ 114,67",False,False,False,False,Mais de 100 compras no mês passado,"Entrega GRÁTIS: qui., 17 de jul.",False,,,,,
B07MJCJBV6,Senscience Silk Moisture Shampoo 1000ml,"R$ 230,00",,BRL,4.6,20,https://www.amazon.com.br/dp/B07MJCJBV6,https://m.media-amazon.com/images/I/31959YU6l8L._AC_UL960_FMwebp_QL65_.jpg,3,"R$ 204,00",False,False,False,False,Mais de 50 compras no mês passado,"Entrega GRÁTIS: dom., 20 de jul.",False,,,,,
B000UYSSB4,Joico K-Pak Deep Penetrating Reconstructor 150Ml Smart Release Branco,"R$ 165,47",,BRL,4.2,1488,https://www.amazon.com.br/dp/B000UYSSB4,https://m.media-amazon.com/images/I/51-n4HKU93L._AC_UL960_FMwebp_QL65_.jpg,1,"R$ 165,47",False,False,False,False,Mais de 50 compras no mês passado,"Entrega GRÁTIS: dom., 20 de jul.",False,Baunilha,,,,
B0D9R6WVM4,Secador de Cabelos Philco Bivolt 2200W PSC2300 Motor DC Bivolt,"R$ 149,80",,BRL,3.4,7,https://www.amazon.com.br/dp/B0D9R6WVM4,https://m.media-amazon.com/images/I/51UfEs21IAL._AC_UL960_FMwebp_QL65_.jpg,7,"R$ 124,31",False,False,False,False,Mais de 50 compras no mês passado,"Entrega GRÁTIS: Amanhã, 14 de jul.Ou entrega mais rápida: Hoje",False,,,,,
B0BBN94JSX,"KIKO MILANO, New Bright Lift Serum, Sérum com Efeito Lifting","R$ 149,00",,BRL,4.6,100,https://www.amazon.com.br/dp/B0BBN94JSX,https://m.media-amazon.com/images/I/81jkwgfsLnL._AC_UL960_FMwebp_QL65_.jpg,1,"R$ 149,00",False,False,False,False,Mais de 100 compras no mês passado,"Entrega GRÁTIS: ter., 15 de jul.",False,,,,,
B07VKQKHVK,"Secador Taiff Black Ion, 2000W, 127V, Preto","R$ 266,78",,BRL,4.7,2155,https://www.amazon.com.br/dp/B07VKQKHVK,https://m.media-amazon.com/images/I/41S73NheN+L._AC_UL960_FMwebp_QL65_.jpg,17,"R$ 217,59",False,False,False,False,Mais de 400 compras no mês passado,"Entrega GRÁTIS: Amanhã, 14 de jul.Ou entrega mais rápida: Hoje",False,,,,,
B09716YCGX,"L&#x27;Oréal Professionnel Máscara Metal Detox, para maciez, brilho &amp; sedosidade, maior durabilidade da cor, para cabelos coloridos e danificados, 250ml","R$ 219,99",,BRL,4.7,5380,https://www.amazon.com.br/dp/B09716YCGX,https://m.media-amazon.com/images/I/71vLZibCf2L._AC_UL960_FMwebp_QL65_.jpg,27,"R$ 185,90",False,False,False,False,Mais de 300 compras no mês passado,Entrega GRÁTIS: 21 - 22 de jul.,False,Sem perfume,,,,
B08G9RVF45,Hada Labo® Gokujyun Aging Care Lotion - Loção Hidratante anti-idade com Ácido Hialurônico e Niacinamida 170ml,"R$ 89,00","R$ 112,90",BRL,4.7,988,https://www.amazon.com.br/dp/B08G9RVF45,https://m.media-amazon.com/images/I/61ISE12Z0nL._AC_UL960_FMwebp_QL65_.jpg,1,"R$ 89,00",False,False,True,False,Mais de 700 compras no mês passado,,False,,,,,Oferta Prime Day
B0F1L54QDN,Máquina De Barbear Profissional Premium Gold Original - Para Acabamento Barbeador Aparador Pelo Portátil Maquininha Elétrico Recarregável Sem Fio Bivolt Dourado Barbeiro Masculino Aparelho Cortar Cabelo,"R$ 199,90",,BRL,4.1,8,https://www.amazon.com.br/dp/B0F1L54QDN,https://m.media-amazon.com/images/I/51XvG1feGSL._AC_UL960_FMwebp_QL65_.jpg,1,"R$ 199,90",False,False,False,True,,"Entrega GRÁTIS: sáb., 19 de jul.",False,,,,,
B08MB2QFC8,Cartliv Colágeno Tipo 2 60caps Equaliv,"R$ 102,00",,BRL,4.7,2061,https://www.amazon.com.br/dp/B08MB2QFC8,https://m.media-amazon.com/images/I/61VNGEE-T7L._AC_UL960_FMwebp_QL65_.jpg,10,"R$ 88,00",False,False,False,False,Mais de 100 compras no mês passado,"Entrega GRÁTIS: seg., 21 de jul.",False,Cápsula,,"R$ 1,70",60.0,
B0BN3X583S,Mise en Scène - Perfect Serum Sérum Watery 80ml,"R$ 169,54",,BRL,4.5,114,https://www.amazon.com.br/dp/B0BN3X583S,https://m.media-amazon.com/images/I/51fuMml3XFL._AC_UL960_FMwebp_QL65_.jpg,1,"R$ 169,54",False,False,False,False,,"Entrega GRÁTIS: dom., 20 de jul.",False,,,"R$ 169,54",1.0,
B079VWDB6N,ISDIN Gel Creme Facial para Pele Descamativa Nutradeica - 50ml,"R$ 107,87","R$ 118,80",BRL,4.7,913,https://www.amazon.com.br/dp/B079VWDB6N,https://m.media-amazon.com/images/I/61nNAIsSxtL._AC_UL960_FMwebp_QL65_.jpg,12,"R$ 102,50",False,False,False,False,Mais de 600 compras no mês passado,"Entrega GRÁTIS: Amanhã, 14 de jul.Ou entrega mais rápida: Hoje",False,,,,,
B07M9CR97F,SkinCeuticals Discoloration Defense Multicorretivo Sérum,"R$ 319,99",,BRL,4.4,62,https://www.amazon.com.br/dp/B07M9CR97F,https://m.media-amazon.com/images/I/517GFNcUzxL._AC_UL960_FMwebp_QL65_.jpg,1,"R$ 319,99",False,False,False,False,,"Entrega GRÁTIS: seg., 21 de jul.",False,,,,,
B07N15XLVV,Coloração de Cílios e Sobrancelhas RefectoCil 3.0 Castanho Natural,"R$ 109,80",,BRL,4.8,182,https://www.amazon.com.br/dp/B07N15XLVV,https://m.media-amazon.com/images/I/61pZtA29XSL._AC_UL960_FMwebp_QL65_.jpg,7,"R$ 96,00",False,False,False,False,Mais de 50 compras no mês passado,"Entrega GRÁTIS: qua., 16 de jul.",False,,Economize 5% com o cupom,"R$ 7.320,00",,
B0D79HFWFZ,GA.MA ITALY Secador de Cabelo Keration 4D 2500W Bivolt,"R$ 383,91",,BRL,4.5,65,https://www.amazon.com.br/dp/B0D79HFWFZ,https://m.media-amazon.com/images/I/41JTGNT4t+L._AC_UL960_FMwebp_QL65_.jpg,13,"R$ 296,48",False,False,False,False,Mais de 100 compras no mês passado,"Entrega GRÁTIS: Amanhã, 14 de jul.Ou entrega mais rápida: Hoje",False,,,,,
B0D8J3GFBS,CK One Essence Parfum Intense Unissex 100ml,"R$ 419,81",,BRL,4.5,416,https://www.amazon.com.br/dp/B0D8J3GFBS,https://m.media-amazon.com/images/I/61aiuqwDGxL._AC_UL960_FMwebp_QL65_.jpg,15,"R$ 370,00",False,False,False,False,Mais de 30 compras no mês passado,"Entrega GRÁTIS: ter., 15 de jul.",False,"Madeira, Sândalo, Cítrico",,,,
B0F9PWHLCK,Kit Elseve Liso dos Sonhos Sha + Cond + Másc + Cr Pentear + Sérum - 5 Itens Completo,"R$ 149,99",,BRL,5,1,https://www.amazon.com.br/dp/B0F9PWHLCK,https://m.media-amazon.com/images/I/71Rh94FZrRL._AC_UL960_FMwebp_QL65_.jpg,1,"R$ 149,99",False,False,False,False,Mais de 30 compras no mês passado,"Entrega R$ 32,01: 25 - 31 de jul.",False,,,"R$ 30,00",5.0,
B08KFLFD8Y,KONIG Shampoo Antibacteriano Peroxsyn - 1L,"R$ 150,07",,BRL,4.8,70,https://www.amazon.com.br/dp/B08KFLFD8Y,https://m.media-amazon.com/images/I/41jElxVQtQL._AC_UL960_FMwebp_QL65_.jpg,5,"R$ 149,90",False,False,False,False,Mais de 30 compras no mês passado,"Entrega GRÁTIS: sex., 18 de jul.",False,Líquido,,"R$ 0,15",1000.0,
B0CJPKZV4C,Perfume Her Code Eau de Parfum O Boticário 50 ml,"R$ 149,99","R$ 183,90",BRL,4.6,100,https://www.amazon.com.br/dp/B0CJPKZV4C,https://m.media-amazon.com/images/I/61fBhiMBsKL._AC_UL960_FMwebp_QL65_.jpg,1,"R$ 149,99",False,False,False,False,Mais de 40 compras no mês passado,"Entrega R$ 64,06: 31 de jul. - 7 de ago.",False,Her Code,,"R$ 2.999,80",,
B0C9SH8HJ1,OSiS+ Bounty Balm 150ml,"R$ 105,90",,BRL,4.5,277,https://www.amazon.com.br/dp/B0C9SH8HJ1,https://m.media-amazon.com/images/I/51fdlWCFvOL._AC_UL960_FMwebp_QL65_.jpg,1,"R$ 105,90",False,False,False,False,Mais de 30 compras no mês passado,"Entrega GRÁTIS: qui., 31 de jul.",False,,,,,
B0D323BPK4,Kit Juba Completo Shampoo + Condicionador + Mascara + Geleia + Mousse + Encaracolando Widi Care Tratamento,"R$ 277,30","R$ 291,90",BRL,4.8,58,https://www.amazon.com.br/dp/B0D323BPK4,https://m.media-amazon.com/images/I/611VFcG-QtL._AC_UL960_FMwebp_QL65_.jpg,1,"R$ 277,30",False,False,False,False,Mais de 50 compras no mês passado,"Entrega GRÁTIS: ter., 22 de jul.",False,,,,,
B0B92Y18GT,Perfume Importado Eau de Parfum Khamrah Lattafa,"R$ 259,00","R$ 279,90",BRL,4.6,23972,https://www.amazon.com.br/dp/B0B92Y18GT,https://m.media-amazon.com/images/I/71lRdO1+9-L._AC_UL960_FMwebp_QL65_.jpg,1,"R$ 259,00",False,False,False,False,Mais de 50 compras no mês passado,"Entrega R$ 25,65: ter., 5 de ago.",False,Masculina,,"R$ 2,59",100.0,
B09RL5867V,Sérum Rejuvenescedor Facial Glycare Night - 30ml - Ação Noturna com Retinol e Ácido Hialurônico - Auxilia na Firmeza da Pele - Textura Leve e Absorção Rápida - Mantecorp,"R$ 200,73",,BRL,4.6,293,https://www.amazon.com.br/dp/B09RL5867V,https://m.media-amazon.com/images/I/617YGT1FWhL._AC_UL960_FMwebp_QL65_.jpg,7,"R$ 200,73",False,False,False,False,Mais de 100 compras no mês passado,,False,,,,,
B0CHMWLP4G,BRAÉ ESSENTIAL SHAMPOO 1000ML,"R$ 139,00",,BRL,4.6,83,https://www.amazon.com.br/dp/B0CHMWLP4G,https://m.media-amazon.com/images/I/51bwhVcbqcL._AC_UL960_FMwebp_QL65_.jpg,9,"R$ 120,00",False,False,False,False,Mais de 100 compras no mês passado,"Entrega GRÁTIS: dom., 20 de jul.",False,Floral,,"R$ 139,00",1.0,
B09W6GW5TX,"L&#x27;Oréal Professionnel Máscara de Tratamento Curl Expression, Hidrata e Desembaraça, Acrescenta Brilho, Para cabelos crespos e cacheados, Sem Parabenos, 250g","R$ 153,90","R$ 191,90",BRL,4.6,855,https://www.amazon.com.br/dp/B09W6GW5TX,https://m.media-amazon.com/images/I/514PRU7K58L._AC_UL960_FMwebp_QL65_.jpg,1,"R$ 153,90",False,False,True,False,Mais de 100 compras no mês passado,,False,Sem perfume,,,,Oferta Prime Day
B08PPHPDSX,Alta Frequência Portátil Facial E Capilar Com 4 Eletrodos,"R$ 140,00",,BRL,4.2,271,https://www.amazon.com.br/dp/B08PPHPDSX,https://m.media-amazon.com/images/I/610vTjHfpCL._AC_UL960_FMwebp_QL65_.jpg,51,"R$ 139,00",False,False,False,False,Mais de 50 compras no mês passado,"Entrega GRÁTIS: qua., 30 de jul.",False,,,,,
B08FQCFJ6Z,ESSENCIAL SUPREME FEM DEO PARFUM 100ML,"R$ 169,00",,BRL,4.6,80,https://www.amazon.com.br/dp/B08FQCFJ6Z,https://m.media-amazon.com/images/I/414zIb8I82L._AC_UL960_FMwebp_QL65_.jpg,31,"R$ 138,99",False,False,False,False,Mais de 30 compras no mês passado,"Entrega R$ 23,08: 17 - 21 de jul.",False,Floral,,"R$ 1.690,00",,
B003H7FOEU,"OSIS Mess Up 100ml, Schwarzkopf Professional","R$ 109,90",,BRL,4.4,3641,https://www.amazon.com.br/dp/B003H7FOEU,https://m.media-amazon.com/images/I/718FxI8OK7L._AC_UL960_FMwebp_QL65_.jpg,10,"R$ 107,30",False,False,False,False,Mais de 200 compras no mês passado,"Entrega GRÁTIS: qua., 16 de jul.",False,,,,,
B092R8HJ4S,"Select One Sem Formol 1 Litro, tb, Prohall","R$ 219,90",,BRL,4.6,327,https://www.amazon.com.br/dp/B092R8HJ4S,https://m.media-amazon.com/images/I/71KLL0J-U2L._AC_UL960_FMwebp_QL65_.jpg,17,"R$ 207,90",False,False,False,False,Mais de 100 compras no mês passado,"Entrega GRÁTIS: qua., 16 de jul.",False,,,"R$ 219,90",1.0,
B0CD7KD7HQ,David Beckham Perfume Instinct Eau de Parfum Masculino 75ml,"R$ 118,60","R$ 169,60",BRL,4.4,297,https://www.amazon.com.br/dp/B0CD7KD7HQ,https://m.media-amazon.com/images/I/61gLesr-7KL._AC_UL960_FMwebp_QL65_.jpg,1,"R$ 118,60",False,False,True,False,Mais de 40 compras no mês passado,,False,"Fougère cítrico, Cítrico",,"R$ 1,58",75.0,Oferta Prime Day
B095TQ3Q3R,ROSA SELVAGEM OLEO CORPO ROSA MOSQUETA 100ML,"R$ 97,91","R$ 108,14",BRL,4.5,734,https://www.amazon.com.br/dp/B095TQ3Q3R,https://m.media-amazon.com/images/I/619KffWt55L._AC_UL960_FMwebp_QL65_.jpg,9,"R$ 96,00",False,False,False,False,Mais de 100 compras no mês passado,"Entrega GRÁTIS: qua., 16 de jul.",False,,,,,
B0CV4M4Q82,Kit para Barba Shampoo Balm e Óleo Ice Forest - Barba de Macho,"R$ 150,00",,BRL,4.4,28,https://www.amazon.com.br/dp/B0CV4M4Q82,https://m.media-amazon.com/images/I/71P7a6wjnBL._AC_UL960_FMwebp_QL65_.jpg,1,"R$ 150,00",False,False,False,False,Mais de 50 compras no mês passado,"Entrega GRÁTIS: sex., 1 de ago.",False,,,"R$ 50,00",3.0,
B0C6FM33NK,"Kérastase Shampoo Genesis Bain Nutri-Fortifiant, Cabelos com queda, Cabelo grossos, Prevenção da queda, Flor de Edelweiss, Raiz de gengibre, 250 ml","R$ 189,00",,BRL,4.8,248,https://www.amazon.com.br/dp/B0C6FM33NK,https://m.media-amazon.com/images/I/61zfELtbw8L._AC_UL960_FMwebp_QL65_.jpg,1,"R$ 189,00",False,True,False,False,Mais de 300 compras no mês passado,"Entrega GRÁTIS: qua., 16 de jul.",False,Floral,,,,Escolha
B094R6X5QW,"Kérastase Shampoo Curl Manifesto Bain Hydratation Douceur, Cabelos cacheados ou crespos, Definição de cachos, Mel de Manuka, Glicerina, Ceramidas, 250 ml","R$ 189,90","R$ 211,90",BRL,4.6,3051,https://www.amazon.com.br/dp/B094R6X5QW,https://m.media-amazon.com/images/I/51BOgI6uQ+L._AC_UL960_FMwebp_QL65_.jpg,1,"R$ 189,90",False,False,False,False,Mais de 300 compras no mês passado,"Entrega GRÁTIS: Amanhã, 14 de jul.Ou entrega mais rápida: Hoje",False,Floral,,,,
B0CHMWLP4G,BRAÉ ESSENTIAL SHAMPOO 1000ML,"R$ 139,00",,BRL,4.6,83,https://www.amazon.com.br/dp/B0CHMWLP4G,https://m.media-amazon.com/images/I/51bwhVcbqcL._AC_UL960_FMwebp_QL65_.jpg,9,"R$ 120,00",False,False,False,False,Mais de 100 compras no mês passado,"Entrega GRÁTIS: dom., 20 de jul.",False,Floral,,"R$ 139,00",1.0,
B09W6GW5TX,"L&#x27;Oréal Professionnel Máscara de Tratamento Curl Expression, Hidrata e Desembaraça, Acrescenta Brilho, Para cabelos crespos e cacheados, Sem Parabenos, 250g","R$ 153,90","R$ 191,90",BRL,4.6,855,https://www.amazon.com.br/dp/B09W6GW5TX,https://m.media-amazon.com/images/I/514PRU7K58L._AC_UL960_FMwebp_QL65_.jpg,1,"R$ 153,90",False,False,True,False,Mais de 100 compras no mês passado,,False,Sem perfume,,,,Oferta Prime Day
B08PPHPDSX,Alta Frequência Portátil Facial E Capilar Com 4 Eletrodos,"R$ 140,00",,BRL,4.2,271,https://www.amazon.com.br/dp/B08PPHPDSX,https://m.media-amazon.com/images/I/610vTjHfpCL._AC_UL960_FMwebp_QL65_.jpg,51,"R$ 139,00",False,False,False,False,Mais de 50 compras no mês passado,"Entrega GRÁTIS: qua., 30 de jul.",False,,,,,
B08FQCFJ6Z,ESSENCIAL SUPREME FEM DEO PARFUM 100ML,"R$ 169,00",,BRL,4.6,80,https://www.amazon.com.br/dp/B08FQCFJ6Z,https://m.media-amazon.com/images/I/414zIb8I82L._AC_UL960_FMwebp_QL65_.jpg,31,"R$ 138,99",False,False,False,False,Mais de 30 compras no mês passado,"Entrega R$ 23,08: 17 - 21 de jul.",False,Floral,,"R$ 1.690,00",,
B003H7FOEU,"OSIS Mess Up 100ml, Schwarzkopf Professional","R$ 109,90",,BRL,4.4,3641,https://www.amazon.com.br/dp/B003H7FOEU,https://m.media-amazon.com/images/I/718FxI8OK7L._AC_UL960_FMwebp_QL65_.jpg,10,"R$ 107,30",False,False,False,False,Mais de 200 compras no mês passado,"Entrega GRÁTIS: qua., 16 de jul.",False,,,,,
B092R8HJ4S,"Select One Sem Formol 1 Litro, tb, Prohall","R$ 219,90",,BRL,4.6,327,https://www.amazon.com.br/dp/B092R8HJ4S,https://m.media-amazon.com/images/I/71KLL0J-U2L._AC_UL960_FMwebp_QL65_.jpg,17,"R$ 207,90",False,False,False,False,Mais de 100 compras no mês passado,"Entrega GRÁTIS: qua., 16 de jul.",False,,,"R$ 219,90",1.0,
B0CD7KD7HQ,David Beckham Perfume Instinct Eau de Parfum Masculino 75ml,"R$ 118,60","R$ 169,60",BRL,4.4,297,https://www.amazon.com.br/dp/B0CD7KD7HQ,https://m.media-amazon.com/images/I/61gLesr-7KL._AC_UL960_FMwebp_QL65_.jpg,1,"R$ 118,60",False,False,True,False,Mais de 40 compras no mês passado,,False,"Fougère cítrico, Cítrico",,"R$ 1,58",75.0,Oferta Prime Day
B095TQ3Q3R,ROSA SELVAGEM OLEO CORPO ROSA MOSQUETA 100ML,"R$ 97,91","R$ 108,14",BRL,4.5,734,https://www.amazon.com.br/dp/B095TQ3Q3R,https://m.media-amazon.com/images/I/619KffWt55L._AC_UL960_FMwebp_QL65_.jpg,9,"R$ 96,00",False,False,False,False,Mais de 100 compras no mês passado,"Entrega GRÁTIS: qua., 16 de jul.",False,,,,,
B0CV4M4Q82,Kit para Barba Shampoo Balm e Óleo Ice Forest - Barba de Macho,"R$ 150,00",,BRL,4.4,28,https://www.amazon.com.br/dp/B0CV4M4Q82,https://m.media-amazon.com/images/I/71P7a6wjnBL._AC_UL960_FMwebp_QL65_.jpg,1,"R$ 150,00",False,True,False,False,Mais de 50 compras no mês passado,"Entrega GRÁTIS: sex., 1 de ago.",False,,,"R$ 50,00",3.0,Escolha
B0C6FM33NK,"Kérastase Shampoo Genesis Bain Nutri-Fortifiant, Cabelos com queda, Cabelo grossos, Prevenção da queda, Flor de Edelweiss, Raiz de gengibre, 250 ml","R$ 189,00",,BRL,4.8,248,https://www.amazon.com.br/dp/B0C6FM33NK,https://m.media-amazon.com/images/I/61zfELtbw8L._AC_UL960_FMwebp_QL65_.jpg,1,"R$ 189,00",False,False,False,False,Mais de 300 compras no mês passado,"Entrega GRÁTIS: qua., 16 de jul.",False,Floral,,,,
B094R6X5QW,"Kérastase Shampoo Curl Manifesto Bain Hydratation Douceur, Cabelos cacheados ou crespos, Definição de cachos, Mel de Manuka, Glicerina, Ceramidas, 250 ml","R$ 189,90","R$ 211,90",BRL,4.6,3051,https://www.amazon.com.br/dp/B094R6X5QW,https://m.media-amazon.com/images/I/51BOgI6uQ+L._AC_UL960_FMwebp_QL65_.jpg,1,"R$ 189,90",False,False,False,False,Mais de 300 compras no mês passado,"Entrega GRÁTIS: Amanhã, 14 de jul.Ou entrega mais rápida: Hoje",False,Floral,,,,
B0CZTXZYKN,Caudalie Máscara Detox Instantâneo - 75 mL,"R$ 239,00",,BRL,4.7,111,https://www.amazon.com.br/dp/B0CZTXZYKN,https://m.media-amazon.com/images/I/615EgvneW9L._AC_UL960_FMwebp_QL65_.jpg,1,"R$ 239,00",False,False,False,False,Mais de 40 compras no mês passado,"Entrega GRÁTIS: qua., 16 de jul.",False,,,"R$ 3,19",75.0,
B079ZYY847,Black XS Eau de Toilette Masculino 100 ml,"R$ 490,00",,BRL,4.5,725,https://www.amazon.com.br/dp/B079ZYY847,https://m.media-amazon.com/images/I/51l8-bYqt7L._AC_UL960_FMwebp_QL65_.jpg,12,"R$ 455,99",False,False,False,False,Mais de 30 compras no mês passado,"Entrega R$ 24,78: ter., 5 de ago.Ou entrega mais rápida: 17 - 21 de jul.",False,Âmbar,,,,
B07TH165V3,G.HAIR Kit de tratamento de queratina suavizante com fórmula original (3 passos) 1 litro,"R$ 169,90",,BRL,4.5,483,https://www.amazon.com.br/dp/B07TH165V3,https://m.media-amazon.com/images/I/71zmCYG0scL._AC_UL960_FMwebp_QL65_.jpg,8,"R$ 151,00",False,False,False,False,,"Entrega GRÁTIS: dom., 20 de jul.",False,,,"R$ 169,90",1.0,
B01CGE9AAS,"Desodorante Ideal Finish Roll on 50ml, Vichy, Branco","R$ 163,69",,BRL,4.5,210,https://www.amazon.com.br/dp/B01CGE9AAS,https://m.media-amazon.com/images/I/51Xt8wwky2L._AC_UL960_FMwebp_QL65_.jpg,6,"R$ 160,00",False,False,False,False,Mais de 50 compras no mês passado,"Entrega GRÁTIS: Amanhã, 14 de jul.Ou entrega mais rápida: Hoje",False,,,,,
B0CV7G1G6G,CHANSON D&#x27;EAU Perfume Lemon Eau de Toilette Feminino 100ml,"R$ 106,00",,BRL,4.1,123,https://www.amazon.com.br/dp/B0CV7G1G6G,https://m.media-amazon.com/images/I/61Pr+sO4A-L._AC_UL960_FMwebp_QL65_.jpg,8,"R$ 80,68",False,False,False,False,Mais de 50 compras no mês passado,"Entrega GRÁTIS: ter., 15 de jul.",False,Cítrico,,"R$ 106,00",1.0,
B0D4GLGFP6,Bed Head Recovery - Condicionador para Cabelos Ressecados 750ml,"R$ 121,05",,BRL,4.9,11,https://www.amazon.com.br/dp/B0D4GLGFP6,https://m.media-amazon.com/images/I/51Ilt5379ZL._AC_UL960_FMwebp_QL65_.jpg,3,"R$ 119,00",False,False,False,False,,"Entrega GRÁTIS: qua., 16 de jul.",False,Cítrico,,"R$ 121,05",1.0,
B07MJHXM38,Senscience True Hue Kit Duo Shampoo Condicionador 1 litro,"R$ 471,00",,BRL,4.5,143,https://www.amazon.com.br/dp/B07MJHXM38,https://m.media-amazon.com/images/I/51WVbcOwQ8L._AC_UL960_FMwebp_QL65_.jpg,6,"R$ 439,00",False,False,False,False,Mais de 50 compras no mês passado,"Entrega GRÁTIS: ter., 29 de jul.",False,,,,,
B01M6UNI9W,"Kérastase Condicionador Densifique Fondant Densité, Sem densidade e volume, Densidade, volume, Ácido Hialurônico, 200 ml","R$ 209,90",,BRL,4.6,886,https://www.amazon.com.br/dp/B01M6UNI9W,https://m.media-amazon.com/images/I/61Rneo+wb9L._AC_UL960_FMwebp_QL65_.jpg,1,"R$ 209,90",False,False,False,False,Mais de 1 mil compras no mês passado,"Entrega GRÁTIS: Amanhã, 14 de jul.Ou entrega mais rápida: Hoje",False,Floral,,,,
B08NWTM5HQ,Micro Touch Microtouch Aparador Pessoal Titanium Max Preto,"R$ 127,43",,BRL,4.4,39726,https://www.amazon.com.br/dp/B08NWTM5HQ,https://m.media-amazon.com/images/I/51TCah53rGL._AC_UL960_FMwebp_QL65_.jpg,2,"R$ 126,89",False,False,False,False,Mais de 100 compras no mês passado,"Entrega GRÁTIS: qua., 16 de jul.",False,,,"R$ 127,43",1.0,
B004Z79JWE,Kit Wella Cronograma Capilar Fios Perfeitos (3 Produtos) BLZ,"R$ 352,90",,BRL,4.7,802,https://www.amazon.com.br/dp/B004Z79JWE,https://m.media-amazon.com/images/I/61zRXotxg2L._AC_UL960_FMwebp_QL65_.jpg,1,"R$ 352,90",False,False,False,False,Mais de 400 compras no mês passado,"Entrega GRÁTIS: qua., 16 de jul.",False,,,"R$ 352,90",1.0,
B0C63TVSBX,Cetaphil Pro AD Restoraderm Creme Hidratante 227g,"R$ 109,20",,BRL,4.7,119,https://www.amazon.com.br/dp/B0C63TVSBX,https://m.media-amazon.com/images/I/51UBW7JTQoL._AC_UL960_FMwebp_QL65_.jpg,1,"R$ 109,20",False,False,False,False,Mais de 400 compras no mês passado,"Entrega GRÁTIS: Amanhã, 14 de jul.Ou entrega mais rápida: Hoje",False,,,,,
B0BLT4LT1K,Real Techniques - Kit 4 pincéis Base e Face,"R$ 131,47","R$ 166,90",BRL,4.6,1694,https://www.amazon.com.br/dp/B0BLT4LT1K,https://m.media-amazon.com/images/I/719Pm8xrSCL._AC_UL960_FMwebp_QL65_.jpg,1,"R$ 131,47",False,False,False,False,Mais de 100 compras no mês passado,"Entrega GRÁTIS: Amanhã, 14 de jul.Ou entrega mais rápida: Hoje",False,TAKON,,"R$ 32,87",4.0,
B09WDRFSLN,"La Roche Posay, Effaclar H Iso-biome, Hidratante Facial, 40 Ml","R$ 131,10",,BRL,4.6,1257,https://www.amazon.com.br/dp/B09WDRFSLN,https://m.media-amazon.com/images/I/61QVD9C-ZCL._AC_UL960_FMwebp_QL65_.jpg,1,"R$ 131,10",False,False,False,False,Mais de 40 compras no mês passado,"Entrega R$ 16,90: 31 de jul. - 7 de ago.",False,,,,,
B002JA0IJM,DAVIDOFF COOL WATER MAN EDT 200ML,"R$ 245,99",,BRL,4.6,4557,https://www.amazon.com.br/dp/B002JA0IJM,https://m.media-amazon.com/images/I/51l2oPNIxOL._AC_UL960_FMwebp_QL65_.jpg,16,"R$ 229,90",False,False,False,False,Mais de 200 compras no mês passado,"Entrega GRÁTIS: sáb., 19 de jul.",False,,,,,
B07VMBN63R,"Pigmentbio Foaming Limpeza Clareadora Para Rosto e Corpo, Bioderma, 200 Ml","R$ 139,90",,BRL,4.6,5520,https://www.amazon.com.br/dp/B07VMBN63R,https://m.media-amazon.com/images/I/419cRpxyoNL._AC_UL960_FMwebp_QL65_.jpg,7,"R$ 111,00",False,False,False,False,Mais de 200 compras no mês passado,"Entrega GRÁTIS: dom., 20 de jul.",False,,,,,
B07KSD84NN,Wella Professionals Invigo Nutri-enrich Shampoo 1000ml,"R$ 159,90",,BRL,4.8,2736,https://www.amazon.com.br/dp/B07KSD84NN,https://m.media-amazon.com/images/I/61srWhS5mmL._AC_UL960_FMwebp_QL65_.jpg,23,"R$ 132,90",False,False,False,False,Mais de 300 compras no mês passado,"Entrega GRÁTIS: dom., 20 de jul.",False,,,"R$ 159,90",1.0,
B0851T16S3,"Processador Oster Compacto 3 em 1, 110V, Preto, 300W, OMPR670","R$ 279,99",,BRL,4.3,1461,https://www.amazon.com.br/dp/B0851T16S3,https://m.media-amazon.com/images/I/51HHZVWESzL._AC_UL960_FMwebp_QL65_.jpg,5,"R$ 208,05",False,False,False,False,Mais de 700 compras no mês passado,"Entrega GRÁTIS: Amanhã, 14 de jul.Ou entrega mais rápida: Hoje",False,,,,,
B074ZKKV17,Perfume masculino 212 Vip Black Carolina Herrera,"R$ 399,90",,BRL,4.7,4378,https://www.amazon.com.br/dp/B074ZKKV17,https://m.media-amazon.com/images/I/416wavB7NYL._AC_UL960_FMwebp_QL65_.jpg,16,"R$ 388,20",False,False,False,False,,"Entrega GRÁTIS: sáb., 19 de jul.",False,Aromático,,,,
B076HYDDZL,"KIT TRAVEL SHINE Bivolt, PHILCO","R$ 139,90",,BRL,4.6,642,https://www.amazon.com.br/dp/B076HYDDZL,https://m.media-amazon.com/images/I/51FyGQs9X9L._AC_UL960_FMwebp_QL65_.jpg,1,"R$ 139,90",False,False,False,False,Mais de 200 compras no mês passado,"Entrega GRÁTIS: Amanhã, 14 de jul.Ou entrega mais rápida: Hoje",False,,,,,
B0CCF6RSRH,Lattafa Fakhar Gold Extrait Eau de Parfum 100Ml,"R$ 227,03",,BRL,4.6,2366,https://www.amazon.com.br/dp/B0CCF6RSRH,https://m.media-amazon.com/images/I/51lG6x3vtwL._AC_UL960_FMwebp_QL65_.jpg,22,"R$ 227,03",False,False,False,False,Mais de 100 compras no mês passado,,False,Fakhar,,,,
B0C3DJ72NP,Apse Cachos Shampoo e Condicionador e Máscara e Ativador,"R$ 148,10",,BRL,4.5,435,https://www.amazon.com.br/dp/B0C3DJ72NP,https://m.media-amazon.com/images/I/51bFdf7nI8L._AC_UL960_FMwebp_QL65_.jpg,13,"R$ 139,90",False,False,False,False,Mais de 200 compras no mês passado,"Entrega GRÁTIS: qua., 16 de jul.",False,,,"R$ 37,03",4.0,
B079816LFD,Adcos Filtro Solar Ultra FPS55 Gel Creme 120g,"R$ 188,00",,BRL,4.7,282,https://www.amazon.com.br/dp/B079816LFD,https://m.media-amazon.com/images/I/419w2XYkC4L._AC_UL960_FMwebp_QL65_.jpg,8,"R$ 175,00",False,False,False,False,Mais de 50 compras no mês passado,"Entrega GRÁTIS: qua., 16 de jul.",False,,,,,
B09NC9DHMF,"Photoage Stick, Filtro Solar com Cor em Bastão, FPS99 e FPUVA35, Proteção UVA e UVB, Fórmula com Ácido Hialurônico, Acabamento Mate, Cor Nude, 12g","R$ 134,90",,BRL,4.6,219,https://www.amazon.com.br/dp/B09NC9DHMF,https://m.media-amazon.com/images/I/31zMWj-AELL._AC_UL960_FMwebp_QL65_.jpg,6,"R$ 123,95",False,False,False,False,Mais de 100 compras no mês passado,"Entrega GRÁTIS: sex., 18 de jul.",False,,,,,
B0DLH881SC,Océane - Fairytale Palette - Paleta Multifuncional./Única,"R$ 172,40",,BRL,4.9,18,https://www.amazon.com.br/dp/B0DLH881SC,https://m.media-amazon.com/images/I/51STWHf3O9L._AC_UL960_FMwebp_QL65_.jpg,1,"R$ 172,40",False,False,False,False,Mais de 100 compras no mês passado,"Entrega R$ 20,87: 24 - 29 de jul.",False,Pó,,"R$ 172,40",1.0,
B08DG3PL2S,Máquina de Corte 127V Home Cut Cinza/Azul WAHL,"R$ 102,99",,BRL,4.5,894,https://www.amazon.com.br/dp/B08DG3PL2S,https://m.media-amazon.com/images/I/619YxV2LAML._AC_UL960_FMwebp_QL65_.jpg,1,"R$ 102,99",False,False,False,False,Mais de 50 compras no mês passado,"Entrega R$ 25,41: 15 - 26 de ago.",False,,,,,
B01BVV4796,"Night Density Rescue Terapia Intensiva 70ml, Nioxin","R$ 125,00","R$ 135,00",BRL,4.4,460,https://www.amazon.com.br/dp/B01BVV4796,https://m.media-amazon.com/images/I/61PmOkKZKPL._AC_UL960_FMwebp_QL65_.jpg,7,"R$ 105,86",False,False,False,False,Mais de 50 compras no mês passado,"Entrega GRÁTIS: ter., 22 de jul.",False,,,,,
B0DSCBHWNG,TRUSS Uso Obrigatório - Óleo Capilar Reconstrutor 60ml,"R$ 101,90","R$ 116,99",BRL,5,2,https://www.amazon.com.br/dp/B0DSCBHWNG,https://m.media-amazon.com/images/I/51+FT3Iu6YL._AC_UL960_FMwebp_QL65_.jpg,1,"R$ 101,90",False,False,False,False,Mais de 20 compras no mês passado,Entrega GRÁTIS: 13 - 22 de ago.,False,,,"R$ 101,90",1.0,
B0DY859RNW,Principia Kit Limpeza Profunda Todos os tipos de pele Gel de limpeza GL-02 + Oleo de Limpeza OL-01,"R$ 102,60",,BRL,4.6,3,https://www.amazon.com.br/dp/B0DY859RNW,https://m.media-amazon.com/images/I/51soCgWnCcL._AC_UL960_FMwebp_QL65_.jpg,1,"R$ 102,60",False,False,False,False,Mais de 50 compras no mês passado,,False,,,,,
B08LHFS61Z,Kit Joico Moisture Recovery Duo Shampoo e Condicionador,"R$ 225,99",,BRL,4.7,451,https://www.amazon.com.br/dp/B08LHFS61Z,https://m.media-amazon.com/images/I/71sd8vf7ExL._AC_UL960_FMwebp_QL65_.jpg,1,"R$ 225,99",False,False,False,False,Mais de 50 compras no mês passado,"Entrega GRÁTIS: dom., 20 de jul.",False,,,,,
B000XB8Y4A,NPPE SH-RD Protein Cream 150ml,"R$ 359,90",,BRL,4.8,147,https://www.amazon.com.br/dp/B000XB8Y4A,https://m.media-amazon.com/images/I/51CTCxgeDTL._AC_UL960_FMwebp_QL65_.jpg,1,"R$ 359,90",False,False,False,False,Mais de 100 compras no mês passado,"Entrega GRÁTIS: qua., 23 de jul.",False,,,,,
B00T5FUV7S,"Elizavecca, Creme para cabelo Milky Piggy Colágeno para Revestimento de proteína Íons de Proteína, 50ml","R$ 178,01","R$ 192,70",BRL,4.4,6013,https://www.amazon.com.br/dp/B00T5FUV7S,https://m.media-amazon.com/images/I/61d5vm7TYCL._AC_UL960_FMwebp_QL65_.jpg,4,"R$ 120,00",False,False,True,False,Mais de 40 compras no mês passado,"Entrega R$ 8,90: ter., 5 de ago.",False,Sem perfume,,"R$ 3.560,20",,
B07M7XX357,Kit Shampoo e Condicionador Deva Curl Original 2x355ml,"R$ 139,90",,BRL,4.6,277,https://www.amazon.com.br/dp/B07M7XX357,https://m.media-amazon.com/images/I/41YcVtEcK8L._AC_UL960_FMwebp_QL65_.jpg,12,"R$ 139,20",False,False,False,False,Mais de 50 compras no mês passado,"Entrega GRÁTIS: dom., 20 de jul.",False,,,,,
B071D4D5DT,The Ordinary AHA 30% + BHA 2% Peeling Solution 30ml - Esfoliante Facial - Tratamento,"R$ 139,90","R$ 147,90",BRL,4.5,25417,https://www.amazon.com.br/dp/B071D4D5DT,https://m.media-amazon.com/images/I/61Q3p6G4DgL._AC_UL960_FMwebp_QL65_.jpg,7,"R$ 123,91",False,False,False,False,Mais de 100 compras no mês passado,"Entrega GRÁTIS: ter., 19 de ago.",False,,,"R$ 4.663,33",,
B084H35WBY,La Roche-Posay Lipikar Baume AP + M - Hidratante Corporal 75ml,"R$ 106,99",,BRL,4.7,373,https://www.amazon.com.br/dp/B084H35WBY,https://m.media-amazon.com/images/I/41mQeNL2ZSL._AC_UL960_FMwebp_QL65_.jpg,1,"R$ 106,99",False,False,False,False,Mais de 50 compras no mês passado,"Entrega GRÁTIS: dom., 20 de jul.",False,,,,,
B0CDSMV1W3,Apse África Baobá Shampoo e Cond e Creme Pentear e Máscara,"R$ 164,90",,BRL,4.6,117,https://www.amazon.com.br/dp/B0CDSMV1W3,https://m.media-amazon.com/images/I/51EpU4rfk8L._AC_UL960_FMwebp_QL65_.jpg,7,"R$ 126,82",False,False,False,False,Mais de 50 compras no mês passado,"Entrega GRÁTIS: qua., 16 de jul.",False,,,"R$ 41,23",4.0,
B08H3J7XYW,Una Senses Deo Parfum Natura Feminino 75ml,"R$ 149,90",,BRL,4.6,99,https://www.amazon.com.br/dp/B08H3J7XYW,https://m.media-amazon.com/images/I/515-LZob5ZL._AC_UL960_FMwebp_QL65_.jpg,46,"R$ 145,00",False,False,False,False,Mais de 50 compras no mês passado,"Entrega R$ 22,65: 31 de jul. - 7 de ago.Ou entrega mais rápida: 21 - 28 de jul.",False,,,"R$ 149,90",1.0,
B0C9KPBSV2,"Ralph Lauren, Polo Green, Eau de Toilette, 125ml","R$ 479,90",,BRL,4.6,702,https://www.amazon.com.br/dp/B0C9KPBSV2,https://m.media-amazon.com/images/I/61PHDiKgqIL._AC_UL960_FMwebp_QL65_.jpg,1,"R$ 479,90",False,False,False,False,Mais de 50 compras no mês passado,"Entrega GRÁTIS: sáb., 19 de jul.",False,Madeira,,,,
B08DG3PL2S,Máquina de Corte 127V Home Cut Cinza/Azul WAHL,"R$ 102,99",,BRL,4.5,894,https://www.amazon.com.br/dp/B08DG3PL2S,https://m.media-amazon.com/images/I/619YxV2LAML._AC_UL960_FMwebp_QL65_.jpg,1,"R$ 102,99",False,False,False,False,Mais de 50 compras no mês passado,"Entrega R$ 25,41: 15 - 26 de ago.",False,,,,,
B01BVV4796,"Night Density Rescue Terapia Intensiva 70ml, Nioxin","R$ 125,00","R$ 135,00",BRL,4.4,460,https://www.amazon.com.br/dp/B01BVV4796,https://m.media-amazon.com/images/I/61PmOkKZKPL._AC_UL960_FMwebp_QL65_.jpg,7,"R$ 105,86",False,False,False,False,Mais de 50 compras no mês passado,"Entrega GRÁTIS: ter., 22 de jul.",False,,,,,
B0DSCBHWNG,TRUSS Uso Obrigatório - Óleo Capilar Reconstrutor 60ml,"R$ 101,90","R$ 116,99",BRL,5,2,https://www.amazon.com.br/dp/B0DSCBHWNG,https://m.media-amazon.com/images/I/51+FT3Iu6YL._AC_UL960_FMwebp_QL65_.jpg,1,"R$ 101,90",False,False,False,False,Mais de 20 compras no mês passado,Entrega GRÁTIS: 13 - 22 de ago.,False,,,"R$ 101,90",1.0,
B0DY859RNW,Principia Kit Limpeza Profunda Todos os tipos de pele Gel de limpeza GL-02 + Oleo de Limpeza OL-01,"R$ 102,60",,BRL,4.6,3,https://www.amazon.com.br/dp/B0DY859RNW,https://m.media-amazon.com/images/I/51soCgWnCcL._AC_UL960_FMwebp_QL65_.jpg,1,"R$ 102,60",False,False,False,False,Mais de 50 compras no mês passado,,False,,,,,
B08LHFS61Z,Kit Joico Moisture Recovery Duo Shampoo e Condicionador,"R$ 225,99",,BRL,4.7,451,https://www.amazon.com.br/dp/B08LHFS61Z,https://m.media-amazon.com/images/I/71sd8vf7ExL._AC_UL960_FMwebp_QL65_.jpg,1,"R$ 225,99",False,False,False,False,Mais de 50 compras no mês passado,"Entrega GRÁTIS: dom., 20 de jul.",False,,,,,
B000XB8Y4A,NPPE SH-RD Protein Cream 150ml,"R$ 359,90",,BRL,4.8,147,https://www.amazon.com.br/dp/B000XB8Y4A,https://m.media-amazon.com/images/I/51CTCxgeDTL._AC_UL960_FMwebp_QL65_.jpg,1,"R$ 359,90",False,False,False,False,Mais de 100 compras no mês passado,"Entrega GRÁTIS: qua., 23 de jul.",False,,,,,
B00T5FUV7S,"Elizavecca, Creme para cabelo Milky Piggy Colágeno para Revestimento de proteína Íons de Proteína, 50ml","R$ 178,01","R$ 192,70",BRL,4.4,6013,https://www.amazon.com.br/dp/B00T5FUV7S,https://m.media-amazon.com/images/I/61d5vm7TYCL._AC_UL960_FMwebp_QL65_.jpg,4,"R$ 120,00",False,False,True,False,Mais de 40 compras no mês passado,"Entrega R$ 8,90: ter., 5 de ago.",False,Sem perfume,,"R$ 3.560,20",,
B07M7XX357,Kit Shampoo e Condicionador Deva Curl Original 2x355ml,"R$ 139,90",,BRL,4.6,277,https://www.amazon.com.br/dp/B07M7XX357,https://m.media-amazon.com/images/I/41YcVtEcK8L._AC_UL960_FMwebp_QL65_.jpg,12,"R$ 139,20",False,False,False,False,Mais de 50 compras no mês passado,"Entrega GRÁTIS: dom., 20 de jul.",False,,,,,
B071D4D5DT,The Ordinary AHA 30% + BHA 2% Peeling Solution 30ml - Esfoliante Facial - Tratamento,"R$ 139,90","R$ 147,90",BRL,4.5,25417,https://www.amazon.com.br/dp/B071D4D5DT,https://m.media-amazon.com/images/I/61Q3p6G4DgL._AC_UL960_FMwebp_QL65_.jpg,7,"R$ 123,91",False,False,False,False,Mais de 100 compras no mês passado,"Entrega GRÁTIS: ter., 19 de ago.",False,,,"R$ 4.663,33",,
B084H35WBY,La Roche-Posay Lipikar Baume AP + M - Hidratante Corporal 75ml,"R$ 106,99",,BRL,4.7,373,https://www.amazon.com.br/dp/B084H35WBY,https://m.media-amazon.com/images/I/41mQeNL2ZSL._AC_UL960_FMwebp_QL65_.jpg,1,"R$ 106,99",False,False,False,False,Mais de 50 compras no mês passado,"Entrega GRÁTIS: dom., 20 de jul.",False,,,,,
B0CDSMV1W3,Apse África Baobá Shampoo e Cond e Creme Pentear e Máscara,"R$ 164,90",,BRL,4.6,117,https://www.amazon.com.br/dp/B0CDSMV1W3,https://m.media-amazon.com/images/I/51EpU4rfk8L._AC_UL960_FMwebp_QL65_.jpg,7,"R$ 126,82",False,False,False,False,Mais de 50 compras no mês passado,"Entrega GRÁTIS: qua., 16 de jul.",False,,,"R$ 41,23",4.0,
B08H3J7XYW,Una Senses Deo Parfum Natura Feminino 75ml,"R$ 149,90",,BRL,4.6,99,https://www.amazon.com.br/dp/B08H3J7XYW,https://m.media-amazon.com/images/I/515-LZob5ZL._AC_UL960_FMwebp_QL65_.jpg,46,"R$ 145,00",False,False,False,False,Mais de 50 compras no mês passado,"Entrega R$ 22,65: 31 de jul. - 7 de ago.Ou entrega mais rápida: 21 - 28 de jul.",False,,,"R$ 149,90",1.0,
B0C9KPBSV2,"Ralph Lauren, Polo Green, Eau de Toilette, 125ml","R$ 479,90",,BRL,4.6,702,https://www.amazon.com.br/dp/B0C9KPBSV2,https://m.media-amazon.com/images/I/61PHDiKgqIL._AC_UL960_FMwebp_QL65_.jpg,1,"R$ 479,90",False,False,False,False,Mais de 50 compras no mês passado,"Entrega GRÁTIS: sáb., 19 de jul.",False,Madeira,,,,
B0D9KH63ZM,NATURA EKOS RYO CHUVA DESODORANTE COLONIA 75ml,"R$ 109,90","R$ 122,00",BRL,4.7,20,https://www.amazon.com.br/dp/B0D9KH63ZM,https://m.media-amazon.com/images/I/61IkR4uZBdL._AC_UL960_FMwebp_QL65_.jpg,1,"R$ 109,90",False,False,False,False,,"Entrega R$ 27,82: 23 - 25 de jul.",False,Fresh,,"R$ 109,90",1.0,
B09GSQC3WN,"L&#x27;Oréal Professionnel Condicionador Pro Longer, Reduz a Quebra e a Aparência de Pontas Duplas, Adiciona Volume e Brilho, Para cabelos finos e com afinamento, 200ml","R$ 111,90","R$ 136,90",BRL,4.7,635,https://www.amazon.com.br/dp/B09GSQC3WN,https://m.media-amazon.com/images/I/41SpCP3pTdL._AC_UL960_FMwebp_QL65_.jpg,1,"R$ 111,90",False,False,True,False,Mais de 500 compras no mês passado,,False,,,,,Oferta Prime Day
B0B2M6HJJF,Botica 214 Verano En Firenze Eau De Parfum Fougère Aromático O Boticário,"R$ 167,90",,BRL,4.4,22,https://www.amazon.com.br/dp/B0B2M6HJJF,https://m.media-amazon.com/images/I/51eGCZ1sD5L._AC_UL960_FMwebp_QL65_.jpg,17,"R$ 167,90",False,False,False,False,,,False,Fougère Aromático,,,,
B08GL458G9,AVON RENEW REVERSALIST DIA+NOITE CREME ANTI-IDADE FPS25-50G,"R$ 122,99",,BRL,4.7,57,https://www.amazon.com.br/dp/B08GL458G9,https://m.media-amazon.com/images/I/51CoWV9ISUL._AC_UL960_FMwebp_QL65_.jpg,13,"R$ 119,90",False,False,False,False,Mais de 20 compras no mês passado,"Entrega GRÁTIS: seg., 21 de jul.",False,,,"R$ 122,99",1.0,
B0C3SHDT3R,Vichy Dercos Sérum Energy+ 50Ml,"R$ 210,53",,BRL,4.6,249,https://www.amazon.com.br/dp/B0C3SHDT3R,https://m.media-amazon.com/images/I/51Pvj1UfzjL._AC_UL960_FMwebp_QL65_.jpg,1,"R$ 210,53",False,False,False,False,Mais de 300 compras no mês passado,"Entrega GRÁTIS: ter., 15 de jul.",False,,,,,
B08JKMCXS6,Shampoo 250ml + Condicionador 250ml Nounou Davines +,"R$ 389,90",,BRL,4.3,13,https://www.amazon.com.br/dp/B08JKMCXS6,https://m.media-amazon.com/images/I/41ox6LVOb5L._AC_UL960_FMwebp_QL65_.jpg,1,"R$ 389,90",False,False,False,False,,"Entrega GRÁTIS: qua., 16 de jul.",False,,,"R$ 389,90",1.0,
B010FKK9P0,"Lily Creme Acetinado Hidratante Desodorante Corporal, 250g","R$ 119,90",,BRL,4.8,1792,https://www.amazon.com.br/dp/B010FKK9P0,https://m.media-amazon.com/images/I/51JtZoU95lL._AC_UL960_FMwebp_QL65_.jpg,39,"R$ 98,00",False,False,False,False,Mais de 50 compras no mês passado,"Entrega GRÁTIS: qua., 16 de jul.",False,,,"R$ 0,48",250.0,
B0D2YYF2L5,EUDORA EDP ROUGE 75ml,"R$ 165,99",,BRL,4.8,8,https://www.amazon.com.br/dp/B0D2YYF2L5,https://m.media-amazon.com/images/I/61cpztr3ULL._AC_UL960_FMwebp_QL65_.jpg,7,"R$ 145,00",False,False,False,False,,"Entrega GRÁTIS: qui., 17 de jul.",False,Floral,,"R$ 165,99",1.0,
B07V8ZVBNC,Escova Rotativa Philco PEC04V Spin Brush 1100W 220V,"R$ 229,00",,BRL,4.5,1273,https://www.amazon.com.br/dp/B07V8ZVBNC,https://m.media-amazon.com/images/I/417OveSOWdL._AC_UL960_FMwebp_QL65_.jpg,7,"R$ 136,26",False,False,False,False,Mais de 700 compras no mês passado,"Entrega R$ 30,08: qui., 31 de jul.",False,,,,,
B0C9G2HWJ8,GA.MA ITALY Secador de Cabelo Gama Gold Ion 2200W 220V,"R$ 251,64",,BRL,4.5,564,https://www.amazon.com.br/dp/B0C9G2HWJ8,https://m.media-amazon.com/images/I/51iHJoRf13L._AC_UL960_FMwebp_QL65_.jpg,7,"R$ 119,70",False,False,False,False,Mais de 50 compras no mês passado,Entrega GRÁTIS: 23 - 24 de jul.,False,,,,,
B07J4VDX3J,Wilkinson Sword Barbeador de borda dupla para homens com 5 refis de lâminas de barbear de borda dupla,"R$ 139,82","R$ 152,91",BRL,4.8,3844,https://www.amazon.com.br/dp/B07J4VDX3J,https://m.media-amazon.com/images/I/71QPiL0FoQS._AC_UL960_FMwebp_QL65_.jpg,1,"R$ 139,82",False,False,False,False,Mais de 50 compras no mês passado,"Entrega GRÁTIS: qui., 7 de ago.",False,,,"R$ 139,82",1.0,
B097F91D1K,Resource Thicken UP Clear Pó 125g - Kit 6 Unidades,"R$ 439,90",,BRL,4.6,56,https://www.amazon.com.br/dp/B097F91D1K,https://m.media-amazon.com/images/I/61KL9gSEacL._AC_UL960_FMwebp_QL65_.jpg,7,"R$ 414,00",False,False,False,False,Mais de 40 compras no mês passado,"Entrega GRÁTIS: qua., 16 de jul.",False,,,"R$ 219,95",2.0,
B087N64BQ7,Kit Truss Ultra Hydration Plus Duo (2 Produtos),"R$ 164,90",,BRL,4.7,1221,https://www.amazon.com.br/dp/B087N64BQ7,https://m.media-amazon.com/images/I/61Fzov6-a9L._AC_UL960_FMwebp_QL65_.jpg,1,"R$ 164,90",False,False,False,False,Mais de 400 compras no mês passado,"Entrega GRÁTIS: seg., 28 de jul.",False,,,"R$ 164,90",1.0,
B0DYF8S3NF,"PRINCIPIA, Kit Trio Antiacne NC-10 + Mix-01 + AM-10","R$ 164,98",,BRL,,0,https://www.amazon.com.br/dp/B0DYF8S3NF,https://m.media-amazon.com/images/I/51AbrcIcp7L._AC_UL960_FMwebp_QL65_.jpg,1,"R$ 164,98",False,False,False,False,Mais de 20 compras no mês passado,"Entrega GRÁTIS: qua., 16 de jul.",False,,,"R$ 54,99",3.0,
B0CH9FNGCN,Avène Eau Thermale Cleanance Sérum Esfoliante A.H.A 30 ml,"R$ 181,99",,BRL,4.6,298,https://www.amazon.com.br/dp/B0CH9FNGCN,https://m.media-amazon.com/images/I/71LklGZy+pL._AC_UL960_FMwebp_QL65_.jpg,1,"R$ 181,99",False,False,False,False,Mais de 100 compras no mês passado,"Entrega GRÁTIS: Amanhã, 14 de jul.Ou entrega mais rápida: Hoje",False,,,,,
B079VVBW9D,ISDIN Protetor Solar Compacto Areia FPS 50-10g,"R$ 127,56",,BRL,4.5,59,https://www.amazon.com.br/dp/B079VVBW9D,https://m.media-amazon.com/images/I/51JYDxmBcxL._AC_UL960_FMwebp_QL65_.jpg,1,"R$ 127,56",False,False,False,False,Mais de 300 compras no mês passado,"Entrega GRÁTIS: Amanhã, 14 de jul.Ou entrega mais rápida: Hoje",False,,,,,
B0CJYKLB32,Cleanance Aqua-Gel Hidratante Facial 30g - Avène,"R$ 106,00","R$ 112,90",BRL,4.7,290,https://www.amazon.com.br/dp/B0CJYKLB32,https://m.media-amazon.com/images/I/61GvC5oxvxL._AC_UL960_FMwebp_QL65_.jpg,7,"R$ 92,50",False,False,False,False,Mais de 600 compras no mês passado,"Entrega GRÁTIS: Amanhã, 14 de jul.Ou entrega mais rápida: Hoje",False,,,,,
B0CLZ1N1VV,Kit Truss Uso Obrigatório Duo (Shampoo + Condicionador 300ml),"R$ 166,37",,BRL,4.7,109,https://www.amazon.com.br/dp/B0CLZ1N1VV,https://m.media-amazon.com/images/I/51pVLUE+bYL._AC_UL960_FMwebp_QL65_.jpg,14,"R$ 166,07",False,False,False,False,Mais de 100 compras no mês passado,"Entrega GRÁTIS: seg., 21 de jul.",False,,,"R$ 0,28",594.0,
B0CVNNQM1N,LÁPIS DELINEADOR À PROVA D&#x27;ÁGUA LE STYLO WATERPROOF 10,"R$ 259,85",,BRL,4.8,17,https://www.amazon.com.br/dp/B0CVNNQM1N,https://m.media-amazon.com/images/I/51bG3KL3QAL._AC_UL960_FMwebp_QL65_.jpg,1,"R$ 259,85",False,False,False,False,,"Entrega GRÁTIS: dom., 20 de jul.",False,Lápis,,,,
B0DFCQPMJJ,TRUSS CONDICIONADOR USO OBRIGATORIO 1000ml,"R$ 160,78",,BRL,3.6,8,https://www.amazon.com.br/dp/B0DFCQPMJJ,https://m.media-amazon.com/images/I/61rMy63u4xL._AC_UL960_FMwebp_QL65_.jpg,9,"R$ 156,39",False,False,False,False,Mais de 100 compras no mês passado,"Entrega GRÁTIS: ter., 15 de jul.",False,Lavanda,,,,
B07HF884FL,"Eau de Parfum Feminino L&#x27;Interdit, Rosa, Givenchy, 35 ml","R$ 339,90",,BRL,4.6,108,https://www.amazon.com.br/dp/B07HF884FL,https://m.media-amazon.com/images/I/614g44k5dsL._AC_UL960_FMwebp_QL65_.jpg,1,"R$ 339,90",False,False,False,False,,"Entrega GRÁTIS: sáb., 19 de jul.",False,Floral,,,,
B093QBC3GP,Kit de Tratamento Braé Soul Color Pequeno,"R$ 169,90",,BRL,4.4,92,https://www.amazon.com.br/dp/B093QBC3GP,https://m.media-amazon.com/images/I/41qI10RM1FL._AC_UL960_FMwebp_QL65_.jpg,1,"R$ 169,90",False,False,False,False,,"Entrega GRÁTIS: dom., 20 de jul.",False,,,,,
B0DDL5W95B,"Kérastase Óleo Blond Absolu Huile Cicagloss, para cabelos loiros, hidratação profunda, recuperação de danos, efeito de brilho instantâneo, 75ml","R$ 329,00",,BRL,4.4,73,https://www.amazon.com.br/dp/B0DDL5W95B,https://m.media-amazon.com/images/I/614PTPXgq7L._AC_UL960_FMwebp_QL65_.jpg,1,"R$ 329,00",False,False,False,False,Mais de 50 compras no mês passado,"Entrega GRÁTIS: ter., 15 de jul.",False,,,,,
B0BY3JQ3KJ,Protetor Solar Facial Vichy Capital Soleil UV-Age Daily FPS60-40g,"R$ 117,73",,BRL,4.8,435,https://www.amazon.com.br/dp/B0BY3JQ3KJ,https://m.media-amazon.com/images/I/51oLkE9hEtL._AC_UL960_FMwebp_QL65_.jpg,1,"R$ 117,73",False,False,False,False,Mais de 100 compras no mês passado,"Entrega GRÁTIS: dom., 20 de jul.",False,,,,,
B01MRY691J,"Care Keratin Smooth Shampoo, 300 ml, Keune","R$ 123,31",,BRL,4.6,737,https://www.amazon.com.br/dp/B01MRY691J,https://m.media-amazon.com/images/I/71+cf9pKdhL._AC_UL960_FMwebp_QL65_.jpg,21,"R$ 97,50",False,False,False,False,Mais de 50 compras no mês passado,"Entrega GRÁTIS: Amanhã, 14 de jul.Ou entrega mais rápida: Hoje",False,Sem perfume,,,,
B0CDCL1TBJ,Tangle Teezer - Escova de cabelo desembaraçadora The Wet Detangler para texturas finas e frágeis. Cor: Azul-água,"R$ 149,90",,BRL,4.8,814,https://www.amazon.com.br/dp/B0CDCL1TBJ,https://m.media-amazon.com/images/I/61RKdkmJeML._AC_UL960_FMwebp_QL65_.jpg,1,"R$ 149,90",False,False,False,False,Mais de 30 compras no mês passado,"Entrega GRÁTIS: dom., 20 de jul.",False,,,"R$ 149,90",1.0,
B07RTQ4VM7,Perfume Importado Eau de Parfum 9Pm Afnan Perfumes,"R$ 290,00",,BRL,4.4,17261,https://www.amazon.com.br/dp/B07RTQ4VM7,https://m.media-amazon.com/images/I/41ZQdV659VL._AC_UL960_FMwebp_QL65_.jpg,12,"R$ 274,99",False,False,False,False,,"Entrega R$ 32,11: 23 - 25 de jul.Ou entrega mais rápida: 18 - 21 de jul.",False,Masculina,,"R$ 2,90",100.0,
B0C11MYYBJ,Scandal Pour Homme Perfume Masculino EDT 100ml Selo Adipec,"R$ 500,00","R$ 549,99",BRL,4.6,409,https://www.amazon.com.br/dp/B0C11MYYBJ,https://m.media-amazon.com/images/I/51YO-ti01LL._AC_UL960_FMwebp_QL65_.jpg,10,"R$ 489,00",False,False,False,False,Mais de 20 compras no mês passado,"Entrega R$ 24,70: ter., 5 de ago.Ou entrega mais rápida: 17 - 21 de jul.",False,Baunilha,,"R$ 500,00",1.0,
B0DP83MYS4,Body Splash desodorante colônia Aura beauty Afrodite Garden 200Ml,"R$ 122,88",,BRL,5,4,https://www.amazon.com.br/dp/B0DP83MYS4,https://m.media-amazon.com/images/I/514uiVCUNCL._AC_UL960_FMwebp_QL65_.jpg,4,"R$ 122,88",False,False,False,False,Mais de 20 compras no mês passado,,False,gourmand frutado,,,,
B09TRXBQZK,Maleta Para Maquiagem Porta Joias Bijuterias e Acessórios (PRETA),"R$ 165,90",,BRL,4.7,102,https://www.amazon.com.br/dp/B09TRXBQZK,https://m.media-amazon.com/images/I/51ER4gunI2L._AC_UL960_FMwebp_QL65_.jpg,1,"R$ 165,90",False,False,False,True,,"Entrega GRÁTIS: qua., 16 de jul.",True,,,,,
B0DK5XP76Q,TRUSS Uso Obrigatório Reconstruction Refil - Shampoo 1L,"R$ 161,90",,BRL,4.5,5,https://www.amazon.com.br/dp/B0DK5XP76Q,https://m.media-amazon.com/images/I/61TEGxMnqeL._AC_UL960_FMwebp_QL65_.jpg,3,"R$ 161,90",False,False,False,False,Mais de 50 compras no mês passado,,False,Floral,,,,
B0BVS9N16S,"Hada Labo® Gokujyun Aging Cream creme facial para peles maduras com ação anti-idade e combinação de Ácido Hialurônico, Niacinamida e Manteiga de Karitè 50g","R$ 150,82",,BRL,4.7,217,https://www.amazon.com.br/dp/B0BVS9N16S,https://m.media-amazon.com/images/I/61PSzZJwUHL._AC_UL960_FMwebp_QL65_.jpg,1,"R$ 150,82",False,False,False,False,Mais de 100 compras no mês passado,"Entrega GRÁTIS: Amanhã, 14 de jul.Ou entrega mais rápida: Hoje",False,,,,,
B0CF6WGK4T,ADCOS BASE STICK FPS80 IVORY - 17g,"R$ 175,20",,BRL,4.5,49,https://www.amazon.com.br/dp/B0CF6WGK4T,https://m.media-amazon.com/images/I/41soYbVd7eL._AC_UL960_FMwebp_QL65_.jpg,4,"R$ 175,00",False,False,False,False,Mais de 30 compras no mês passado,"Entrega GRÁTIS: qua., 16 de jul.",False,,,,,
B01MDTVZTZ,"The Ordinary Niacinamide 10% + Zinc 1%, 30 ml","R$ 141,00",,BRL,4.6,33666,https://www.amazon.com.br/dp/B01MDTVZTZ,https://m.media-amazon.com/images/I/61QBAJHZNhL._AC_UL960_FMwebp_QL65_.jpg,1,"R$ 141,00",False,False,False,False,Mais de 200 compras no mês passado,"Entrega GRÁTIS: ter., 19 de ago.",False,,,"R$ 4,70",30.0,
B07RLD1Q89,"Aparador de Pelos Philips 7 em 1 series 3000, Bivolt - MG3721/77","R$ 135,91","R$ 162,97",BRL,4.7,8020,https://www.amazon.com.br/dp/B07RLD1Q89,https://m.media-amazon.com/images/I/71RMkX3pSPS._AC_UL960_FMwebp_QL65_.jpg,1,"R$ 135,91",False,False,True,True,Mais de 1 mil compras no mês passado,,False,,,,,Oferta Prime Day
B07HF884FL,"Eau de Parfum Feminino L&#x27;Interdit, Rosa, Givenchy, 35 ml","R$ 339,90",,BRL,4.6,108,https://www.amazon.com.br/dp/B07HF884FL,https://m.media-amazon.com/images/I/614g44k5dsL._AC_UL960_FMwebp_QL65_.jpg,1,"R$ 339,90",False,False,False,False,,"Entrega GRÁTIS: sáb., 19 de jul.",False,Floral,,,,
B093QBC3GP,Kit de Tratamento Braé Soul Color Pequeno,"R$ 169,90",,BRL,4.4,92,https://www.amazon.com.br/dp/B093QBC3GP,https://m.media-amazon.com/images/I/41qI10RM1FL._AC_UL960_FMwebp_QL65_.jpg,1,"R$ 169,90",False,False,False,False,,"Entrega GRÁTIS: dom., 20 de jul.",False,,,,,
B0DDL5W95B,"Kérastase Óleo Blond Absolu Huile Cicagloss, para cabelos loiros, hidratação profunda, recuperação de danos, efeito de brilho instantâneo, 75ml","R$ 329,00",,BRL,4.4,73,https://www.amazon.com.br/dp/B0DDL5W95B,https://m.media-amazon.com/images/I/614PTPXgq7L._AC_UL960_FMwebp_QL65_.jpg,1,"R$ 329,00",False,False,False,False,Mais de 50 compras no mês passado,"Entrega GRÁTIS: ter., 15 de jul.",False,,,,,
B0BY3JQ3KJ,Protetor Solar Facial Vichy Capital Soleil UV-Age Daily FPS60-40g,"R$ 117,73",,BRL,4.8,435,https://www.amazon.com.br/dp/B0BY3JQ3KJ,https://m.media-amazon.com/images/I/51oLkE9hEtL._AC_UL960_FMwebp_QL65_.jpg,1,"R$ 117,73",False,False,False,False,Mais de 100 compras no mês passado,"Entrega GRÁTIS: dom., 20 de jul.",False,,,,,
B01MRY691J,"Care Keratin Smooth Shampoo, 300 ml, Keune","R$ 123,31",,BRL,4.6,737,https://www.amazon.com.br/dp/B01MRY691J,https://m.media-amazon.com/images/I/71+cf9pKdhL._AC_UL960_FMwebp_QL65_.jpg,21,"R$ 97,50",False,False,False,False,Mais de 50 compras no mês passado,"Entrega GRÁTIS: Amanhã, 14 de jul.Ou entrega mais rápida: Hoje",False,Sem perfume,,,,
B0CDCL1TBJ,Tangle Teezer - Escova de cabelo desembaraçadora The Wet Detangler para texturas finas e frágeis. Cor: Azul-água,"R$ 149,90",,BRL,4.8,814,https://www.amazon.com.br/dp/B0CDCL1TBJ,https://m.media-amazon.com/images/I/61RKdkmJeML._AC_UL960_FMwebp_QL65_.jpg,1,"R$ 149,90",False,False,False,False,Mais de 30 compras no mês passado,"Entrega GRÁTIS: dom., 20 de jul.",False,,,"R$ 149,90",1.0,
B07RTQ4VM7,Perfume Importado Eau de Parfum 9Pm Afnan Perfumes,"R$ 290,00",,BRL,4.4,17261,https://www.amazon.com.br/dp/B07RTQ4VM7,https://m.media-amazon.com/images/I/41ZQdV659VL._AC_UL960_FMwebp_QL65_.jpg,12,"R$ 274,99",False,False,False,False,,"Entrega R$ 32,11: 23 - 25 de jul.Ou entrega mais rápida: 18 - 21 de jul.",False,Masculina,,"R$ 2,90",100.0,
B0C11MYYBJ,Scandal Pour Homme Perfume Masculino EDT 100ml Selo Adipec,"R$ 500,00","R$ 549,99",BRL,4.6,409,https://www.amazon.com.br/dp/B0C11MYYBJ,https://m.media-amazon.com/images/I/51YO-ti01LL._AC_UL960_FMwebp_QL65_.jpg,10,"R$ 489,00",False,False,False,False,Mais de 20 compras no mês passado,"Entrega R$ 24,70: ter., 5 de ago.Ou entrega mais rápida: 17 - 21 de jul.",False,Baunilha,,"R$ 500,00",1.0,
B0DP83MYS4,Body Splash desodorante colônia Aura beauty Afrodite Garden 200Ml,"R$ 122,88",,BRL,5,4,https://www.amazon.com.br/dp/B0DP83MYS4,https://m.media-amazon.com/images/I/514uiVCUNCL._AC_UL960_FMwebp_QL65_.jpg,4,"R$ 122,88",False,False,False,False,Mais de 20 compras no mês passado,,False,gourmand frutado,,,,
B09TRXBQZK,Maleta Para Maquiagem Porta Joias Bijuterias e Acessórios (PRETA),"R$ 165,90",,BRL,4.7,102,https://www.amazon.com.br/dp/B09TRXBQZK,https://m.media-amazon.com/images/I/51ER4gunI2L._AC_UL960_FMwebp_QL65_.jpg,1,"R$ 165,90",False,False,False,True,,"Entrega GRÁTIS: qua., 16 de jul.",True,,,,,
B0DK5XP76Q,TRUSS Uso Obrigatório Reconstruction Refil - Shampoo 1L,"R$ 161,90",,BRL,4.5,5,https://www.amazon.com.br/dp/B0DK5XP76Q,https://m.media-amazon.com/images/I/61TEGxMnqeL._AC_UL960_FMwebp_QL65_.jpg,3,"R$ 161,90",False,False,False,False,Mais de 50 compras no mês passado,,False,Floral,,,,
B0BVS9N16S,"Hada Labo® Gokujyun Aging Cream creme facial para peles maduras com ação anti-idade e combinação de Ácido Hialurônico, Niacinamida e Manteiga de Karitè 50g","R$ 150,82",,BRL,4.7,217,https://www.amazon.com.br/dp/B0BVS9N16S,https://m.media-amazon.com/images/I/61PSzZJwUHL._AC_UL960_FMwebp_QL65_.jpg,1,"R$ 150,82",False,False,False,False,Mais de 100 compras no mês passado,"Entrega GRÁTIS: Amanhã, 14 de jul.Ou entrega mais rápida: Hoje",False,,,,,
B0CF6WGK4T,ADCOS BASE STICK FPS80 IVORY - 17g,"R$ 175,20",,BRL,4.5,49,https://www.amazon.com.br/dp/B0CF6WGK4T,https://m.media-amazon.com/images/I/41soYbVd7eL._AC_UL960_FMwebp_QL65_.jpg,4,"R$ 175,00",False,False,False,False,Mais de 30 compras no mês passado,"Entrega GRÁTIS: qua., 16 de jul.",False,,,,,
B01MDTVZTZ,"The Ordinary Niacinamide 10% + Zinc 1%, 30 ml","R$ 141,00",,BRL,4.6,33666,https://www.amazon.com.br/dp/B01MDTVZTZ,https://m.media-amazon.com/images/I/61QBAJHZNhL._AC_UL960_FMwebp_QL65_.jpg,1,"R$ 141,00",False,False,False,False,Mais de 200 compras no mês passado,"Entrega GRÁTIS: ter., 19 de ago.",False,,,"R$ 4,70",30.0,
B07RLD1Q89,"Aparador de Pelos Philips 7 em 1 series 3000, Bivolt - MG3721/77","R$ 135,91","R$ 162,97",BRL,4.7,8020,https://www.amazon.com.br/dp/B07RLD1Q89,https://m.media-amazon.com/images/I/71RMkX3pSPS._AC_UL960_FMwebp_QL65_.jpg,1,"R$ 135,91",False,False,True,True,Mais de 1 mil compras no mês passado,,False,,,,,Oferta Prime Day
B0BYFJ5D73,Cetaphil Healthy Renew Sérum Para Olhos 15g,"R$ 138,03",,BRL,4.7,360,https://www.amazon.com.br/dp/B0BYFJ5D73,https://m.media-amazon.com/images/I/41R6kHnh+YL._AC_UL960_FMwebp_QL65_.jpg,11,"R$ 124,50",False,False,False,False,Mais de 400 compras no mês passado,"Entrega GRÁTIS: Amanhã, 14 de jul.Ou entrega mais rápida: Hoje",False,,,,,
B097J7J54H,"Taiff SECADOR TOURMALINE 2100W 220, preto","R$ 325,90",,BRL,4.7,2453,https://www.amazon.com.br/dp/B097J7J54H,https://m.media-amazon.com/images/I/51gHJqqOYJL._AC_UL960_FMwebp_QL65_.jpg,18,"R$ 265,87",False,False,False,False,Mais de 600 compras no mês passado,"Entrega GRÁTIS: Amanhã, 14 de jul.Ou entrega mais rápida: Hoje",False,,,,,
B07RV6ZSV5,Accu-Chek Performa Com 50 Tiras Reagentes,"R$ 100,00",,BRL,4.7,118,https://www.amazon.com.br/dp/B07RV6ZSV5,https://m.media-amazon.com/images/I/61jcMxl2nSL._AC_UL960_FMwebp_QL65_.jpg,1,"R$ 100,00",False,False,False,False,Mais de 50 compras no mês passado,"Entrega GRÁTIS: qua., 16 de jul.",False,,,"R$ 2,00",50.0,
B00M3IFUMK,"Perfume ARMAF Club de Nuit Intense Edition, 105 ml","R$ 250,00",,BRL,4.5,65977,https://www.amazon.com.br/dp/B00M3IFUMK,https://m.media-amazon.com/images/I/51soMCNMKIL._AC_UL960_FMwebp_QL65_.jpg,19,"R$ 250,00",False,False,False,False,Mais de 700 compras no mês passado,,False,Madeira,,,,
B07MHXBC1Z,Sebastian Flow Potion 9 Finalizador 500ml,"R$ 259,99",,BRL,4.7,34,https://www.amazon.com.br/dp/B07MHXBC1Z,https://m.media-amazon.com/images/I/31sxHIlmsrL._AC_UL960_FMwebp_QL65_.jpg,1,"R$ 259,99",False,False,False,False,Mais de 40 compras no mês passado,"Entrega GRÁTIS: seg., 21 de jul.",False,,,,,
B0DFHM6KH9,Nexxus Shampoo Keraphix 750ml,"R$ 72,80","R$ 80,94",BRL,4.9,15,https://www.amazon.com.br/dp/B0DFHM6KH9,https://m.media-amazon.com/images/I/41o+cYQMmPL._AC_UL960_FMwebp_QL65_.jpg,1,"R$ 72,80",False,False,True,False,,,False,Oleo de argan,,"R$ 72,80",1.0,Com Prime
B076YBQ5ZN,"Shampoo Sistema 2, Nioxin, 300ml","R$ 159,00",,BRL,4.6,478,https://www.amazon.com.br/dp/B076YBQ5ZN,https://m.media-amazon.com/images/I/51l3JWY2J+L._AC_UL960_FMwebp_QL65_.jpg,7,"R$ 158,90",False,False,False,False,Mais de 30 compras no mês passado,"Entrega GRÁTIS: ter., 29 de jul.",False,,,,,
B0B8P7JH1P,"Kit Lavatório Profissional Shampoo 2,5l + Condicionador 2,5 Litros Lowell","R$ 233,90","R$ 247,90",BRL,4.6,87,https://www.amazon.com.br/dp/B0B8P7JH1P,https://m.media-amazon.com/images/I/51pmxivhwqL._AC_UL960_FMwebp_QL65_.jpg,1,"R$ 233,90",False,False,False,False,Mais de 30 compras no mês passado,"Entrega GRÁTIS: dom., 20 de jul.",False,,,"R$ 233.900,00",,Economize 5%
B07X5DSSJH,MQ Professional - Chapinha Titânio Profissional 480°F - Bivolt,"R$ 423,97",,BRL,4.8,2206,https://www.amazon.com.br/dp/B07X5DSSJH,https://m.media-amazon.com/images/I/61u3rQarwJL._AC_UL960_FMwebp_QL65_.jpg,15,"R$ 409,00",False,False,False,False,Mais de 400 compras no mês passado,"Entrega GRÁTIS: Amanhã, 14 de jul.Ou entrega mais rápida: Hoje",False,,,,,
B0CL2RYGWC,"Kit Apse Shampoo, Cond, Gelatina, Másc e Creme Crespo Vegano","R$ 181,35","R$ 190,90",BRL,4.6,53,https://www.amazon.com.br/dp/B0CL2RYGWC,https://m.media-amazon.com/images/I/51rgD5HTXuL._AC_UL960_FMwebp_QL65_.jpg,4,"R$ 188,75",False,False,False,False,Mais de 40 compras no mês passado,"Entrega GRÁTIS: ter., 22 de jul.",False,,,,,
B0BYFP69PT,Cetaphil Healthy Renew Sérum Facial 30ml,"R$ 160,90",,BRL,4.7,597,https://www.amazon.com.br/dp/B0BYFP69PT,https://m.media-amazon.com/images/I/41MAPDuMaXL._AC_UL960_FMwebp_QL65_.jpg,11,"R$ 149,90",False,False,False,False,Mais de 1 mil compras no mês passado,"Entrega GRÁTIS: Amanhã, 14 de jul.Ou entrega mais rápida: Hoje",False,,,,,
B09H3N7B6W,"MANTECORP - Clareador Para Área dos Olhos Blancy - Reduz Olheiras e Clareia Bolsas, Promove Olhar Iluminado, Hidrata e Uniformiza a Pele - 15g","R$ 141,40","R$ 166,80",BRL,4.4,229,https://www.amazon.com.br/dp/B09H3N7B6W,https://m.media-amazon.com/images/I/61QBmRdeaBL._AC_UL960_FMwebp_QL65_.jpg,9,"R$ 151,90",False,False,False,False,Mais de 200 compras no mês passado,"Entrega GRÁTIS: Amanhã, 14 de jul.Ou entrega mais rápida: Hoje",False,,,,,
B0DQHM6FG8,"Arvensis Vegan Professional, Kit Shampoo, Condicionador e Ativador Cachinhos Infantil Arvensis","R$ 171,00",,BRL,5,1,https://www.amazon.com.br/dp/B0DQHM6FG8,https://m.media-amazon.com/images/I/61ZEd7lAcyL._AC_UL960_FMwebp_QL65_.jpg,1,"R$ 171,00",False,False,False,False,,"Entrega GRÁTIS: qua., 6 de ago.",False,,,,,
B0D4G3ZQ4V,Kit Braé Blond Repair Shampoo + Condicionador Litro,"R$ 224,90",,BRL,4.6,12,https://www.amazon.com.br/dp/B0D4G3ZQ4V,https://m.media-amazon.com/images/I/51bJp7AxmBL._AC_UL960_FMwebp_QL65_.jpg,1,"R$ 224,90",False,False,False,False,Mais de 20 compras no mês passado,"Entrega GRÁTIS: seg., 21 de jul.",False,,,"R$ 112,45",2.0,
B076HYQZ9J,Secador de Cabelos Philco Vermelho Cherry Tourmaline Íon 2200W 220V,"R$ 109,00",,BRL,4.6,784,https://www.amazon.com.br/dp/B076HYQZ9J,https://m.media-amazon.com/images/I/51JlWpDShXL._AC_UL960_FMwebp_QL65_.jpg,1,"R$ 109,00",False,False,False,False,Mais de 600 compras no mês passado,"Entrega GRÁTIS: sex., 18 de jul.",False,,,,,
B0CBV5QR1C,"L’Oréal Professionnel Shampoo Absolut Repair Molecular, Repara Danos e Restaura Todos os Tipos de Cabelos Danificados, Sem Sulfato, SERIE EXPERT, 300ml","R$ 129,00","R$ 159,90",BRL,4.6,2016,https://www.amazon.com.br/dp/B0CBV5QR1C,https://m.media-amazon.com/images/I/61alPQ1IQ6L._AC_UL960_FMwebp_QL65_.jpg,1,"R$ 129,00",False,False,True,False,Mais de 500 compras no mês passado,,False,Floral,,,,Oferta Prime Day
B0D3J9726F,Principia Kit Antiqueda Trio Shampoo + Condicionar + Sérum Capilar,"R$ 152,28","R$ 162,00",BRL,4.4,99,https://www.amazon.com.br/dp/B0D3J9726F,https://m.media-amazon.com/images/I/41Da4YWQa4L._AC_UL960_FMwebp_QL65_.jpg,1,"R$ 152,28",False,False,False,False,Mais de 50 compras no mês passado,Entrega GRÁTIS: 17 - 21 de jul.,False,,,"R$ 50,76",3.0,
B07LGF3VG2,Kit Creme Alisante de Cabelo Suave + Loção Neutralizante Wellastrate,"R$ 155,00",,BRL,4.6,87,https://www.amazon.com.br/dp/B07LGF3VG2,https://m.media-amazon.com/images/I/616AXXysuIL._AC_UL960_FMwebp_QL65_.jpg,1,"R$ 155,00",False,False,False,False,,"Entrega GRÁTIS: seg., 21 de jul.",False,,,"R$ 155,00",1.0,
B0B21ZJ3M2,OUI Eau de Parfum LAMOURESSE 142 75ml,"R$ 175,99","R$ 219,90",BRL,4.5,38,https://www.amazon.com.br/dp/B0B21ZJ3M2,https://m.media-amazon.com/images/I/71-OGygVddL._AC_UL960_FMwebp_QL65_.jpg,1,"R$ 175,99",False,False,False,False,Mais de 30 compras no mês passado,"Entrega GRÁTIS: sáb., 19 de jul.",False,,,"R$ 2,35",75.0,
B0CZV11KMK,Protetor Solar Adcos Tonalizante Base Stick Fps80 17g- Nude,"R$ 169,79",,BRL,4.6,70,https://www.amazon.com.br/dp/B0CZV11KMK,https://m.media-amazon.com/images/I/41-e4podaNL._AC_UL960_FMwebp_QL65_.jpg,5,"R$ 169,79",False,False,False,False,Mais de 50 compras no mês passado,,False,,,,,
B09JT26X7L,Renova Be Colágeno + Ácido Hialurônico Loja Oficial 2 unid,"R$ 206,99","R$ 229,99",BRL,4.4,42,https://www.amazon.com.br/dp/B09JT26X7L,https://m.media-amazon.com/images/I/61QE8VpreiL._AC_UL960_FMwebp_QL65_.jpg,1,"R$ 206,99",False,False,False,False,Mais de 50 compras no mês passado,"Entrega GRÁTIS: seg., 21 de jul.",False,Pó,,"R$ 0,48",431.0,
B0C6B85BJS,"Creamy Skincare Anti-Aging Peptide Cream 30g | Estimula a Produção de Colágeno, Atenua Manchas Causadas Pela Idade, Textura Cremosa | Todos os Tipos de Pele, Noite e Dia","R$ 166,90",,BRL,4.6,119,https://www.amazon.com.br/dp/B0C6B85BJS,https://m.media-amazon.com/images/I/41k0MN9Md6L._AC_UL960_FMwebp_QL65_.jpg,1,"R$ 166,90",False,False,False,False,Mais de 100 compras no mês passado,"Entrega GRÁTIS: qua., 6 de ago.",False,,,"R$ 5,56",30.0,
B0D5RJ636Z,Perfume Adidas Vibes Chill Zone Eau de Parfum 100ml,"R$ 99,90","R$ 127,00",BRL,4.1,77,https://www.amazon.com.br/dp/B0D5RJ636Z,https://m.media-amazon.com/images/I/51yUqW+j8-L._AC_UL960_FMwebp_QL65_.jpg,1,"R$ 99,90",False,False,True,False,,,False,Madeira âmbar,,"R$ 99,90",1.0,Oferta Prime Day
B09BHBJ5RQ,Zaad Santal Eau de Parfum 95ml - O Boticário,"R$ 389,90",,BRL,4.7,30,https://www.amazon.com.br/dp/B09BHBJ5RQ,https://m.media-amazon.com/images/I/613feNW4UoL._AC_UL960_FMwebp_QL65_.jpg,9,"R$ 377,90",False,False,False,False,Mais de 30 compras no mês passado,"Entrega R$ 34,80: 31 de jul. - 7 de ago.",False,,,"R$ 389,90",1.0,
B07H2J5X1S,"Kérastase Óleo Elixir Ultime L&#x27;Huile Rose, Todos os tipos de cabelos, Nutrição, brilho, Mix de 4 Óleos Preciosos, 100 ml","R$ 380,90",,BRL,4.7,5228,https://www.amazon.com.br/dp/B07H2J5X1S,https://m.media-amazon.com/images/I/61rEl+ENR-L._AC_UL960_FMwebp_QL65_.jpg,1,"R$ 380,90",False,False,False,False,Mais de 100 compras no mês passado,Entrega GRÁTIS: 13 - 22 de ago.,False,,,,,
B08181XXQ7,O BOTICARIO MALBEC NOIR DESODORANTE COLONIA NOIR 100ml,"R$ 219,90",,BRL,4.7,41,https://www.amazon.com.br/dp/B08181XXQ7,https://m.media-amazon.com/images/I/51V49xg9baL._AC_UL960_FMwebp_QL65_.jpg,1,"R$ 219,90",False,True,False,False,Mais de 20 compras no mês passado,"Entrega R$ 32,78: 5 - 6 de ago.Ou entrega mais rápida: 18 - 24 de jul.",False,Especiado,,"R$ 2.199,00",,Escolha
B0DSLH947Z,"L&#x27;Oréal Professionnel, Sérum profissional sem enxágue, Vitamino Color Spectrum, Glass Shine Serum, para todos os cabelos coloridos, antifrizz, antiumidade, antidesbotamento, 50ml","R$ 248,16",,BRL,4.6,143,https://www.amazon.com.br/dp/B0DSLH947Z,https://m.media-amazon.com/images/I/61tkMf4O+IL._AC_UL960_FMwebp_QL65_.jpg,17,"R$ 228,90",False,False,False,False,Mais de 100 compras no mês passado,"Entrega GRÁTIS: ter., 29 de jul.",False,,,,,
B09S3BRM1Y,Egeo Cherry Blast Desodorante Colônia 90ml,"R$ 128,00",,BRL,4.7,53,https://www.amazon.com.br/dp/B09S3BRM1Y,https://m.media-amazon.com/images/I/41JjXUtOiEL._AC_UL960_FMwebp_QL65_.jpg,32,"R$ 104,51",False,False,False,False,Mais de 30 compras no mês passado,"Entrega R$ 27,84: 23 - 25 de jul.",False,Floriental Frutal,,"R$ 1.422,22",,
B0CHJSM3RS,Caudalie Resveratrol-Lift Sérum Firmador Instantâneo Alternativa ao Retinol - 30 mL,"R$ 495,20","R$ 589,00",BRL,4.4,66,https://www.amazon.com.br/dp/B0CHJSM3RS,https://m.media-amazon.com/images/I/61PNwh25JpL._AC_UL960_FMwebp_QL65_.jpg,1,"R$ 495,20",False,False,False,False,,"Entrega GRÁTIS: qua., 16 de jul.",False,,,,,Oferta
B0D2JFLPHM,GA.MA ITALY Aparador de Pelos G-Blade W&amp;D Bivolt,"R$ 92,00","R$ 118,02",BRL,4.3,32,https://www.amazon.com.br/dp/B0D2JFLPHM,https://m.media-amazon.com/images/I/41rfZCEQTaL._AC_UL960_FMwebp_QL65_.jpg,1,"R$ 92,00",False,False,True,False,,,False,,,,,Oferta Prime Day
B07RVLYRT5,Infusion (shampoo + Condicionador) Truss,"R$ 170,00",,BRL,4.7,1147,https://www.amazon.com.br/dp/B07RVLYRT5,https://m.media-amazon.com/images/I/91qAmRXo5rS._AC_UL960_FMwebp_QL65_.jpg,11,"R$ 169,90",False,False,False,False,Mais de 100 compras no mês passado,"Entrega GRÁTIS: seg., 21 de jul.",False,,,"R$ 170,00",1.0,
B0DSCGGLG9,TRUSS Uso Obrigatório Reconstruction Refil - Condicionador 1L,"R$ 179,90",,BRL,5,8,https://www.amazon.com.br/dp/B0DSCGGLG9,https://m.media-amazon.com/images/I/61Z9kY4WqFL._AC_UL960_FMwebp_QL65_.jpg,1,"R$ 179,90",False,False,False,False,Mais de 50 compras no mês passado,"Entrega GRÁTIS: seg., 21 de jul.",False,Sem perfume,,"R$ 179,90",1.0,
B0DM65C3LM,"Huralay Kit Gua Sha Facial, Gua Sha, Guasha Facial, Massageador Facial, Aço Inoxidável, Rollo, Scraping, Rolling","R$ 129,99",,BRL,4,2,https://www.amazon.com.br/dp/B0DM65C3LM,https://m.media-amazon.com/images/I/51ACkvRdicL._AC_UL960_FMwebp_QL65_.jpg,1,"R$ 129,99",False,False,False,False,Mais de 20 compras no mês passado,"Entrega GRÁTIS: qua., 16 de jul.",False,,Economize 5% com o cupom,,,
B09JT26X7L,Renova Be Colágeno + Ácido Hialurônico Loja Oficial 2 unid,"R$ 206,99","R$ 229,99",BRL,4.4,42,https://www.amazon.com.br/dp/B09JT26X7L,https://m.media-amazon.com/images/I/61QE8VpreiL._AC_UL960_FMwebp_QL65_.jpg,1,"R$ 206,99",False,False,False,False,Mais de 50 compras no mês passado,"Entrega GRÁTIS: seg., 21 de jul.",False,Pó,,"R$ 0,48",431.0,
B0C6B85BJS,"Creamy Skincare Anti-Aging Peptide Cream 30g | Estimula a Produção de Colágeno, Atenua Manchas Causadas Pela Idade, Textura Cremosa | Todos os Tipos de Pele, Noite e Dia","R$ 166,90",,BRL,4.6,119,https://www.amazon.com.br/dp/B0C6B85BJS,https://m.media-amazon.com/images/I/41k0MN9Md6L._AC_UL960_FMwebp_QL65_.jpg,1,"R$ 166,90",False,False,False,False,Mais de 100 compras no mês passado,"Entrega GRÁTIS: qua., 6 de ago.",False,,,"R$ 5,56",30.0,
B0D5RJ636Z,Perfume Adidas Vibes Chill Zone Eau de Parfum 100ml,"R$ 99,90","R$ 127,00",BRL,4.1,77,https://www.amazon.com.br/dp/B0D5RJ636Z,https://m.media-amazon.com/images/I/51yUqW+j8-L._AC_UL960_FMwebp_QL65_.jpg,1,"R$ 99,90",False,False,True,False,,,False,Madeira âmbar,,"R$ 99,90",1.0,Oferta Prime Day
B09BHBJ5RQ,Zaad Santal Eau de Parfum 95ml - O Boticário,"R$ 389,90",,BRL,4.7,30,https://www.amazon.com.br/dp/B09BHBJ5RQ,https://m.media-amazon.com/images/I/613feNW4UoL._AC_UL960_FMwebp_QL65_.jpg,9,"R$ 377,90",False,False,False,False,Mais de 30 compras no mês passado,"Entrega R$ 34,80: 31 de jul. - 7 de ago.",False,,,"R$ 389,90",1.0,
B07H2J5X1S,"Kérastase Óleo Elixir Ultime L&#x27;Huile Rose, Todos os tipos de cabelos, Nutrição, brilho, Mix de 4 Óleos Preciosos, 100 ml","R$ 380,90",,BRL,4.7,5228,https://www.amazon.com.br/dp/B07H2J5X1S,https://m.media-amazon.com/images/I/61rEl+ENR-L._AC_UL960_FMwebp_QL65_.jpg,1,"R$ 380,90",False,False,False,False,Mais de 100 compras no mês passado,Entrega GRÁTIS: 13 - 22 de ago.,False,,,,,
B08181XXQ7,O BOTICARIO MALBEC NOIR DESODORANTE COLONIA NOIR 100ml,"R$ 219,90",,BRL,4.7,41,https://www.amazon.com.br/dp/B08181XXQ7,https://m.media-amazon.com/images/I/51V49xg9baL._AC_UL960_FMwebp_QL65_.jpg,1,"R$ 219,90",False,False,False,False,Mais de 20 compras no mês passado,"Entrega R$ 32,78: 5 - 6 de ago.Ou entrega mais rápida: 18 - 24 de jul.",False,Especiado,,"R$ 2.199,00",,
B0DSLH947Z,"L&#x27;Oréal Professionnel, Sérum profissional sem enxágue, Vitamino Color Spectrum, Glass Shine Serum, para todos os cabelos coloridos, antifrizz, antiumidade, antidesbotamento, 50ml","R$ 248,16",,BRL,4.6,143,https://www.amazon.com.br/dp/B0DSLH947Z,https://m.media-amazon.com/images/I/61tkMf4O+IL._AC_UL960_FMwebp_QL65_.jpg,17,"R$ 228,90",False,False,False,False,Mais de 100 compras no mês passado,"Entrega GRÁTIS: ter., 29 de jul.",False,,,,,
B09S3BRM1Y,Egeo Cherry Blast Desodorante Colônia 90ml,"R$ 128,00",,BRL,4.7,53,https://www.amazon.com.br/dp/B09S3BRM1Y,https://m.media-amazon.com/images/I/41JjXUtOiEL._AC_UL960_FMwebp_QL65_.jpg,32,"R$ 104,51",False,False,False,False,Mais de 30 compras no mês passado,"Entrega R$ 27,84: 23 - 25 de jul.",False,Floriental Frutal,,"R$ 1.422,22",,
B0CHJSM3RS,Caudalie Resveratrol-Lift Sérum Firmador Instantâneo Alternativa ao Retinol - 30 mL,"R$ 495,20","R$ 589,00",BRL,4.4,66,https://www.amazon.com.br/dp/B0CHJSM3RS,https://m.media-amazon.com/images/I/61PNwh25JpL._AC_UL960_FMwebp_QL65_.jpg,1,"R$ 495,20",False,False,False,False,,"Entrega GRÁTIS: qua., 16 de jul.",False,,,,,Oferta
B0D2JFLPHM,GA.MA ITALY Aparador de Pelos G-Blade W&amp;D Bivolt,"R$ 92,00","R$ 118,02",BRL,4.3,32,https://www.amazon.com.br/dp/B0D2JFLPHM,https://m.media-amazon.com/images/I/41rfZCEQTaL._AC_UL960_FMwebp_QL65_.jpg,1,"R$ 92,00",False,False,True,False,,,False,,,,,Oferta Prime Day
B07RVLYRT5,Infusion (shampoo + Condicionador) Truss,"R$ 170,00",,BRL,4.7,1147,https://www.amazon.com.br/dp/B07RVLYRT5,https://m.media-amazon.com/images/I/91qAmRXo5rS._AC_UL960_FMwebp_QL65_.jpg,11,"R$ 169,90",False,False,False,False,Mais de 100 compras no mês passado,"Entrega GRÁTIS: seg., 21 de jul.",False,,,"R$ 170,00",1.0,
B0DSCGGLG9,TRUSS Uso Obrigatório Reconstruction Refil - Condicionador 1L,"R$ 179,90",,BRL,5,8,https://www.amazon.com.br/dp/B0DSCGGLG9,https://m.media-amazon.com/images/I/61Z9kY4WqFL._AC_UL960_FMwebp_QL65_.jpg,1,"R$ 179,90",False,False,False,False,Mais de 50 compras no mês passado,"Entrega GRÁTIS: seg., 21 de jul.",False,Sem perfume,,"R$ 179,90",1.0,
B0DM65C3LM,"Huralay Kit Gua Sha Facial, Gua Sha, Guasha Facial, Massageador Facial, Aço Inoxidável, Rollo, Scraping, Rolling","R$ 129,99",,BRL,4,2,https://www.amazon.com.br/dp/B0DM65C3LM,https://m.media-amazon.com/images/I/51ACkvRdicL._AC_UL960_FMwebp_QL65_.jpg,1,"R$ 129,99",False,False,False,False,Mais de 20 compras no mês passado,"Entrega GRÁTIS: qua., 16 de jul.",False,,Economize 5% com o cupom,,,
B07ML4KDZM,Klassis TX + TheraSkin Serum Clareador 30g,"R$ 176,99",,BRL,4.6,197,https://www.amazon.com.br/dp/B07ML4KDZM,https://m.media-amazon.com/images/I/513Eyjq0oFL._AC_UL960_FMwebp_QL65_.jpg,1,"R$ 176,99",False,False,False,False,Mais de 50 compras no mês passado,"Entrega GRÁTIS: qua., 16 de jul.",False,,,,,
B094JVQNQH,Kit Trivitt Shampoo Pós Química 1L + Hidratação Intensiva 1Kg - Itallian,"R$ 225,39",,BRL,4.7,397,https://www.amazon.com.br/dp/B094JVQNQH,https://m.media-amazon.com/images/I/61WT884p-1L._AC_UL960_FMwebp_QL65_.jpg,11,"R$ 218,50",False,True,False,False,Mais de 50 compras no mês passado,"Entrega GRÁTIS: Amanhã, 14 de jul.Ou entrega mais rápida: Hoje",False,,,"R$ 225,39",1.0,Escolha
B0845L9CGC,Ativador de Cachos Arvensis Cachos Naturais Cabelos Ondulados e Cacheados - 500ml,"R$ 100,99",,BRL,4.6,420,https://www.amazon.com.br/dp/B0845L9CGC,https://m.media-amazon.com/images/I/51Todqd+2RL._AC_UL960_FMwebp_QL65_.jpg,23,"R$ 98,39",False,False,False,False,Mais de 200 compras no mês passado,"Entrega GRÁTIS: qua., 16 de jul.",False,,,"R$ 201,98",1.0,
B083WTX5P3,"Moiture Recovery Shampoo 300ml Smart Release, Joico","R$ 130,41",,BRL,4.7,513,https://www.amazon.com.br/dp/B083WTX5P3,https://m.media-amazon.com/images/I/51t-jeW5DlL._AC_UL960_FMwebp_QL65_.jpg,1,"R$ 130,41",False,False,False,False,Mais de 50 compras no mês passado,"Entrega GRÁTIS: dom., 20 de jul.",False,Baunilha,,,,
B09W352GHG,Egeo Choc Desodorante Colônia 90ml,"R$ 146,90",,BRL,4.7,99,https://www.amazon.com.br/dp/B09W352GHG,https://m.media-amazon.com/images/I/51R5H+g8RRL._AC_UL960_FMwebp_QL65_.jpg,45,"R$ 112,40",False,False,False,False,,"Entrega GRÁTIS: sáb., 19 de jul.",False,Floriental Gourmand,,"R$ 1.632,22",,
B0FGY53BKQ,Kit Forever Hair Crescimento Acelerado 90 dias Forever Liss,"R$ 109,90",,BRL,,0,https://www.amazon.com.br/dp/B0FGY53BKQ,https://m.media-amazon.com/images/I/617ShFpfo5L._AC_UL960_FMwebp_QL65_.jpg,1,"R$ 109,90",False,False,False,False,,"Entrega GRÁTIS: ter., 29 de jul.",False,Cápsula,,"R$ 36,63",3.0,
B07CN23JR1,LIZZE - Prancha Extreme Profissional 127 V - Chapinha Profissional 480°F,"R$ 439,00","R$ 469,00",BRL,4.8,3772,https://www.amazon.com.br/dp/B07CN23JR1,https://m.media-amazon.com/images/I/6186mp+WR4L._AC_UL960_FMwebp_QL65_.jpg,1,"R$ 439,00",False,False,False,False,Mais de 100 compras no mês passado,Entrega GRÁTIS: 18 - 25 de ago.,False,,,,,
B07NVXTGYL,Máscara Wella Invigo Nutri-Enrich 150ml,"R$ 114,90",,BRL,4.7,1771,https://www.amazon.com.br/dp/B07NVXTGYL,https://m.media-amazon.com/images/I/51tsgRRXk-L._AC_UL960_FMwebp_QL65_.jpg,1,"R$ 114,90",False,False,False,False,Mais de 500 compras no mês passado,"Entrega GRÁTIS: qua., 23 de jul.",False,Linha,,"R$ 766,00",0.0,
B0CRZ9GGM7,Combo Siàge Pro Cronology: Shampoo 250ml + Condicionador 200ml + Máscara de Hidratação 250g,"R$ 133,19","R$ 149,99",BRL,4.5,39,https://www.amazon.com.br/dp/B0CRZ9GGM7,https://m.media-amazon.com/images/I/71Jw3Za6gzL._AC_UL960_FMwebp_QL65_.jpg,18,"R$ 128,00",False,False,False,False,Mais de 30 compras no mês passado,"Entrega GRÁTIS: seg., 4 de ago.",False,,,"R$ 133,19",1.0,
B07WSYP685,Kit Haskell Cavalo Forte Trio (3 Produtos),"R$ 125,00",,BRL,4.6,409,https://www.amazon.com.br/dp/B07WSYP685,https://m.media-amazon.com/images/I/61DO2gYHoPL._AC_UL960_FMwebp_QL65_.jpg,16,"R$ 116,99",False,False,False,False,Mais de 100 compras no mês passado,"Entrega GRÁTIS: seg., 21 de jul.",False,,,"R$ 41,67",3.0,
B07FKQVTXN,Cetaphil Pro AD Restoraderm Loção Hidratante Hipoalergênica 295ml,"R$ 119,99",,BRL,4.8,1646,https://www.amazon.com.br/dp/B07FKQVTXN,https://m.media-amazon.com/images/I/61bSxLzv2nL._AC_UL960_FMwebp_QL65_.jpg,1,"R$ 119,99",False,False,False,False,Mais de 1 mil compras no mês passado,"Entrega GRÁTIS: Amanhã, 14 de jul.Ou entrega mais rápida: Hoje",False,,,,,
B07KWDBDV8,Palmer&#x27;s Cocoa Butter Formula Massage Lotion - Loção de Massagem para Estrias 250ml,"R$ 165,00",,BRL,4.6,406,https://www.amazon.com.br/dp/B07KWDBDV8,https://m.media-amazon.com/images/I/61RyYBm9PlS._AC_UL960_FMwebp_QL65_.jpg,1,"R$ 165,00",False,False,False,False,,"Entrega R$ 35,84: 17 - 21 de jul.",False,Sem perfume,,"R$ 660,00",0.0,
B094JZ99CM,Kit Profissional Trivitt 04 produtos - Cauterização e Hidratação,"R$ 299,00",,BRL,4.7,115,https://www.amazon.com.br/dp/B094JZ99CM,https://m.media-amazon.com/images/I/716we1iNG1L._AC_UL960_FMwebp_QL65_.jpg,1,"R$ 299,00",False,False,False,False,Mais de 40 compras no mês passado,"Entrega GRÁTIS: seg., 21 de jul.",False,,,"R$ 299,00",1.0,
B07Y2BLHH1,ISDIN Creme Antirrugas Para Contorno Dos Olhos Ceutics K-Ox Eyes -15G,"R$ 192,99",,BRL,4.7,3182,https://www.amazon.com.br/dp/B07Y2BLHH1,https://m.media-amazon.com/images/I/51PYEgBACZL._AC_UL960_FMwebp_QL65_.jpg,9,"R$ 179,90",False,False,False,False,Mais de 1 mil compras no mês passado,"Entrega GRÁTIS: Amanhã, 14 de jul.Ou entrega mais rápida: Hoje",False,,,,,
B085ZKX86Q,"Low Poo Delight 1000 Ml, Deva Curl","R$ 119,90",,BRL,4.3,27,https://www.amazon.com.br/dp/B085ZKX86Q,https://m.media-amazon.com/images/I/61LQRNpE1XL._AC_UL960_FMwebp_QL65_.jpg,1,"R$ 119,90",False,False,False,False,Mais de 40 compras no mês passado,"Entrega GRÁTIS: dom., 20 de jul.",False,,,"R$ 0,12",999.0,
B07VPFLLHK,The Blend Bourbon Eau De Parfum Boticário,"R$ 395,90",,BRL,4.6,91,https://www.amazon.com.br/dp/B07VPFLLHK,https://m.media-amazon.com/images/I/61U5NZv08hL._AC_UL960_FMwebp_QL65_.jpg,15,"R$ 369,90",False,False,False,False,,"Entrega R$ 32,86: 5 - 6 de ago.Ou entrega mais rápida: 18 - 24 de jul.",False,"Especiado, Âmbar, Doce",,"R$ 3.959,00",,
B002HP1MYE,Jacques Bogart Silver Scent Intense Edt Vap 100Ml Sem Cor,"R$ 259,90",,BRL,4.5,1201,https://www.amazon.com.br/dp/B002HP1MYE,https://m.media-amazon.com/images/I/71G9kDrewTL._AC_UL960_FMwebp_QL65_.jpg,15,"R$ 225,99",False,False,False,False,Mais de 100 compras no mês passado,"Entrega GRÁTIS: sáb., 19 de jul.",False,,,,,
B07X55R8LL,"Libre Edp, Yves Saint Laurent","R$ 405,99",,BRL,4.6,812,https://www.amazon.com.br/dp/B07X55R8LL,https://m.media-amazon.com/images/I/71hGrWr8PyL._AC_UL960_FMwebp_QL65_.jpg,11,"R$ 405,00",False,False,False,False,Mais de 40 compras no mês passado,"Entrega GRÁTIS: sáb., 19 de jul.",False,Floral,,,,
B0F9LDH352,"GOKOCO Secador De Cabelo Profissional 220v, 120000 RPM High Speed Hair Dryer 1600W com Display Digital LED e Bocal de ar Magnético, Branco","R$ 299,99",,BRL,4.2,31,https://www.amazon.com.br/dp/B0F9LDH352,https://m.media-amazon.com/images/I/51ikZDZBzGL._AC_UL960_FMwebp_QL65_.jpg,1,"R$ 299,99",False,False,False,False,,"Entrega GRÁTIS: qua., 16 de jul.",False,,,,,
B08N5DBPX4,"Alfaparf Milano Semi Di Lino Curls Óleo Capilar - Para cabelos cacheados e ondulados - Hidrata, desembaraça, define, ilumina e protege - Qualidade profissional de salão 100ml","R$ 145,90",,BRL,4.6,574,https://www.amazon.com.br/dp/B08N5DBPX4,https://m.media-amazon.com/images/I/61aHe0HjznL._AC_UL960_FMwebp_QL65_.jpg,1,"R$ 145,90",False,False,False,False,Mais de 50 compras no mês passado,"Entrega GRÁTIS: sáb., 19 de jul.",False,,,,,
B09C2M2WB9,"Perfume Masculino EDT Phantom, Cinza, Paco Rabanne, 100 ml","R$ 500,00",,BRL,4.8,2286,https://www.amazon.com.br/dp/B09C2M2WB9,https://m.media-amazon.com/images/I/71T-7eJgqrL._AC_UL960_FMwebp_QL65_.jpg,12,"R$ 485,99",False,False,False,False,Mais de 30 compras no mês passado,"Entrega R$ 24,46: ter., 5 de ago.Ou entrega mais rápida: 17 - 21 de jul.",False,Citrus doce,,,,
B0B4PNNK4G,Panasonic Aparador Corporal Para Homens E Mulheres Mini V-Razor Aparador Elétrico Unissex De Uso Seco/Molhado Sem Fio Com 2 Acessórios Barbear Multidirecional Em Áreas,"R$ 219,91","R$ 259,92",BRL,4.3,166,https://www.amazon.com.br/dp/B0B4PNNK4G,https://m.media-amazon.com/images/I/51nJRscze6L._AC_UL960_FMwebp_QL65_.jpg,5,"R$ 220,00",False,False,False,False,,"Entrega GRÁTIS: ter., 15 de jul.",False,,,,,
B0C7RD81VV,BT TRANSITIONS PALETA DE SOMBRAS,"R$ 104,90",,BRL,4.8,45,https://www.amazon.com.br/dp/B0C7RD81VV,https://m.media-amazon.com/images/I/61zk7lzMiqL._AC_UL960_FMwebp_QL65_.jpg,1,"R$ 104,90",False,False,False,False,Mais de 50 compras no mês passado,"Entrega GRÁTIS: qua., 16 de jul.",False,Pó,,"R$ 104.900,00",,
B08KB4JPRV,TRAVEL ROSE GOLD BIV,"R$ 223,90",,BRL,4.1,109,https://www.amazon.com.br/dp/B08KB4JPRV,https://m.media-amazon.com/images/I/51vb6VWNqzL._AC_UL960_FMwebp_QL65_.jpg,8,"R$ 137,51",False,False,False,False,Mais de 50 compras no mês passado,"Entrega GRÁTIS: Amanhã, 14 de jul.Ou entrega mais rápida: Hoje",False,,,,,
B0068M4E6A,Mascara Moroccanoil Hydration Weightless Hydrating Mask 250ml,"R$ 161,87","R$ 180,68",BRL,4.5,2178,https://www.amazon.com.br/dp/B0068M4E6A,https://m.media-amazon.com/images/I/61sZu-NDUWL._AC_UL960_FMwebp_QL65_.jpg,1,"R$ 161,87",False,False,False,False,,"Entrega GRÁTIS: seg., 4 de ago.",False,,,,,
B0D1GJJRFW,Escova Secadora Cadence Uau 4 em 1 - Bivolt ESC800,"R$ 138,99",,BRL,4.5,207,https://www.amazon.com.br/dp/B0D1GJJRFW,https://m.media-amazon.com/images/I/51q5BSEjolL._AC_UL960_FMwebp_QL65_.jpg,24,"R$ 129,90",False,False,False,False,Mais de 200 compras no mês passado,"Entrega GRÁTIS: seg., 21 de jul.",False,,,"R$ 138,99",1.0,
B09KQBYCQT,"Kit 3 Máscaras Braé Revival+ Divine + Soul Color (3x 200g), BRAÉ","R$ 238,12",,BRL,4.5,141,https://www.amazon.com.br/dp/B09KQBYCQT,https://m.media-amazon.com/images/I/514wim6QdIL._AC_UL960_FMwebp_QL65_.jpg,2,"R$ 220,00",False,False,False,False,Mais de 100 compras no mês passado,"Entrega GRÁTIS: Amanhã, 14 de jul.Ou entrega mais rápida: Hoje",False,Cítrico,,,,
B09X8CZW18,"Kit Juba Máscara, Shampoo, Condicionador, Encara Widi Care","R$ 202,90",,BRL,4.7,439,https://www.amazon.com.br/dp/B09X8CZW18,https://m.media-amazon.com/images/I/71flHX+NOZL._AC_UL960_FMwebp_QL65_.jpg,1,"R$ 202,90",False,False,False,False,Mais de 100 compras no mês passado,"Entrega GRÁTIS: seg., 28 de jul.",False,,,"R$ 202,90",1.0,
B07MQXKKN5,Blondor Multi Blonde Powder 800g,"R$ 214,90",,BRL,4.7,141,https://www.amazon.com.br/dp/B07MQXKKN5,https://m.media-amazon.com/images/I/51SMTkVQ9XL._AC_UL960_FMwebp_QL65_.jpg,14,"R$ 214,80",False,False,False,False,Mais de 40 compras no mês passado,"Entrega GRÁTIS: dom., 20 de jul.",False,,,,,
B09FTGJT22,"Kérastase Shampoo Specifique Bain Divalent, Cabelos oleosos, Controle da oleosidade, Aminoácido, Vitamina B6, 250 ml","R$ 172,88","R$ 188,34",BRL,4.6,2931,https://www.amazon.com.br/dp/B09FTGJT22,https://m.media-amazon.com/images/I/41vevQbng8L._AC_UL960_FMwebp_QL65_.jpg,1,"R$ 172,88",False,False,False,False,Mais de 600 compras no mês passado,"Entrega GRÁTIS: Amanhã, 14 de jul.Ou entrega mais rápida: Hoje",False,Floral,,,,
B0C6B4DM4V,Máquina de Corte Wahl Style Pro 127V,"R$ 103,99","R$ 149,00",BRL,4.5,181,https://www.amazon.com.br/dp/B0C6B4DM4V,https://m.media-amazon.com/images/I/41bbkqex3nL._AC_UL960_FMwebp_QL65_.jpg,1,"R$ 103,99",False,False,False,False,Mais de 100 compras no mês passado,"Entrega R$ 26,70: 15 - 26 de ago.",False,,,,,Oferta
B0D35S4P95,"Secador de Cabelo Glossy Color Elgin 2.000W Tourmaline íon, Jato Frio e 7 opções de Combinações Roxo - 220v","R$ 134,26","R$ 155,40",BRL,4.3,220,https://www.amazon.com.br/dp/B0D35S4P95,https://m.media-amazon.com/images/I/41hD0rTz2vL._AC_UL960_FMwebp_QL65_.jpg,3,"R$ 89,10",False,False,False,False,,"Entrega GRÁTIS: Amanhã, 14 de jul.Ou entrega mais rápida: Hoje",False,,,,,
B089WFPY84,Kit Shampoo E Condicionador 1L Nutri Enrich Invigo Wella Professional,"R$ 279,90",,BRL,4.7,739,https://www.amazon.com.br/dp/B089WFPY84,https://m.media-amazon.com/images/I/51ikELeupFL._AC_UL960_FMwebp_QL65_.jpg,10,"R$ 269,00",False,False,False,False,Mais de 600 compras no mês passado,"Entrega GRÁTIS: dom., 20 de jul.",False,,,"R$ 139,95",2.0,
B0DJTBH91Z,Kit L&#x27;Oréal Paris Solar Expertise Protetor Facial Antirrugas Fps 60 40g - 2 unidades,"R$ 59,20","R$ 69,77",BRL,4.8,39,https://www.amazon.com.br/dp/B0DJTBH91Z,https://m.media-amazon.com/images/I/71HV0gt9eYL._AC_UL960_FMwebp_QL65_.jpg,1,"R$ 59,20",False,False,True,False,Mais de 200 compras no mês passado,,False,,,"R$ 29,60",2.0,Oferta Prime Day
B0D82CWTV1,Kit Sérum Lifting e Ácido Clareador Rosa Selvagem,"R$ 103,90",,BRL,4.3,26,https://www.amazon.com.br/dp/B0D82CWTV1,https://m.media-amazon.com/images/I/51BtXPRXMJL._AC_UL960_FMwebp_QL65_.jpg,1,"R$ 103,90",False,False,False,False,Mais de 20 compras no mês passado,"Entrega GRÁTIS: ter., 29 de jul.",False,,,"R$ 0,58",179.0,
B08N5DBPX4,"Alfaparf Milano Semi Di Lino Curls Óleo Capilar - Para cabelos cacheados e ondulados - Hidrata, desembaraça, define, ilumina e protege - Qualidade profissional de salão 100ml","R$ 145,90",,BRL,4.6,574,https://www.amazon.com.br/dp/B08N5DBPX4,https://m.media-amazon.com/images/I/61aHe0HjznL._AC_UL960_FMwebp_QL65_.jpg,1,"R$ 145,90",False,False,False,False,Mais de 50 compras no mês passado,"Entrega GRÁTIS: sáb., 19 de jul.",False,,,,,
B09C2M2WB9,"Perfume Masculino EDT Phantom, Cinza, Paco Rabanne, 100 ml","R$ 500,00",,BRL,4.8,2286,https://www.amazon.com.br/dp/B09C2M2WB9,https://m.media-amazon.com/images/I/71T-7eJgqrL._AC_UL960_FMwebp_QL65_.jpg,12,"R$ 485,99",False,False,False,False,Mais de 30 compras no mês passado,"Entrega R$ 24,46: ter., 5 de ago.Ou entrega mais rápida: 17 - 21 de jul.",False,Citrus doce,,,,
B0B4PNNK4G,Panasonic Aparador Corporal Para Homens E Mulheres Mini V-Razor Aparador Elétrico Unissex De Uso Seco/Molhado Sem Fio Com 2 Acessórios Barbear Multidirecional Em Áreas,"R$ 219,91","R$ 259,92",BRL,4.3,166,https://www.amazon.com.br/dp/B0B4PNNK4G,https://m.media-amazon.com/images/I/51nJRscze6L._AC_UL960_FMwebp_QL65_.jpg,5,"R$ 220,00",False,False,False,False,,"Entrega GRÁTIS: ter., 15 de jul.",False,,,,,
B0C7RD81VV,BT TRANSITIONS PALETA DE SOMBRAS,"R$ 104,90",,BRL,4.8,45,https://www.amazon.com.br/dp/B0C7RD81VV,https://m.media-amazon.com/images/I/61zk7lzMiqL._AC_UL960_FMwebp_QL65_.jpg,1,"R$ 104,90",False,False,False,False,Mais de 50 compras no mês passado,"Entrega GRÁTIS: qua., 16 de jul.",False,Pó,,"R$ 104.900,00",,
B08KB4JPRV,TRAVEL ROSE GOLD BIV,"R$ 223,90",,BRL,4.1,109,https://www.amazon.com.br/dp/B08KB4JPRV,https://m.media-amazon.com/images/I/51vb6VWNqzL._AC_UL960_FMwebp_QL65_.jpg,8,"R$ 137,51",False,False,False,False,Mais de 50 compras no mês passado,"Entrega GRÁTIS: Amanhã, 14 de jul.Ou entrega mais rápida: Hoje",False,,,,,
B0068M4E6A,Mascara Moroccanoil Hydration Weightless Hydrating Mask 250ml,"R$ 161,87","R$ 180,68",BRL,4.5,2178,https://www.amazon.com.br/dp/B0068M4E6A,https://m.media-amazon.com/images/I/61sZu-NDUWL._AC_UL960_FMwebp_QL65_.jpg,1,"R$ 161,87",False,False,False,False,,"Entrega GRÁTIS: seg., 4 de ago.",False,,,,,
B0D1GJJRFW,Escova Secadora Cadence Uau 4 em 1 - Bivolt ESC800,"R$ 138,99",,BRL,4.5,207,https://www.amazon.com.br/dp/B0D1GJJRFW,https://m.media-amazon.com/images/I/51q5BSEjolL._AC_UL960_FMwebp_QL65_.jpg,24,"R$ 129,90",False,False,False,False,Mais de 200 compras no mês passado,"Entrega GRÁTIS: seg., 21 de jul.",False,,,"R$ 138,99",1.0,
B09KQBYCQT,"Kit 3 Máscaras Braé Revival+ Divine + Soul Color (3x 200g), BRAÉ","R$ 238,12",,BRL,4.5,141,https://www.amazon.com.br/dp/B09KQBYCQT,https://m.media-amazon.com/images/I/514wim6QdIL._AC_UL960_FMwebp_QL65_.jpg,2,"R$ 220,00",False,False,False,False,Mais de 100 compras no mês passado,"Entrega GRÁTIS: Amanhã, 14 de jul.Ou entrega mais rápida: Hoje",False,Cítrico,,,,
B09X8CZW18,"Kit Juba Máscara, Shampoo, Condicionador, Encara Widi Care","R$ 202,90",,BRL,4.7,439,https://www.amazon.com.br/dp/B09X8CZW18,https://m.media-amazon.com/images/I/71flHX+NOZL._AC_UL960_FMwebp_QL65_.jpg,1,"R$ 202,90",False,False,False,False,Mais de 100 compras no mês passado,"Entrega GRÁTIS: seg., 28 de jul.",False,,,"R$ 202,90",1.0,
B07MQXKKN5,Blondor Multi Blonde Powder 800g,"R$ 214,90",,BRL,4.7,141,https://www.amazon.com.br/dp/B07MQXKKN5,https://m.media-amazon.com/images/I/51SMTkVQ9XL._AC_UL960_FMwebp_QL65_.jpg,14,"R$ 214,80",False,False,False,False,Mais de 40 compras no mês passado,"Entrega GRÁTIS: dom., 20 de jul.",False,,,,,
B09FTGJT22,"Kérastase Shampoo Specifique Bain Divalent, Cabelos oleosos, Controle da oleosidade, Aminoácido, Vitamina B6, 250 ml","R$ 172,88","R$ 188,34",BRL,4.6,2931,https://www.amazon.com.br/dp/B09FTGJT22,https://m.media-amazon.com/images/I/41vevQbng8L._AC_UL960_FMwebp_QL65_.jpg,1,"R$ 172,88",False,False,False,False,Mais de 600 compras no mês passado,"Entrega GRÁTIS: Amanhã, 14 de jul.Ou entrega mais rápida: Hoje",False,Floral,,,,
B0C6B4DM4V,Máquina de Corte Wahl Style Pro 127V,"R$ 103,99","R$ 149,00",BRL,4.5,181,https://www.amazon.com.br/dp/B0C6B4DM4V,https://m.media-amazon.com/images/I/41bbkqex3nL._AC_UL960_FMwebp_QL65_.jpg,1,"R$ 103,99",False,False,False,False,Mais de 100 compras no mês passado,"Entrega R$ 26,70: 15 - 26 de ago.",False,,,,,Oferta
B0D35S4P95,"Secador de Cabelo Glossy Color Elgin 2.000W Tourmaline íon, Jato Frio e 7 opções de Combinações Roxo - 220v","R$ 134,26","R$ 155,40",BRL,4.3,220,https://www.amazon.com.br/dp/B0D35S4P95,https://m.media-amazon.com/images/I/41hD0rTz2vL._AC_UL960_FMwebp_QL65_.jpg,3,"R$ 89,10",False,False,False,False,,"Entrega GRÁTIS: Amanhã, 14 de jul.Ou entrega mais rápida: Hoje",False,,,,,
B089WFPY84,Kit Shampoo E Condicionador 1L Nutri Enrich Invigo Wella Professional,"R$ 279,90",,BRL,4.7,739,https://www.amazon.com.br/dp/B089WFPY84,https://m.media-amazon.com/images/I/51ikELeupFL._AC_UL960_FMwebp_QL65_.jpg,10,"R$ 269,00",False,False,False,False,Mais de 600 compras no mês passado,"Entrega GRÁTIS: dom., 20 de jul.",False,,,"R$ 139,95",2.0,
B0DJTBH91Z,Kit L&#x27;Oréal Paris Solar Expertise Protetor Facial Antirrugas Fps 60 40g - 2 unidades,"R$ 59,20","R$ 69,77",BRL,4.8,39,https://www.amazon.com.br/dp/B0DJTBH91Z,https://m.media-amazon.com/images/I/71HV0gt9eYL._AC_UL960_FMwebp_QL65_.jpg,1,"R$ 59,20",False,False,True,False,Mais de 200 compras no mês passado,,False,,,"R$ 29,60",2.0,Oferta Prime Day
B0D82CWTV1,Kit Sérum Lifting e Ácido Clareador Rosa Selvagem,"R$ 103,90",,BRL,4.3,26,https://www.amazon.com.br/dp/B0D82CWTV1,https://m.media-amazon.com/images/I/51BtXPRXMJL._AC_UL960_FMwebp_QL65_.jpg,1,"R$ 103,90",False,False,False,False,Mais de 20 compras no mês passado,"Entrega GRÁTIS: ter., 29 de jul.",False,,,"R$ 0,58",179.0,
B0BNC8WK5C,BRAÉ FIBER MASK CONDICIONANTE 500G,"R$ 119,90",,BRL,4.6,71,https://www.amazon.com.br/dp/B0BNC8WK5C,https://m.media-amazon.com/images/I/51Vlxg9NRRL._AC_UL960_FMwebp_QL65_.jpg,1,"R$ 119,90",False,False,False,False,Mais de 50 compras no mês passado,"Entrega GRÁTIS: qua., 16 de jul.",False,,,"R$ 119,90",1.0,
B06X1G5Z4V,Kit Amor Midas Biofios - Leave In + Óleo Argan (Oils Complex) + Reparador De Pontas Multifuncional,"R$ 101,64",,BRL,4.4,18,https://www.amazon.com.br/dp/B06X1G5Z4V,https://m.media-amazon.com/images/I/512NZQAujdL._AC_UL960_FMwebp_QL65_.jpg,1,"R$ 101,64",False,False,False,False,Mais de 30 compras no mês passado,"Entrega GRÁTIS: seg., 21 de jul.",False,,,"R$ 33,88",3.0,
B0C512S3FC,Escova Secadora Philco 4 em 1 PES25SR Advance Bivolt,"R$ 132,90",,BRL,4.6,450,https://www.amazon.com.br/dp/B0C512S3FC,https://m.media-amazon.com/images/I/51Xu9Mvl19L._AC_UL960_FMwebp_QL65_.jpg,22,"R$ 104,64",False,False,False,False,Mais de 300 compras no mês passado,"Entrega GRÁTIS: Amanhã, 14 de jul.Ou entrega mais rápida: Hoje",False,,,,,
B0BV2M7RC1,Armani Code EDT 75,"R$ 450,00",,BRL,4.5,137,https://www.amazon.com.br/dp/B0BV2M7RC1,https://m.media-amazon.com/images/I/51guaVh07hL._AC_UL960_FMwebp_QL65_.jpg,1,"R$ 450,00",False,False,False,False,,"Entrega R$ 24: ter., 5 de ago.Ou entrega mais rápida: 17 - 21 de jul.",False,Fresco,,"R$ 6,00",75.0,
B0DNKBTRT7,Kit TRUSS Equilibrium Double Shampoo (2 Unidades),"R$ 179,21",,BRL,5,10,https://www.amazon.com.br/dp/B0DNKBTRT7,https://m.media-amazon.com/images/I/61yIhf4oAdL._AC_UL960_FMwebp_QL65_.jpg,3,"R$ 173,90",False,False,False,False,Mais de 50 compras no mês passado,"Entrega GRÁTIS: qua., 16 de jul.",False,,,"R$ 89,61",2.0,
B0BHDZ6GF8,Batom Cremoso Kiko Milano Unlimited Stylo Longa Duração (11 Rosy Mauve),"R$ 148,90",,BRL,4.2,1846,https://www.amazon.com.br/dp/B0BHDZ6GF8,https://m.media-amazon.com/images/I/61Lx1TK5fcL._AC_UL960_FMwebp_QL65_.jpg,1,"R$ 148,90",False,False,False,False,,"Entrega GRÁTIS: dom., 20 de jul.",True,Creme,,"R$ 148,90",1.0,
B0BG31RX2C,"Wella Professionals Oil Reflections Shampoo, Tamanho: 1000 ml (Pacote de 1)","R$ 143,65","R$ 172,99",BRL,4.8,246,https://www.amazon.com.br/dp/B0BG31RX2C,https://m.media-amazon.com/images/I/41jl3OPFmbL._AC_UL960_FMwebp_QL65_.jpg,1,"R$ 143,65",False,False,True,False,Mais de 200 compras no mês passado,,False,Sem perfume,,,,Oferta Prime Day
B079N5N5DR,Perfume Jacques Bogart Silver Scent Masculino Edt 100ML,"R$ 249,90",,BRL,4.4,42,https://www.amazon.com.br/dp/B079N5N5DR,https://m.media-amazon.com/images/I/616McHQHI7L._AC_UL960_FMwebp_QL65_.jpg,3,"R$ 233,45",False,False,False,False,Mais de 30 compras no mês passado,"Entrega GRÁTIS: sáb., 19 de jul.",False,"Cítrico, Floral, Lavanda",,,,
B0D8RD3355,ISDIN Protetor Solar Corporal Transparent Spray FPS 50-250ml,"R$ 94,91","R$ 109,90",BRL,4.5,68,https://www.amazon.com.br/dp/B0D8RD3355,https://m.media-amazon.com/images/I/41-91npLSjL._AC_UL960_FMwebp_QL65_.jpg,1,"R$ 94,91",False,False,True,False,Mais de 100 compras no mês passado,,False,,,,,Oferta Prime Day
B08KWPDZ9K,Eudora Colônia Desodorante Lyra 75ml,"R$ 112,98",,BRL,4.8,106,https://www.amazon.com.br/dp/B08KWPDZ9K,https://m.media-amazon.com/images/I/51PCYFkQ18L._AC_UL960_FMwebp_QL65_.jpg,40,"R$ 109,50",False,False,False,False,Mais de 50 compras no mês passado,"Entrega R$ 27,82: 31 de jul. - 7 de ago.",False,Floral,,"R$ 112,98",1.0,
B000O7JOT2,"Vichy Desodorante Peles Sensíveis Roll on 48H 50ml, Branco","R$ 164,10",,BRL,4.5,1900,https://www.amazon.com.br/dp/B000O7JOT2,https://m.media-amazon.com/images/I/61lcBNLTOJL._AC_UL960_FMwebp_QL65_.jpg,8,"R$ 164,10",False,False,False,False,Mais de 100 compras no mês passado,,False,,,,,
B08SWHVT92,Arte Sedução Lixadeira Motor Elétrico Nail Drill Alumínio 110V-220V 35000 rpm,"R$ 132,00",,BRL,4.3,69,https://www.amazon.com.br/dp/B08SWHVT92,https://m.media-amazon.com/images/I/51J1HBhc++L._AC_UL960_FMwebp_QL65_.jpg,1,"R$ 132,00",False,False,False,True,Mais de 30 compras no mês passado,"Entrega GRÁTIS: qua., 16 de jul.",False,,,"R$ 132,00",1.0,
B0BYFXLF7X,Cetaphil Healthy Renew Creme Reparador Noturno 50g,"R$ 220,99",,BRL,4.7,354,https://www.amazon.com.br/dp/B0BYFXLF7X,https://m.media-amazon.com/images/I/7177FNgb8cL._AC_UL960_FMwebp_QL65_.jpg,1,"R$ 220,99",False,False,False,False,Mais de 50 compras no mês passado,"Entrega GRÁTIS: Amanhã, 14 de jul.Ou entrega mais rápida: Hoje",False,,,,,
B000ZJW6TY,Britney Spears Fantasy Femme Edp 100ml,"R$ 230,00",,BRL,4.6,2787,https://www.amazon.com.br/dp/B000ZJW6TY,https://m.media-amazon.com/images/I/61+y1ez7DTL._AC_UL960_FMwebp_QL65_.jpg,10,"R$ 219,00",False,False,False,False,Mais de 30 compras no mês passado,"Entrega R$ 31,51: 23 - 25 de jul.Ou entrega mais rápida: 18 - 21 de jul.",False,Fantasy,,"R$ 2.300,00",,
B085JGSVRK,"Truss Curly Light | Ativador de Cachos para Definição, Hidratação e Controle de Frizz | 250ml","R$ 129,99",,BRL,4.5,281,https://www.amazon.com.br/dp/B085JGSVRK,https://m.media-amazon.com/images/I/51oJUivtM0L._AC_UL960_FMwebp_QL65_.jpg,1,"R$ 129,99",False,False,False,False,Mais de 100 compras no mês passado,"Entrega GRÁTIS: seg., 21 de jul.",False,Sem perfume,,,,
B0B3SHKB3X,"EUCERIN Sérum Facial Daily Booster UltraLeve 30ml, 24h Hidratação, Fortaceledor, Hyaluron-Filler, Ácido Hialurônico, Antirrugas, Hidratante","R$ 108,28",,BRL,4.8,885,https://www.amazon.com.br/dp/B0B3SHKB3X,https://m.media-amazon.com/images/I/61dABx1Gu-L._AC_UL960_FMwebp_QL65_.jpg,6,"R$ 99,50",False,False,False,False,Mais de 800 compras no mês passado,"Entrega GRÁTIS: Amanhã, 14 de jul.Ou entrega mais rápida: Hoje",False,,,,,
B07MG75WL3,Kit Shampoo e Máscara Wella Nutri Enrich Invigo,"R$ 321,80",,BRL,4.8,2077,https://www.amazon.com.br/dp/B07MG75WL3,https://m.media-amazon.com/images/I/51NS1ml8ZlL._AC_UL960_FMwebp_QL65_.jpg,19,"R$ 289,70",False,False,False,False,Mais de 500 compras no mês passado,"Entrega GRÁTIS: dom., 20 de jul.",False,,,"R$ 321,80",1.0,
B09PC6T18K,Lily Eau de Parfum 75ml - O Boticário,"R$ 264,00",,BRL,4.6,65,https://www.amazon.com.br/dp/B09PC6T18K,https://m.media-amazon.com/images/I/61eczcnad6L._AC_UL960_FMwebp_QL65_.jpg,41,"R$ 222,44",False,False,False,False,,"Entrega R$ 23,08: 17 - 21 de jul.",False,Floral,,"R$ 264.000,00",,
B07FYP65SH,"Secatriz Prebio Control, Hidratante Facial para Pele Oleosa, Formulado com Prebióticos e Nicotinamida, Antiacne, Efeito Matte, Incolor, 40g","R$ 100,84",,BRL,4.6,317,https://www.amazon.com.br/dp/B07FYP65SH,https://m.media-amazon.com/images/I/612Id7bJI7L._AC_UL960_FMwebp_QL65_.jpg,1,"R$ 100,84",False,False,False,False,Mais de 100 compras no mês passado,"Entrega GRÁTIS: Amanhã, 14 de jul.Ou entrega mais rápida: Hoje",False,,,,,
B0BK23JWHG,"Escova Secadora Cadence 4 em 1 - ESC 710, Cinza/Preto Bivolt","R$ 149,99",,BRL,4.5,529,https://www.amazon.com.br/dp/B0BK23JWHG,https://m.media-amazon.com/images/I/51wB18CDQbL._AC_UL960_FMwebp_QL65_.jpg,19,"R$ 127,90",False,False,False,False,Mais de 300 compras no mês passado,"Entrega GRÁTIS: seg., 21 de jul.",False,,,"R$ 149,99",1.0,
B08PX8V9M8,"Escova Rotativa Ceramic Íon Turbo, Mondial, Vermelho/Preto, 1200W, 220V - ER-09","R$ 220,00",,BRL,4.4,1424,https://www.amazon.com.br/dp/B08PX8V9M8,https://m.media-amazon.com/images/I/41jcjb-xc1L._AC_UL960_FMwebp_QL65_.jpg,7,"R$ 196,11",False,False,False,False,Mais de 200 compras no mês passado,"Entrega GRÁTIS: Amanhã, 14 de jul.Ou entrega mais rápida: Hoje",False,,,,,
B071PCJQ9C,KEUNE CARE KERATIN SMOOTH MASK 200ml,"R$ 208,81",,BRL,4.7,567,https://www.amazon.com.br/dp/B071PCJQ9C,https://m.media-amazon.com/images/I/51HCTyPpVWL._AC_UL960_FMwebp_QL65_.jpg,25,"R$ 179,90",False,False,False,False,Mais de 50 compras no mês passado,"Entrega GRÁTIS: Amanhã, 14 de jul.Ou entrega mais rápida: Hoje",False,Sem perfume,,,,
B07GVY16K2,Fisiogel - Loção Hidratante Corporal A.I. Ação Calmante - 200ml,"R$ 134,90",,BRL,4.8,435,https://www.amazon.com.br/dp/B07GVY16K2,https://m.media-amazon.com/images/I/41IPR1qeDJL._AC_UL960_FMwebp_QL65_.jpg,1,"R$ 134,90",False,False,False,False,,Entrega GRÁTIS: 13 - 22 de ago.,False,,,"R$ 674,50",0.0,
B07BFQGJ9M,Mustela Solares Protetor Solar Fps 50+ 200 Ml - Filtro Solar Rosto E Corpo Para Bebês Crianças E Adultos - Alta Proteção Contra Raios Uva E Uvb Fórmula Hipoalergênica Para Todos Os Tipos,"R$ 111,14","R$ 123,49",BRL,4.8,11589,https://www.amazon.com.br/dp/B07BFQGJ9M,https://m.media-amazon.com/images/I/51J-gBLPqvL._AC_UL960_FMwebp_QL65_.jpg,1,"R$ 111,14",False,False,True,False,Mais de 600 compras no mês passado,,False,,,"R$ 0,56",198.0,Oferta Prime Day
B0FB5JPVXD,Kit c/ 2 Séruns Vitamina C 10 + Retinol Principia Skincare Tratamento,"R$ 122,98",,BRL,,0,https://www.amazon.com.br/dp/B0FB5JPVXD,https://m.media-amazon.com/images/I/51S98mEPZ2L._AC_UL960_FMwebp_QL65_.jpg,1,"R$ 122,98",False,False,False,False,,Entrega: Hoje,False,,,"R$ 2.049,67",,
B0C9YRRKKY,David Beckham Perfume True Instinct Eau de Parfum Masculino 50ml,"R$ 173,00",,BRL,4.4,42,https://www.amazon.com.br/dp/B0C9YRRKKY,https://m.media-amazon.com/images/I/61jTQvH+LIL._AC_UL960_FMwebp_QL65_.jpg,3,"R$ 160,00",False,False,False,False,Mais de 40 compras no mês passado,"Entrega GRÁTIS: seg., 4 de ago.",False,Âmbar,,"R$ 173,00",1.0,
B08NWH2XPV,Máscara Capilar AntiFrizz Burix One ProHall 1L,"R$ 219,90",,BRL,4.6,334,https://www.amazon.com.br/dp/B08NWH2XPV,https://m.media-amazon.com/images/I/41OnwzVxIvL._AC_UL960_FMwebp_QL65_.jpg,11,"R$ 207,90",False,False,False,False,Mais de 50 compras no mês passado,"Entrega GRÁTIS: qua., 16 de jul.",False,,,"R$ 0,22",1000.0,
B008SBKTZ4,Lancome Lancôme La Vie Est Belle Edp Perfume Feminino,"R$ 259,99","R$ 354,85",BRL,4.7,8800,https://www.amazon.com.br/dp/B008SBKTZ4,https://m.media-amazon.com/images/I/61Xmvcj4P8L._AC_UL960_FMwebp_QL65_.jpg,1,"R$ 259,99",False,False,True,False,Mais de 1 mil compras no mês passado,,False,Sândalo,,,,Oferta Prime Day
B079VPWD4W,"Mantecorp - Creme Rejuvenescedor para Olhos Reviline - Reduz Rugas, Linhas de Expressão e Flacidez - 15g","R$ 189,05",,BRL,4.5,121,https://www.amazon.com.br/dp/B079VPWD4W,https://m.media-amazon.com/images/I/61Qc8QQ8h2L._AC_UL960_FMwebp_QL65_.jpg,8,"R$ 152,90",False,False,False,False,Mais de 100 compras no mês passado,"Entrega GRÁTIS: ter., 15 de jul.",False,,,,,
B07VP78MGH,KIT KEUNE CARE VITAL NUTRITION - SHAMPOO 300ML + CONDICIONADOR 250ML,"R$ 211,90",,BRL,4.6,148,https://www.amazon.com.br/dp/B07VP78MGH,https://m.media-amazon.com/images/I/51fK6HfwM5L._AC_UL960_FMwebp_QL65_.jpg,1,"R$ 211,90",False,False,False,False,Mais de 50 compras no mês passado,"Entrega GRÁTIS: seg., 21 de jul.",False,,,,,
B0D63WK7WH,CHAPA TITANIUM PROGRESS BIV.,"R$ 380,00","R$ 439,00",BRL,4.2,38,https://www.amazon.com.br/dp/B0D63WK7WH,https://m.media-amazon.com/images/I/414E6CmwpvL._AC_UL960_FMwebp_QL65_.jpg,1,"R$ 380,00",False,False,False,False,Mais de 20 compras no mês passado,"Entrega GRÁTIS: Amanhã, 14 de jul.Ou entrega mais rápida: Hoje",False,,,,,
B077C3MB2J,Lowell Silver Slim Kit - Shampoo + Condicionador Kit,"R$ 104,99",,BRL,4.8,194,https://www.amazon.com.br/dp/B077C3MB2J,https://m.media-amazon.com/images/I/51UkszVpeOL._AC_UL960_FMwebp_QL65_.jpg,8,"R$ 88,48",False,False,False,False,Mais de 50 compras no mês passado,"Entrega GRÁTIS: qua., 16 de jul.",False,,,,,
B000ZJW6TY,Britney Spears Fantasy Femme Edp 100ml,"R$ 230,00",,BRL,4.6,2787,https://www.amazon.com.br/dp/B000ZJW6TY,https://m.media-amazon.com/images/I/61+y1ez7DTL._AC_UL960_FMwebp_QL65_.jpg,10,"R$ 219,00",False,False,False,False,Mais de 30 compras no mês passado,"Entrega R$ 31,51: 23 - 25 de jul.Ou entrega mais rápida: 18 - 21 de jul.",False,Fantasy,,"R$ 2.300,00",,
B085JGSVRK,"Truss Curly Light | Ativador de Cachos para Definição, Hidratação e Controle de Frizz | 250ml","R$ 129,99",,BRL,4.5,281,https://www.amazon.com.br/dp/B085JGSVRK,https://m.media-amazon.com/images/I/51oJUivtM0L._AC_UL960_FMwebp_QL65_.jpg,1,"R$ 129,99",False,False,False,False,Mais de 100 compras no mês passado,"Entrega GRÁTIS: seg., 21 de jul.",False,Sem perfume,,,,
B0B3SHKB3X,"EUCERIN Sérum Facial Daily Booster UltraLeve 30ml, 24h Hidratação, Fortaceledor, Hyaluron-Filler, Ácido Hialurônico, Antirrugas, Hidratante","R$ 108,28",,BRL,4.8,885,https://www.amazon.com.br/dp/B0B3SHKB3X,https://m.media-amazon.com/images/I/61dABx1Gu-L._AC_UL960_FMwebp_QL65_.jpg,6,"R$ 99,50",False,False,False,False,Mais de 800 compras no mês passado,"Entrega GRÁTIS: Amanhã, 14 de jul.Ou entrega mais rápida: Hoje",False,,,,,
B07MG75WL3,Kit Shampoo e Máscara Wella Nutri Enrich Invigo,"R$ 321,80",,BRL,4.8,2077,https://www.amazon.com.br/dp/B07MG75WL3,https://m.media-amazon.com/images/I/51NS1ml8ZlL._AC_UL960_FMwebp_QL65_.jpg,19,"R$ 289,70",False,False,False,False,Mais de 500 compras no mês passado,"Entrega GRÁTIS: dom., 20 de jul.",False,,,"R$ 321,80",1.0,
B09PC6T18K,Lily Eau de Parfum 75ml - O Boticário,"R$ 264,00",,BRL,4.6,65,https://www.amazon.com.br/dp/B09PC6T18K,https://m.media-amazon.com/images/I/61eczcnad6L._AC_UL960_FMwebp_QL65_.jpg,41,"R$ 222,44",False,False,False,False,,"Entrega R$ 23,08: 17 - 21 de jul.",False,Floral,,"R$ 264.000,00",,
B07FYP65SH,"Secatriz Prebio Control, Hidratante Facial para Pele Oleosa, Formulado com Prebióticos e Nicotinamida, Antiacne, Efeito Matte, Incolor, 40g","R$ 100,84",,BRL,4.6,317,https://www.amazon.com.br/dp/B07FYP65SH,https://m.media-amazon.com/images/I/612Id7bJI7L._AC_UL960_FMwebp_QL65_.jpg,1,"R$ 100,84",False,True,False,False,Mais de 100 compras no mês passado,"Entrega GRÁTIS: Amanhã, 14 de jul.Ou entrega mais rápida: Hoje",False,,,,,Escolha
B0BK23JWHG,"Escova Secadora Cadence 4 em 1 - ESC 710, Cinza/Preto Bivolt","R$ 149,99",,BRL,4.5,529,https://www.amazon.com.br/dp/B0BK23JWHG,https://m.media-amazon.com/images/I/51wB18CDQbL._AC_UL960_FMwebp_QL65_.jpg,19,"R$ 127,90",False,False,False,False,Mais de 300 compras no mês passado,"Entrega GRÁTIS: seg., 21 de jul.",False,,,"R$ 149,99",1.0,
B08PX8V9M8,"Escova Rotativa Ceramic Íon Turbo, Mondial, Vermelho/Preto, 1200W, 220V - ER-09","R$ 220,00",,BRL,4.4,1424,https://www.amazon.com.br/dp/B08PX8V9M8,https://m.media-amazon.com/images/I/41jcjb-xc1L._AC_UL960_FMwebp_QL65_.jpg,7,"R$ 196,11",False,False,False,False,Mais de 200 compras no mês passado,"Entrega GRÁTIS: Amanhã, 14 de jul.Ou entrega mais rápida: Hoje",False,,,,,
B071PCJQ9C,KEUNE CARE KERATIN SMOOTH MASK 200ml,"R$ 208,81",,BRL,4.7,567,https://www.amazon.com.br/dp/B071PCJQ9C,https://m.media-amazon.com/images/I/51HCTyPpVWL._AC_UL960_FMwebp_QL65_.jpg,25,"R$ 179,90",False,False,False,False,Mais de 50 compras no mês passado,"Entrega GRÁTIS: Amanhã, 14 de jul.Ou entrega mais rápida: Hoje",False,Sem perfume,,,,
B07GVY16K2,Fisiogel - Loção Hidratante Corporal A.I. Ação Calmante - 200ml,"R$ 134,90",,BRL,4.8,435,https://www.amazon.com.br/dp/B07GVY16K2,https://m.media-amazon.com/images/I/41IPR1qeDJL._AC_UL960_FMwebp_QL65_.jpg,1,"R$ 134,90",False,False,False,False,,Entrega GRÁTIS: 13 - 22 de ago.,False,,,"R$ 674,50",0.0,
B07BFQGJ9M,Mustela Solares Protetor Solar Fps 50+ 200 Ml - Filtro Solar Rosto E Corpo Para Bebês Crianças E Adultos - Alta Proteção Contra Raios Uva E Uvb Fórmula Hipoalergênica Para Todos Os Tipos,"R$ 111,14","R$ 123,49",BRL,4.8,11589,https://www.amazon.com.br/dp/B07BFQGJ9M,https://m.media-amazon.com/images/I/51J-gBLPqvL._AC_UL960_FMwebp_QL65_.jpg,1,"R$ 111,14",False,False,True,False,Mais de 600 compras no mês passado,,False,,,"R$ 0,56",198.0,Oferta Prime Day
B0FB5JPVXD,Kit c/ 2 Séruns Vitamina C 10 + Retinol Principia Skincare Tratamento,"R$ 122,98",,BRL,,0,https://www.amazon.com.br/dp/B0FB5JPVXD,https://m.media-amazon.com/images/I/51S98mEPZ2L._AC_UL960_FMwebp_QL65_.jpg,1,"R$ 122,98",False,False,False,False,,Entrega: Hoje,False,,,"R$ 2.049,67",,
B0C9YRRKKY,David Beckham Perfume True Instinct Eau de Parfum Masculino 50ml,"R$ 173,00",,BRL,4.4,42,https://www.amazon.com.br/dp/B0C9YRRKKY,https://m.media-amazon.com/images/I/61jTQvH+LIL._AC_UL960_FMwebp_QL65_.jpg,3,"R$ 160,00",False,False,False,False,Mais de 40 compras no mês passado,"Entrega GRÁTIS: seg., 4 de ago.",False,Âmbar,,"R$ 173,00",1.0,
B08NWH2XPV,Máscara Capilar AntiFrizz Burix One ProHall 1L,"R$ 219,90",,BRL,4.6,334,https://www.amazon.com.br/dp/B08NWH2XPV,https://m.media-amazon.com/images/I/41OnwzVxIvL._AC_UL960_FMwebp_QL65_.jpg,11,"R$ 207,90",False,False,False,False,Mais de 50 compras no mês passado,"Entrega GRÁTIS: qua., 16 de jul.",False,,,"R$ 0,22",1000.0,
B008SBKTZ4,Lancome Lancôme La Vie Est Belle Edp Perfume Feminino,"R$ 259,99","R$ 354,85",BRL,4.7,8800,https://www.amazon.com.br/dp/B008SBKTZ4,https://m.media-amazon.com/images/I/61Xmvcj4P8L._AC_UL960_FMwebp_QL65_.jpg,1,"R$ 259,99",False,False,True,False,Mais de 1 mil compras no mês passado,,False,Sândalo,,,,Oferta Prime Day
B079VPWD4W,"Mantecorp - Creme Rejuvenescedor para Olhos Reviline - Reduz Rugas, Linhas de Expressão e Flacidez - 15g","R$ 189,05",,BRL,4.5,121,https://www.amazon.com.br/dp/B079VPWD4W,https://m.media-amazon.com/images/I/61Qc8QQ8h2L._AC_UL960_FMwebp_QL65_.jpg,8,"R$ 152,90",False,False,False,False,Mais de 100 compras no mês passado,"Entrega GRÁTIS: ter., 15 de jul.",False,,,,,
B07VP78MGH,KIT KEUNE CARE VITAL NUTRITION - SHAMPOO 300ML + CONDICIONADOR 250ML,"R$ 211,90",,BRL,4.6,148,https://www.amazon.com.br/dp/B07VP78MGH,https://m.media-amazon.com/images/I/51fK6HfwM5L._AC_UL960_FMwebp_QL65_.jpg,1,"R$ 211,90",False,False,False,False,Mais de 50 compras no mês passado,"Entrega GRÁTIS: seg., 21 de jul.",False,,,,,
B0D63WK7WH,CHAPA TITANIUM PROGRESS BIV.,"R$ 380,00","R$ 439,00",BRL,4.2,38,https://www.amazon.com.br/dp/B0D63WK7WH,https://m.media-amazon.com/images/I/414E6CmwpvL._AC_UL960_FMwebp_QL65_.jpg,1,"R$ 380,00",False,False,False,False,Mais de 20 compras no mês passado,"Entrega GRÁTIS: Amanhã, 14 de jul.Ou entrega mais rápida: Hoje",False,,,,,
B077C3MB2J,Lowell Silver Slim Kit - Shampoo + Condicionador Kit,"R$ 104,99",,BRL,4.8,194,https://www.amazon.com.br/dp/B077C3MB2J,https://m.media-amazon.com/images/I/51UkszVpeOL._AC_UL960_FMwebp_QL65_.jpg,8,"R$ 88,48",False,False,False,False,Mais de 50 compras no mês passado,"Entrega GRÁTIS: qua., 16 de jul.",False,,,,,
B083M7WZBZ,Joico Moiture Recovery Moisturizing Conditioner 250Ml Smart Release,"R$ 134,29",,BRL,4.7,1862,https://www.amazon.com.br/dp/B083M7WZBZ,https://m.media-amazon.com/images/I/61Pdt00LauL._AC_UL960_FMwebp_QL65_.jpg,1,"R$ 134,29",False,False,False,False,Mais de 50 compras no mês passado,"Entrega GRÁTIS: dom., 20 de jul.",False,,,,,
B0947C56TC,"ISDIN Vitamina C Sérum Antioxidante Intensivo Isdinceutics Flavo-C Forte 1 unidade – 5,3 ml","R$ 107,64",,BRL,4.4,503,https://www.amazon.com.br/dp/B0947C56TC,https://m.media-amazon.com/images/I/41XSQU9muVL._AC_UL960_FMwebp_QL65_.jpg,1,"R$ 107,64",False,False,False,False,Mais de 50 compras no mês passado,"Entrega GRÁTIS: Amanhã, 14 de jul.Ou entrega mais rápida: Hoje",False,,,,,
B07MPD8CXZ,Sérum Rejuvenescedor Facial Ivy C Skincare FPS 30-30ml - Ação Hidratante - Proteção Solar e Uniformização da Pele - Mantecorp,"R$ 204,99",,BRL,4.8,290,https://www.amazon.com.br/dp/B07MPD8CXZ,https://m.media-amazon.com/images/I/61FZzU-Al5L._AC_UL960_FMwebp_QL65_.jpg,1,"R$ 204,99",False,False,False,False,Mais de 100 compras no mês passado,"Entrega GRÁTIS: Amanhã, 14 de jul.Ou entrega mais rápida: Hoje",False,,,,,
B09RGDRQXY,"Escova de cabelo Wet Brush Original Detangler, desembaraçadora, super macia","R$ 213,60",,BRL,4.8,1683,https://www.amazon.com.br/dp/B09RGDRQXY,https://m.media-amazon.com/images/I/616M1pzawnL._AC_UL960_FMwebp_QL65_.jpg,1,"R$ 213,60",False,False,False,False,Mais de 40 compras no mês passado,"Entrega GRÁTIS: qua., 16 de jul.",False,,,"R$ 213,60",1.0,
B0CGBWBG9R,Payot Serum Menoderm Menopausa 35Ml,"R$ 118,99",,BRL,4.4,13,https://www.amazon.com.br/dp/B0CGBWBG9R,https://m.media-amazon.com/images/I/71KXrOl80wL._AC_UL960_FMwebp_QL65_.jpg,9,"R$ 109,70",False,False,False,False,,"Entrega GRÁTIS: ter., 5 de ago.",False,,,"R$ 118,99",1.0,
B0BGCSDM64,MALBEC DESODORANTE COLÔNIA 100 ML - O BOTICÁRIO,"R$ 199,90",,BRL,4.7,97,https://www.amazon.com.br/dp/B0BGCSDM64,https://m.media-amazon.com/images/I/51c+fn0fKNL._AC_UL960_FMwebp_QL65_.jpg,39,"R$ 169,90",False,False,False,False,Mais de 30 compras no mês passado,"Entrega GRÁTIS: sáb., 19 de jul.",False,,,"R$ 199,90",1.0,
B097HYB7ZB,Kit Arvensis Cachos Naturais Shampoo + Condicionador 300ml + Máscara 2x1-450g,"R$ 159,90","R$ 189,90",BRL,4.5,531,https://www.amazon.com.br/dp/B097HYB7ZB,https://m.media-amazon.com/images/I/51ea4L7LAlL._AC_UL960_FMwebp_QL65_.jpg,1,"R$ 159,90",False,False,False,False,Mais de 200 compras no mês passado,"Entrega GRÁTIS: qua., 16 de jul.",False,,,"R$ 159,90",1.0,Oferta
B0C2WPYMDF,Itallian Hairtech Shampoo Pós-Química 1L Trivitt,"R$ 100,17","R$ 115,00",BRL,4.8,125,https://www.amazon.com.br/dp/B0C2WPYMDF,https://m.media-amazon.com/images/I/41d31pplRlL._AC_UL960_FMwebp_QL65_.jpg,1,"R$ 100,17",False,False,False,False,Mais de 50 compras no mês passado,"Entrega GRÁTIS: seg., 21 de jul.",False,Cítrico,,"R$ 100,17",1.0,
B0C919J3H3,Triondas Modelador de Cachos 25mm Prancha Profissional Bivolt Turmalina Cerâmica Ondas Perfeitas Anti estático(SK007),"R$ 129,50",,BRL,4.3,279,https://www.amazon.com.br/dp/B0C919J3H3,https://m.media-amazon.com/images/I/613CfdVnEuL._AC_UL960_FMwebp_QL65_.jpg,1,"R$ 129,50",False,False,False,False,Mais de 30 compras no mês passado,"Entrega GRÁTIS: qua., 16 de jul.",False,,,,,
B0BZZLS9HH,"Kérastase Nutritive Lait Vital, Condicionador Hidratante para Cabelos Secos, Nutrição Intensa, Maciez, Desembaraço, Vitalidade e Restauração da Fibra Capilar, 200ml","R$ 239,00",,BRL,4.5,1997,https://www.amazon.com.br/dp/B0BZZLS9HH,https://m.media-amazon.com/images/I/61TzYSwnS1L._AC_UL960_FMwebp_QL65_.jpg,1,"R$ 239,00",False,False,False,False,Mais de 200 compras no mês passado,"Entrega GRÁTIS: ter., 15 de jul.",False,Floral,,,,
B07VNBN6Q1,"Secador Taiff Easy, 1700W, 127V, Preto","R$ 209,90",,BRL,4.8,3264,https://www.amazon.com.br/dp/B07VNBN6Q1,https://m.media-amazon.com/images/I/71i42qx6rAL._AC_UL960_FMwebp_QL65_.jpg,28,"R$ 168,83",False,False,False,False,Mais de 800 compras no mês passado,"Entrega GRÁTIS: Amanhã, 14 de jul.Ou entrega mais rápida: Hoje",False,,,,,
B01ATJESD6,Óleo Corporal Nuxe Paris Huile Prodigieuse 100ml,"R$ 216,89",,BRL,4.6,11686,https://www.amazon.com.br/dp/B01ATJESD6,https://m.media-amazon.com/images/I/71sdc3s-QeL._AC_UL960_FMwebp_QL65_.jpg,1,"R$ 216,89",False,False,False,False,Mais de 30 compras no mês passado,Entrega GRÁTIS: 31 de jul. - 7 de ago.,False,,,,,
B0D6NG5VTQ,"Kit Aneethun No Frizz Shampoo, Máscara e Leave-in Selante","R$ 184,00",,BRL,4.1,103,https://www.amazon.com.br/dp/B0D6NG5VTQ,https://m.media-amazon.com/images/I/51jsCyj0iYL._AC_UL960_FMwebp_QL65_.jpg,13,"R$ 182,00",False,False,False,False,Mais de 50 compras no mês passado,"Entrega GRÁTIS: qua., 16 de jul.",False,,,"R$ 61,33",3.0,
B0C9NYX6DB,Shampoo Wella Professionals Aqua Pure 1000ml,"R$ 169,90",,BRL,4.4,33,https://www.amazon.com.br/dp/B0C9NYX6DB,https://m.media-amazon.com/images/I/41fK4Fj6H9L._AC_UL960_FMwebp_QL65_.jpg,3,"R$ 157,58",False,False,False,False,Mais de 40 compras no mês passado,"Entrega GRÁTIS: dom., 20 de jul.",False,Sem perfume,,,,
B0B6Q33D65,True Source Collagen Protein Beauty 450G Coconut Cream -,"R$ 151,22",,BRL,4.4,144,https://www.amazon.com.br/dp/B0B6Q33D65,https://m.media-amazon.com/images/I/51qSAqLYYTL._AC_UL960_FMwebp_QL65_.jpg,19,"R$ 144,99",False,False,False,False,Mais de 100 compras no mês passado,"Entrega GRÁTIS: Amanhã, 14 de jul.Ou entrega mais rápida: Hoje",False,,,"R$ 336,04",0.0,
B0F127GS89,Kit Dove Bond Repair Shampoo 175ml + Condicionador 150ml + Leave-in 50ml + Máscara 250g + Óleo Bifásico 110ml (5 Produtos),"R$ 167,90",,BRL,4.8,9,https://www.amazon.com.br/dp/B0F127GS89,https://m.media-amazon.com/images/I/51AkvqS-KgL._AC_UL960_FMwebp_QL65_.jpg,4,"R$ 153,99",False,False,False,False,,"Entrega GRÁTIS: dom., 20 de jul.",False,,,"R$ 167,90",1.0,
B09Q1NK9RV,"True Hue Shampoo, Senscience 280ml - NOVA EMBALAGEM, vermelho","R$ 109,90",,BRL,4.6,43,https://www.amazon.com.br/dp/B09Q1NK9RV,https://m.media-amazon.com/images/I/51aLB4TmJYL._AC_UL960_FMwebp_QL65_.jpg,15,"R$ 104,00",False,False,False,False,,"Entrega GRÁTIS: ter., 15 de jul.",False,Cítrico,,,,
B0CKTQQ7H2,Kit Vichy Dercos Antiqueda Energy+: Shampoo 400g + Condicionador 200g,"R$ 258,62",,BRL,4.8,149,https://www.amazon.com.br/dp/B0CKTQQ7H2,https://m.media-amazon.com/images/I/51ji77kU9OL._AC_UL960_FMwebp_QL65_.jpg,1,"R$ 258,62",False,False,False,False,,Entrega: Hoje,False,,,,,
B0B9T66V4C,Kit 2x400mL Fisiogel AI Ação Calmante Loção Cremosa,"R$ 265,90",,BRL,4.7,89,https://www.amazon.com.br/dp/B0B9T66V4C,https://m.media-amazon.com/images/I/51QXcWbXATL._AC_UL960_FMwebp_QL65_.jpg,1,"R$ 265,90",False,False,False,False,Mais de 100 compras no mês passado,"Entrega GRÁTIS: qua., 6 de ago.",False,Sem perfume,,"R$ 265.900,00",,
B07ZMLPGJ4,Floratta Red Colônia 75ml - Feminino,"R$ 128,90",,BRL,4.7,341,https://www.amazon.com.br/dp/B07ZMLPGJ4,https://m.media-amazon.com/images/I/61WZ84jU3gL._AC_UL960_FMwebp_QL65_.jpg,69,"R$ 107,99",False,True,False,False,Mais de 20 compras no mês passado,"Entrega GRÁTIS: dom., 20 de jul.",False,Frutado,,"R$ 1.718,67",,Escolha
B07M6ZZQT5,Truss Miracle Máscara 180g,"R$ 124,90","R$ 134,90",BRL,4.8,400,https://www.amazon.com.br/dp/B07M6ZZQT5,https://m.media-amazon.com/images/I/61Wgtxm4IdL._AC_UL960_FMwebp_QL65_.jpg,1,"R$ 124,90",False,False,False,False,Mais de 50 compras no mês passado,"Entrega GRÁTIS: seg., 21 de jul.",False,Aloe vera,,"R$ 693,89",0.0,
B07ZK5LMWW,"Philips Cortador de cabelos com 28 ajustes de altura, Bivolt - HC5610/15","R$ 220,92","R$ 259,90",BRL,4.8,2296,https://www.amazon.com.br/dp/B07ZK5LMWW,https://m.media-amazon.com/images/I/51HKLuSAnBL._AC_UL960_FMwebp_QL65_.jpg,1,"R$ 220,92",False,False,True,True,Mais de 600 compras no mês passado,,False,,,,,Oferta Prime Day
B01JEYRX8O,"Good Girl - Perfume Feminino - Eau de Parfum, Carolina Herrera","R$ 455,99",,BRL,4.7,7884,https://www.amazon.com.br/dp/B01JEYRX8O,https://m.media-amazon.com/images/I/61vwxTQk0tL._AC_UL960_FMwebp_QL65_.jpg,14,"R$ 455,99",False,False,False,False,Mais de 30 compras no mês passado,,False,Floral,,,,
B0D482B9S4,Lash Lifting Cílios E Brow Lamination Sobrancelhas Nagaraku (2cx),"R$ 111,99",,BRL,4.5,39,https://www.amazon.com.br/dp/B0D482B9S4,https://m.media-amazon.com/images/I/71GyZQZzrsL._AC_UL960_FMwebp_QL65_.jpg,1,"R$ 111,99",False,False,False,False,,"Entrega GRÁTIS: qua., 16 de jul.",False,,,"R$ 111,99",1.0,
B095PXFR87,Quasar Brave Desodorante Colônia 100 mL O Boticário,"R$ 125,90",,BRL,4.5,55,https://www.amazon.com.br/dp/B095PXFR87,https://m.media-amazon.com/images/I/614tGp0sUhS._AC_UL960_FMwebp_QL65_.jpg,11,"R$ 125,90",False,False,False,False,,,False,Fougère,,,,
B07WDZGYBS,Natura Homem DOM - 100 ml | Natura,"R$ 129,99","R$ 140,91",BRL,4.7,145,https://www.amazon.com.br/dp/B07WDZGYBS,https://m.media-amazon.com/images/I/51855EhaOlL._AC_UL960_FMwebp_QL65_.jpg,20,"R$ 129,75",False,False,False,False,Mais de 50 compras no mês passado,"Entrega R$ 22,63: 31 de jul. - 7 de ago.Ou entrega mais rápida: 21 - 28 de jul.",False,,,"R$ 1.299,90",,
B0BVSTCXZY,Hada Labo® Gokujyun White Gel - Hidratante para rosto com proteção solar FPS 50,"R$ 138,80",,BRL,4.8,277,https://www.amazon.com.br/dp/B0BVSTCXZY,https://m.media-amazon.com/images/I/61ZikJBFziL._AC_UL960_FMwebp_QL65_.jpg,1,"R$ 138,80",False,False,False,False,Mais de 200 compras no mês passado,"Entrega GRÁTIS: qua., 16 de jul.",False,,,,,
B077MFC3L9,Prancha Nano Titanium Babyliss PRO Larga By Roger 1 3/4 44mm 110V,"R$ 450,00",,BRL,4.8,103,https://www.amazon.com.br/dp/B077MFC3L9,https://m.media-amazon.com/images/I/51j5THTiQQL._AC_UL960_FMwebp_QL65_.jpg,1,"R$ 450,00",False,False,False,False,Mais de 50 compras no mês passado,Entrega GRÁTIS: 23 - 25 de jul.,False,,,"R$ 450,00",1.0,
B097Z1WBPY,DR JACK Shampoo Antiqueda Tonificante Caffeínes Therapy 240ml,"R$ 119,00","R$ 128,49",BRL,4.6,110,https://www.amazon.com.br/dp/B097Z1WBPY,https://m.media-amazon.com/images/I/419vgPWtOZL._AC_UL960_FMwebp_QL65_.jpg,4,"R$ 118,90",False,False,False,False,Mais de 20 compras no mês passado,"Entrega GRÁTIS: seg., 21 de jul.",False,,,"R$ 495,83",0.0,
B07VNBN6Q1,"Secador Taiff Easy, 1700W, 127V, Preto","R$ 209,90",,BRL,4.8,3264,https://www.amazon.com.br/dp/B07VNBN6Q1,https://m.media-amazon.com/images/I/71i42qx6rAL._AC_UL960_FMwebp_QL65_.jpg,28,"R$ 168,83",False,False,False,False,Mais de 800 compras no mês passado,"Entrega GRÁTIS: Amanhã, 14 de jul.Ou entrega mais rápida: Hoje",False,,,,,
B01ATJESD6,Óleo Corporal Nuxe Paris Huile Prodigieuse 100ml,"R$ 216,89",,BRL,4.6,11686,https://www.amazon.com.br/dp/B01ATJESD6,https://m.media-amazon.com/images/I/71sdc3s-QeL._AC_UL960_FMwebp_QL65_.jpg,1,"R$ 216,89",False,False,False,False,Mais de 30 compras no mês passado,Entrega GRÁTIS: 31 de jul. - 7 de ago.,False,,,,,
B0D6NG5VTQ,"Kit Aneethun No Frizz Shampoo, Máscara e Leave-in Selante","R$ 184,00",,BRL,4.1,103,https://www.amazon.com.br/dp/B0D6NG5VTQ,https://m.media-amazon.com/images/I/51jsCyj0iYL._AC_UL960_FMwebp_QL65_.jpg,13,"R$ 182,00",False,False,False,False,Mais de 50 compras no mês passado,"Entrega GRÁTIS: qua., 16 de jul.",False,,,"R$ 61,33",3.0,
B0C9NYX6DB,Shampoo Wella Professionals Aqua Pure 1000ml,"R$ 169,90",,BRL,4.4,33,https://www.amazon.com.br/dp/B0C9NYX6DB,https://m.media-amazon.com/images/I/41fK4Fj6H9L._AC_UL960_FMwebp_QL65_.jpg,3,"R$ 157,58",False,False,False,False,Mais de 40 compras no mês passado,"Entrega GRÁTIS: dom., 20 de jul.",False,Sem perfume,,,,
B0B6Q33D65,True Source Collagen Protein Beauty 450G Coconut Cream -,"R$ 151,22",,BRL,4.4,144,https://www.amazon.com.br/dp/B0B6Q33D65,https://m.media-amazon.com/images/I/51qSAqLYYTL._AC_UL960_FMwebp_QL65_.jpg,19,"R$ 144,99",False,True,False,False,Mais de 100 compras no mês passado,"Entrega GRÁTIS: Amanhã, 14 de jul.Ou entrega mais rápida: Hoje",False,,,"R$ 336,04",0.0,Escolha
B0F127GS89,Kit Dove Bond Repair Shampoo 175ml + Condicionador 150ml + Leave-in 50ml + Máscara 250g + Óleo Bifásico 110ml (5 Produtos),"R$ 167,90",,BRL,4.8,9,https://www.amazon.com.br/dp/B0F127GS89,https://m.media-amazon.com/images/I/51AkvqS-KgL._AC_UL960_FMwebp_QL65_.jpg,4,"R$ 153,99",False,False,False,False,,"Entrega GRÁTIS: dom., 20 de jul.",False,,,"R$ 167,90",1.0,
B09Q1NK9RV,"True Hue Shampoo, Senscience 280ml - NOVA EMBALAGEM, vermelho","R$ 109,90",,BRL,4.6,43,https://www.amazon.com.br/dp/B09Q1NK9RV,https://m.media-amazon.com/images/I/51aLB4TmJYL._AC_UL960_FMwebp_QL65_.jpg,15,"R$ 104,00",False,False,False,False,,"Entrega GRÁTIS: ter., 15 de jul.",False,Cítrico,,,,
B0CKTQQ7H2,Kit Vichy Dercos Antiqueda Energy+: Shampoo 400g + Condicionador 200g,"R$ 258,62",,BRL,4.8,149,https://www.amazon.com.br/dp/B0CKTQQ7H2,https://m.media-amazon.com/images/I/51ji77kU9OL._AC_UL960_FMwebp_QL65_.jpg,1,"R$ 258,62",False,False,False,False,,Entrega: Hoje,False,,,,,
B0CKZHFYG5,"Kit África Baobá Apse Shampoo, Condicionador, Gelatina, Máscara e Creme Vegano","R$ 189,67",,BRL,4.7,20,https://www.amazon.com.br/dp/B0CKZHFYG5,https://m.media-amazon.com/images/I/411Mgh6nWuL._AC_UL960_FMwebp_QL65_.jpg,4,"R$ 179,91",False,False,False,False,Mais de 20 compras no mês passado,"Entrega GRÁTIS: qua., 16 de jul.",False,,,,,
B0B9T66V4C,Kit 2x400mL Fisiogel AI Ação Calmante Loção Cremosa,"R$ 265,90",,BRL,4.7,89,https://www.amazon.com.br/dp/B0B9T66V4C,https://m.media-amazon.com/images/I/51QXcWbXATL._AC_UL960_FMwebp_QL65_.jpg,1,"R$ 265,90",False,False,False,False,Mais de 100 compras no mês passado,"Entrega GRÁTIS: qua., 6 de ago.",False,Sem perfume,,"R$ 265.900,00",,
B07ZMLPGJ4,Floratta Red Colônia 75ml - Feminino,"R$ 128,90",,BRL,4.7,341,https://www.amazon.com.br/dp/B07ZMLPGJ4,https://m.media-amazon.com/images/I/61WZ84jU3gL._AC_UL960_FMwebp_QL65_.jpg,69,"R$ 107,99",False,False,False,False,Mais de 20 compras no mês passado,"Entrega GRÁTIS: dom., 20 de jul.",False,Frutado,,"R$ 1.718,67",,
B07M6ZZQT5,Truss Miracle Máscara 180g,"R$ 124,90","R$ 134,90",BRL,4.8,400,https://www.amazon.com.br/dp/B07M6ZZQT5,https://m.media-amazon.com/images/I/61Wgtxm4IdL._AC_UL960_FMwebp_QL65_.jpg,1,"R$ 124,90",False,False,False,False,Mais de 50 compras no mês passado,"Entrega GRÁTIS: seg., 21 de jul.",False,Aloe vera,,"R$ 693,89",0.0,
B07ZK5LMWW,"Philips Cortador de cabelos com 28 ajustes de altura, Bivolt - HC5610/15","R$ 220,92","R$ 259,90",BRL,4.8,2296,https://www.amazon.com.br/dp/B07ZK5LMWW,https://m.media-amazon.com/images/I/51HKLuSAnBL._AC_UL960_FMwebp_QL65_.jpg,1,"R$ 220,92",False,False,True,True,Mais de 600 compras no mês passado,,False,,,,,Oferta Prime Day
B01JEYRX8O,"Good Girl - Perfume Feminino - Eau de Parfum, Carolina Herrera","R$ 455,99",,BRL,4.7,7884,https://www.amazon.com.br/dp/B01JEYRX8O,https://m.media-amazon.com/images/I/61vwxTQk0tL._AC_UL960_FMwebp_QL65_.jpg,14,"R$ 455,99",False,False,False,False,Mais de 30 compras no mês passado,,False,Floral,,,,
B0D482B9S4,Lash Lifting Cílios E Brow Lamination Sobrancelhas Nagaraku (2cx),"R$ 111,99",,BRL,4.5,39,https://www.amazon.com.br/dp/B0D482B9S4,https://m.media-amazon.com/images/I/71GyZQZzrsL._AC_UL960_FMwebp_QL65_.jpg,1,"R$ 111,99",False,False,False,False,,"Entrega GRÁTIS: qua., 16 de jul.",False,,,"R$ 111,99",1.0,
B095PXFR87,Quasar Brave Desodorante Colônia 100 mL O Boticário,"R$ 125,90",,BRL,4.5,55,https://www.amazon.com.br/dp/B095PXFR87,https://m.media-amazon.com/images/I/614tGp0sUhS._AC_UL960_FMwebp_QL65_.jpg,11,"R$ 125,90",False,False,False,False,,,False,Fougère,,,,
B07WDZGYBS,Natura Homem DOM - 100 ml | Natura,"R$ 129,99","R$ 140,91",BRL,4.7,145,https://www.amazon.com.br/dp/B07WDZGYBS,https://m.media-amazon.com/images/I/51855EhaOlL._AC_UL960_FMwebp_QL65_.jpg,20,"R$ 129,75",False,False,False,False,Mais de 50 compras no mês passado,"Entrega R$ 22,63: 31 de jul. - 7 de ago.Ou entrega mais rápida: 21 - 28 de jul.",False,,,"R$ 1.299,90",,
B0BVSTCXZY,Hada Labo® Gokujyun White Gel - Hidratante para rosto com proteção solar FPS 50,"R$ 138,80",,BRL,4.8,277,https://www.amazon.com.br/dp/B0BVSTCXZY,https://m.media-amazon.com/images/I/61ZikJBFziL._AC_UL960_FMwebp_QL65_.jpg,1,"R$ 138,80",False,False,False,False,Mais de 200 compras no mês passado,"Entrega GRÁTIS: qua., 16 de jul.",False,,,,,
B077MFC3L9,Prancha Nano Titanium Babyliss PRO Larga By Roger 1 3/4 44mm 110V,"R$ 450,00",,BRL,4.8,103,https://www.amazon.com.br/dp/B077MFC3L9,https://m.media-amazon.com/images/I/51j5THTiQQL._AC_UL960_FMwebp_QL65_.jpg,1,"R$ 450,00",False,False,False,False,Mais de 50 compras no mês passado,Entrega GRÁTIS: 23 - 25 de jul.,False,,,"R$ 450,00",1.0,
B097Z1WBPY,DR JACK Shampoo Antiqueda Tonificante Caffeínes Therapy 240ml,"R$ 119,00","R$ 128,49",BRL,4.6,110,https://www.amazon.com.br/dp/B097Z1WBPY,https://m.media-amazon.com/images/I/419vgPWtOZL._AC_UL960_FMwebp_QL65_.jpg,4,"R$ 118,90",False,False,False,False,Mais de 20 compras no mês passado,"Entrega GRÁTIS: seg., 21 de jul.",False,,,"R$ 495,83",0.0,
B0BS443DLG,Eudora Kit Imensi: Desodorante Colônia 100ml + Loção Hidratante Desodorante Corporal 200ml,"R$ 139,99",,BRL,4,1,https://www.amazon.com.br/dp/B0BS443DLG,https://m.media-amazon.com/images/I/51VPAEsT6mL._AC_UL960_FMwebp_QL65_.jpg,1,"R$ 139,99",False,False,False,False,,"Entrega GRÁTIS: sáb., 19 de jul.",False,,,"R$ 139,99",1.0,
B0D57V5J9P,"Finishing Touch Flawless Removedor de pelos indolor, modelo mais recente (lavanda)","R$ 170,00",,BRL,4.5,237,https://www.amazon.com.br/dp/B0D57V5J9P,https://m.media-amazon.com/images/I/61irMH5dH+L._AC_UL960_FMwebp_QL65_.jpg,5,"R$ 121,32",False,False,False,False,,"Entrega R$ 6,89: 17 - 18 de jul.",False,,,,,
B0C2JKCVKR,"Kit Home Care Matizante,Trivitt","R$ 108,78",,BRL,4.8,9,https://www.amazon.com.br/dp/B0C2JKCVKR,https://m.media-amazon.com/images/I/61XkjHfKWVL._AC_UL960_FMwebp_QL65_.jpg,1,"R$ 108,78",False,False,False,False,,"Entrega GRÁTIS: seg., 21 de jul.",False,,,"R$ 108,78",1.0,
B0976BFT3F,"Kit Cronograma Capilar para Cabelos Ressecados Máscara Mandioca Hidratação, Cavalo Forte Reconstrução, Murumuru Nutrição","R$ 129,48",,BRL,4.8,149,https://www.amazon.com.br/dp/B0976BFT3F,https://m.media-amazon.com/images/I/51slj6LmOyL._AC_UL960_FMwebp_QL65_.jpg,11,"R$ 117,99",False,False,False,False,Mais de 100 compras no mês passado,"Entrega GRÁTIS: dom., 20 de jul.",False,Floral,,"R$ 129,48",1.0,
B09WRQG7TR,Lancôme Batom L&#x27;Absolu Rouge Cream 335 Moderato,"R$ 222,00",,BRL,4.6,560,https://www.amazon.com.br/dp/B09WRQG7TR,https://m.media-amazon.com/images/I/61NgXyFtWRL._AC_UL960_FMwebp_QL65_.jpg,1,"R$ 222,00",False,False,False,False,,"Entrega GRÁTIS: qua., 16 de jul.",False,,,,,
B0CV4CXCBL,Escova Secadora Azul 1350w Bivolt Multi Care - EB117,"R$ 163,89",,BRL,5,1,https://www.amazon.com.br/dp/B0CV4CXCBL,https://m.media-amazon.com/images/I/51H8hkxPJ9L._AC_UL960_FMwebp_QL65_.jpg,5,"R$ 139,00",False,False,False,False,,"Entrega GRÁTIS: Amanhã, 14 de jul.Ou entrega mais rápida: Hoje",False,,,,,
B08R4XWKZ7,Spray de Volume Tigi Bed Head Queen For a Day 311ml,"R$ 118,99","R$ 164,36",BRL,4.3,2233,https://www.amazon.com.br/dp/B08R4XWKZ7,https://m.media-amazon.com/images/I/719+1JA9VyL._AC_UL960_FMwebp_QL65_.jpg,1,"R$ 118,99",False,False,True,False,Mais de 30 compras no mês passado,,False,,,"R$ 118,99",1.0,Oferta Prime Day
B01MSZTNGL,KEUNE Care Shampoo,"R$ 298,80",,BRL,4.7,139,https://www.amazon.com.br/dp/B01MSZTNGL,https://m.media-amazon.com/images/I/61rroLaXarL._AC_UL960_FMwebp_QL65_.jpg,12,"R$ 271,72",False,False,False,False,,"Entrega GRÁTIS: dom., 20 de jul.",False,Sem perfume,,,,
B01GR1PVEU,Vitamin Activ Cg Creme Iluminador Intensivo Antioxidante,"R$ 233,77",,BRL,4.3,62,https://www.amazon.com.br/dp/B01GR1PVEU,https://m.media-amazon.com/images/I/61rtmJQP8CL._AC_UL960_FMwebp_QL65_.jpg,1,"R$ 233,77",False,False,False,False,Mais de 20 compras no mês passado,"Entrega GRÁTIS: sex., 25 de jul.",False,,,,,
B01F9ZSZ8O,Shampoo Oil Reflections Wella Revelador de Brilho 1000ml,"R$ 177,50",,BRL,4.7,2844,https://www.amazon.com.br/dp/B01F9ZSZ8O,https://m.media-amazon.com/images/I/51hcXVswxQL._AC_UL960_FMwebp_QL65_.jpg,27,"R$ 177,00",False,False,False,False,Mais de 500 compras no mês passado,"Entrega GRÁTIS: dom., 20 de jul.",False,Sem perfume,,"R$ 0,18",986.0,
B06WD8XHTL,"Prottector Ref-0070.U/P, Strap Gancho Com Munhequeira Para Levantamento De Peso Adulto Unissex, Preto (Black), Único","R$ 114,99",,BRL,4.4,369,https://www.amazon.com.br/dp/B06WD8XHTL,https://m.media-amazon.com/images/I/5133kBtQ8TL._AC_UL960_FMwebp_QL65_.jpg,5,"R$ 66,12",False,False,False,False,Mais de 50 compras no mês passado,"Entrega GRÁTIS: Amanhã, 14 de jul.Ou entrega mais rápida: Hoje",False,,,,,
B0C6B4CCFY,WAHL Máquina de Corte Wahl Family Pro Cut Bivolt,"R$ 249,00",,BRL,4.6,241,https://www.amazon.com.br/dp/B0C6B4CCFY,https://m.media-amazon.com/images/I/51vDkNJrNKL._AC_UL960_FMwebp_QL65_.jpg,1,"R$ 249,00",False,False,False,False,Mais de 50 compras no mês passado,"Entrega GRÁTIS: dom., 20 de jul.",False,,,,,
B07VK8YWFJ,Máscara de Tratamento Capilar Sebastian Professional Dark Oil com 150ml,"R$ 168,00",,BRL,4.8,900,https://www.amazon.com.br/dp/B07VK8YWFJ,https://m.media-amazon.com/images/I/413v0f3eJzL._AC_UL960_FMwebp_QL65_.jpg,23,"R$ 153,70",False,False,False,False,Mais de 800 compras no mês passado,"Entrega GRÁTIS: dom., 20 de jul.",False,Jojoba,,,,
B0DZHPCXLJ,"L&#x27;Oréal Professionnel, Máscara Profissional, Vitamino Color Spectrum, para coloridos &amp; vibrantes, cabelos hidratados e suaves, brilho espelhado ultra intenso, cores ricas e vibrantes, 500ml","R$ 320,53",,BRL,4.4,12,https://www.amazon.com.br/dp/B0DZHPCXLJ,https://m.media-amazon.com/images/I/61qcm2BGcbL._AC_UL960_FMwebp_QL65_.jpg,12,"R$ 272,90",False,False,False,False,Mais de 100 compras no mês passado,"Entrega GRÁTIS: Amanhã, 14 de jul.Ou entrega mais rápida: Hoje",False,Rosa,,,,
B0DHVY4YGT,KIT SHAMPOO BALANCE VEGANISSIMA 240ML + CONDICIONADOR 230G,"R$ 185,90",,BRL,,0,https://www.amazon.com.br/dp/B0DHVY4YGT,https://m.media-amazon.com/images/I/317xjjwBn2L._AC_UL960_FMwebp_QL65_.jpg,1,"R$ 185,90",False,False,False,False,,"Entrega GRÁTIS: dom., 20 de jul.",False,,,"R$ 92,95",2.0,
B0BJH7DBPK,"MONDIAL Escova Secadora, Verde, 1200W, Bivolt - ES-JU-02","R$ 186,40",,BRL,4.7,553,https://www.amazon.com.br/dp/B0BJH7DBPK,https://m.media-amazon.com/images/I/71qXXdlTGSL._AC_UL960_FMwebp_QL65_.jpg,18,"R$ 153,73",False,False,False,False,Mais de 200 compras no mês passado,"Entrega GRÁTIS: Amanhã, 14 de jul.Ou entrega mais rápida: Hoje",False,,,,,
B07Q13LTYP,Vertix Modelador de Cabelo 10mm x 130mm X330 Bivolt Profissional,"R$ 189,90",,BRL,4.7,607,https://www.amazon.com.br/dp/B07Q13LTYP,https://m.media-amazon.com/images/I/51OwSIJUkkL._AC_UL960_FMwebp_QL65_.jpg,1,"R$ 189,90",False,False,False,False,Mais de 100 compras no mês passado,"Entrega GRÁTIS: ter., 15 de jul.Ou entrega mais rápida: Hoje",False,,,,,
B07TDR1H6H,Sebastian Dark Oil Lightweight Shampoo 1L,"R$ 217,00","R$ 232,00",BRL,4.8,1126,https://www.amazon.com.br/dp/B07TDR1H6H,https://m.media-amazon.com/images/I/61xt-A8hiNL._AC_UL960_FMwebp_QL65_.jpg,1,"R$ 217,00",False,False,False,False,Mais de 300 compras no mês passado,"Entrega GRÁTIS: seg., 21 de jul.",False,Baunilha,,,,
B0CHF1DBTL,"Philips Aparador de Pelos Multigroom 12 em 1 para Rosto, Corpo e Cabelos, Tecnologia BeardSense, 100% à Prova d´água, Bivolt – MG5950/15","R$ 469,90",,BRL,4.5,687,https://www.amazon.com.br/dp/B0CHF1DBTL,https://m.media-amazon.com/images/I/61ZOYU8yTIL._AC_UL960_FMwebp_QL65_.jpg,1,"R$ 469,90",False,False,False,True,Mais de 600 compras no mês passado,"Entrega GRÁTIS: Amanhã, 14 de jul.Ou entrega mais rápida: Hoje",False,,,,,
B076HYKQ1F,Depilador Philco PDP01R Aqua Deluxe 5 em 1 Sem Fio Bivolt,"R$ 190,99",,BRL,4.4,2557,https://www.amazon.com.br/dp/B076HYKQ1F,https://m.media-amazon.com/images/I/41zpBLtp4uL._AC_UL960_FMwebp_QL65_.jpg,9,"R$ 190,89",False,False,False,False,Mais de 50 compras no mês passado,"Entrega GRÁTIS: Amanhã, 14 de jul.Ou entrega mais rápida: Hoje",False,,,,,
B085S81RL5,Kit Wella Fusion Intense Repair Shampoo e Condicionador 1 L,"R$ 376,60",,BRL,4.7,669,https://www.amazon.com.br/dp/B085S81RL5,https://m.media-amazon.com/images/I/51ha41qjHML._AC_UL960_FMwebp_QL65_.jpg,1,"R$ 376,60",False,False,False,False,Mais de 200 compras no mês passado,"Entrega GRÁTIS: seg., 21 de jul.",False,,,"R$ 376,60",1.0,
B0C9VZXSP6,"Depilador e Aparador Facial e Corporal Feminino Conair All-In-One - 5 Acessórios, Sem Fio, Pilha","R$ 158,00",,BRL,4.1,261,https://www.amazon.com.br/dp/B0C9VZXSP6,https://m.media-amazon.com/images/I/41YZ-+pO6YL._AC_UL960_FMwebp_QL65_.jpg,7,"R$ 132,00",False,False,False,False,Mais de 50 compras no mês passado,"Entrega GRÁTIS: seg., 21 de jul.",False,,,,,
B004WG4CQ6,Quimica Alemana Base Fortalecedora Endurecedor De Unha,"R$ 140,00",,BRL,4.8,2675,https://www.amazon.com.br/dp/B004WG4CQ6,https://m.media-amazon.com/images/I/71DxUGmIF4L._AC_UL960_FMwebp_QL65_.jpg,2,"R$ 135,00",False,False,False,False,Mais de 100 compras no mês passado,Entrega GRÁTIS: 24 - 28 de jul.,False,,,"R$ 140,00",1.0,
B08BZ89KKR,"SKIN1004 Kit de viagem Madagascar Centella, toner, ampola, creme calmante, óleo de limpeza, espuma de ampola, caixa básica de cuidados com a pele, tamanho compacto, conjuntos de presente, presentes de","R$ 266,24",,BRL,4.5,2376,https://www.amazon.com.br/dp/B08BZ89KKR,https://m.media-amazon.com/images/I/61weUfgP3WL._AC_UL960_FMwebp_QL65_.jpg,2,"R$ 180,85",False,False,True,False,Mais de 40 compras no mês passado,"Entrega R$ 8,90: ter., 5 de ago.",False,,,"R$ 53,25",5.0,
B0883F4GCQ,"Alfaparf Milano Semi di Lino Moisture Máscara – Hidrata, nutre e amacia – Sem sulfato - Para cabelos secos – Seguro em cabelos coloridos - Qualidade profissional de salão 500ml","R$ 132,39",,BRL,4.6,231,https://www.amazon.com.br/dp/B0883F4GCQ,https://m.media-amazon.com/images/I/71AXnU+DYwL._AC_UL960_FMwebp_QL65_.jpg,1,"R$ 132,39",False,False,False,False,Mais de 100 compras no mês passado,"Entrega GRÁTIS: Amanhã, 14 de jul.Ou entrega mais rápida: Hoje",False,,,,,
B0C4N8W8WZ,Natura Deo Parfum Essencial Ato Masculino - 100ml,"R$ 172,91",,BRL,4.6,68,https://www.amazon.com.br/dp/B0C4N8W8WZ,https://m.media-amazon.com/images/I/61Epz0mQtXL._AC_UL960_FMwebp_QL65_.jpg,36,"R$ 120,00",False,False,False,False,Mais de 30 compras no mês passado,"Entrega GRÁTIS: sáb., 19 de jul.",False,Madeira,,,,
B0CQCKD3KS,"Philips Barbeador Elétrico Masculino, Uso Seco e Molhado, Cabeças flexíveis 5D, com Aparador Retrátil, Carregamento Rápido - S3144/00","R$ 409,90","R$ 469,29",BRL,4.6,309,https://www.amazon.com.br/dp/B0CQCKD3KS,https://m.media-amazon.com/images/I/61sT0-p3K9L._AC_UL960_FMwebp_QL65_.jpg,1,"R$ 409,90",False,False,True,True,Mais de 200 compras no mês passado,,False,,,,,Oferta Prime Day
B07ZK5MKGV,"Depilador Elétrico Philips Satinelle Essential BRE275/00, 2 velocidades com 4 acessórios, Bivolt","R$ 265,91","R$ 279,90",BRL,4.8,1046,https://www.amazon.com.br/dp/B07ZK5MKGV,https://m.media-amazon.com/images/I/51YQB7IiFhL._AC_UL960_FMwebp_QL65_.jpg,1,"R$ 265,91",False,False,False,False,Mais de 300 compras no mês passado,"Entrega GRÁTIS: Amanhã, 14 de jul.Ou entrega mais rápida: Hoje",False,,,,,
B06WD8XHTL,"Prottector Ref-0070.U/P, Strap Gancho Com Munhequeira Para Levantamento De Peso Adulto Unissex, Preto (Black), Único","R$ 114,99",,BRL,4.4,369,https://www.amazon.com.br/dp/B06WD8XHTL,https://m.media-amazon.com/images/I/5133kBtQ8TL._AC_UL960_FMwebp_QL65_.jpg,5,"R$ 66,12",False,False,False,False,Mais de 50 compras no mês passado,"Entrega GRÁTIS: Amanhã, 14 de jul.Ou entrega mais rápida: Hoje",False,,,,,
B0C6B4CCFY,WAHL Máquina de Corte Wahl Family Pro Cut Bivolt,"R$ 249,00",,BRL,4.6,241,https://www.amazon.com.br/dp/B0C6B4CCFY,https://m.media-amazon.com/images/I/51vDkNJrNKL._AC_UL960_FMwebp_QL65_.jpg,1,"R$ 249,00",False,False,False,False,Mais de 50 compras no mês passado,"Entrega GRÁTIS: dom., 20 de jul.",False,,,,,
B07VK8YWFJ,Máscara de Tratamento Capilar Sebastian Professional Dark Oil com 150ml,"R$ 168,00",,BRL,4.8,900,https://www.amazon.com.br/dp/B07VK8YWFJ,https://m.media-amazon.com/images/I/413v0f3eJzL._AC_UL960_FMwebp_QL65_.jpg,23,"R$ 153,70",False,False,False,False,Mais de 800 compras no mês passado,"Entrega GRÁTIS: dom., 20 de jul.",False,Jojoba,,,,
B0DZHPCXLJ,"L&#x27;Oréal Professionnel, Máscara Profissional, Vitamino Color Spectrum, para coloridos &amp; vibrantes, cabelos hidratados e suaves, brilho espelhado ultra intenso, cores ricas e vibrantes, 500ml","R$ 320,53",,BRL,4.4,12,https://www.amazon.com.br/dp/B0DZHPCXLJ,https://m.media-amazon.com/images/I/61qcm2BGcbL._AC_UL960_FMwebp_QL65_.jpg,12,"R$ 272,90",False,False,False,False,Mais de 100 compras no mês passado,"Entrega GRÁTIS: Amanhã, 14 de jul.Ou entrega mais rápida: Hoje",False,Rosa,,,,
B0DHVY4YGT,KIT SHAMPOO BALANCE VEGANISSIMA 240ML + CONDICIONADOR 230G,"R$ 185,90",,BRL,,0,https://www.amazon.com.br/dp/B0DHVY4YGT,https://m.media-amazon.com/images/I/317xjjwBn2L._AC_UL960_FMwebp_QL65_.jpg,1,"R$ 185,90",False,False,False,False,,"Entrega GRÁTIS: dom., 20 de jul.",False,,,"R$ 92,95",2.0,
B0BJH7DBPK,"MONDIAL Escova Secadora, Verde, 1200W, Bivolt - ES-JU-02","R$ 186,40",,BRL,4.7,553,https://www.amazon.com.br/dp/B0BJH7DBPK,https://m.media-amazon.com/images/I/71qXXdlTGSL._AC_UL960_FMwebp_QL65_.jpg,18,"R$ 153,73",False,False,False,False,Mais de 200 compras no mês passado,"Entrega GRÁTIS: Amanhã, 14 de jul.Ou entrega mais rápida: Hoje",False,,,,,
B07Q13LTYP,Vertix Modelador de Cabelo 10mm x 130mm X330 Bivolt Profissional,"R$ 189,90",,BRL,4.7,607,https://www.amazon.com.br/dp/B07Q13LTYP,https://m.media-amazon.com/images/I/51OwSIJUkkL._AC_UL960_FMwebp_QL65_.jpg,1,"R$ 189,90",False,False,False,False,Mais de 100 compras no mês passado,"Entrega GRÁTIS: ter., 15 de jul.Ou entrega mais rápida: Hoje",False,,,,,
B0BNN7FH1H,VOFEL Massageador Facial Elétrico Lifting Facial 4 Em 1 Massageador Facial Antienvelhecimento Endurecimento Da Pele Ferramentas de Cuidados com A Pele (Branco),"R$ 375,29",,BRL,4,331,https://www.amazon.com.br/dp/B0BNN7FH1H,https://m.media-amazon.com/images/I/71E+AAqfzlL._AC_UL960_FMwebp_QL65_.jpg,1,"R$ 256,06",False,False,True,False,,"Entrega R$ 8,90: ter., 5 de ago.",False,,,,,
B07TDR1H6H,Sebastian Dark Oil Lightweight Shampoo 1L,"R$ 217,00","R$ 232,00",BRL,4.8,1126,https://www.amazon.com.br/dp/B07TDR1H6H,https://m.media-amazon.com/images/I/61xt-A8hiNL._AC_UL960_FMwebp_QL65_.jpg,1,"R$ 217,00",False,False,False,False,Mais de 300 compras no mês passado,"Entrega GRÁTIS: seg., 21 de jul.",False,Baunilha,,,,
B0CHF1DBTL,"Philips Aparador de Pelos Multigroom 12 em 1 para Rosto, Corpo e Cabelos, Tecnologia BeardSense, 100% à Prova d´água, Bivolt – MG5950/15","R$ 469,90",,BRL,4.5,687,https://www.amazon.com.br/dp/B0CHF1DBTL,https://m.media-amazon.com/images/I/61ZOYU8yTIL._AC_UL960_FMwebp_QL65_.jpg,1,"R$ 469,90",False,False,False,True,Mais de 600 compras no mês passado,"Entrega GRÁTIS: Amanhã, 14 de jul.Ou entrega mais rápida: Hoje",False,,,,,
B076HYKQ1F,Depilador Philco PDP01R Aqua Deluxe 5 em 1 Sem Fio Bivolt,"R$ 190,99",,BRL,4.4,2557,https://www.amazon.com.br/dp/B076HYKQ1F,https://m.media-amazon.com/images/I/41zpBLtp4uL._AC_UL960_FMwebp_QL65_.jpg,9,"R$ 190,89",False,False,False,False,Mais de 50 compras no mês passado,"Entrega GRÁTIS: Amanhã, 14 de jul.Ou entrega mais rápida: Hoje",False,,,,,
B085S81RL5,Kit Wella Fusion Intense Repair Shampoo e Condicionador 1 L,"R$ 376,60",,BRL,4.7,669,https://www.amazon.com.br/dp/B085S81RL5,https://m.media-amazon.com/images/I/51ha41qjHML._AC_UL960_FMwebp_QL65_.jpg,1,"R$ 376,60",False,False,False,False,Mais de 200 compras no mês passado,"Entrega GRÁTIS: seg., 21 de jul.",False,,,"R$ 376,60",1.0,
B0C9VZXSP6,"Depilador e Aparador Facial e Corporal Feminino Conair All-In-One - 5 Acessórios, Sem Fio, Pilha","R$ 158,00",,BRL,4.1,261,https://www.amazon.com.br/dp/B0C9VZXSP6,https://m.media-amazon.com/images/I/41YZ-+pO6YL._AC_UL960_FMwebp_QL65_.jpg,7,"R$ 132,00",False,False,False,False,Mais de 50 compras no mês passado,"Entrega GRÁTIS: seg., 21 de jul.",False,,,,,
B004WG4CQ6,Quimica Alemana Base Fortalecedora Endurecedor De Unha,"R$ 140,00",,BRL,4.8,2675,https://www.amazon.com.br/dp/B004WG4CQ6,https://m.media-amazon.com/images/I/71DxUGmIF4L._AC_UL960_FMwebp_QL65_.jpg,2,"R$ 135,00",False,False,False,False,Mais de 100 compras no mês passado,Entrega GRÁTIS: 24 - 28 de jul.,False,,,"R$ 140,00",1.0,
B08BZ89KKR,"SKIN1004 Kit de viagem Madagascar Centella, toner, ampola, creme calmante, óleo de limpeza, espuma de ampola, caixa básica de cuidados com a pele, tamanho compacto, conjuntos de presente, presentes de","R$ 266,24",,BRL,4.5,2376,https://www.amazon.com.br/dp/B08BZ89KKR,https://m.media-amazon.com/images/I/61weUfgP3WL._AC_UL960_FMwebp_QL65_.jpg,2,"R$ 180,85",False,False,True,False,Mais de 40 compras no mês passado,"Entrega R$ 8,90: ter., 5 de ago.",False,,,"R$ 53,25",5.0,
B0883F4GCQ,"Alfaparf Milano Semi di Lino Moisture Máscara – Hidrata, nutre e amacia – Sem sulfato - Para cabelos secos – Seguro em cabelos coloridos - Qualidade profissional de salão 500ml","R$ 132,39",,BRL,4.6,231,https://www.amazon.com.br/dp/B0883F4GCQ,https://m.media-amazon.com/images/I/71AXnU+DYwL._AC_UL960_FMwebp_QL65_.jpg,1,"R$ 132,39",False,False,False,False,Mais de 100 compras no mês passado,"Entrega GRÁTIS: Amanhã, 14 de jul.Ou entrega mais rápida: Hoje",False,,,,,
B0C4N8W8WZ,Natura Deo Parfum Essencial Ato Masculino - 100ml,"R$ 172,91",,BRL,4.6,68,https://www.amazon.com.br/dp/B0C4N8W8WZ,https://m.media-amazon.com/images/I/61Epz0mQtXL._AC_UL960_FMwebp_QL65_.jpg,36,"R$ 120,00",False,False,False,False,Mais de 30 compras no mês passado,"Entrega GRÁTIS: sáb., 19 de jul.",False,Madeira,,,,
B0CQCKD3KS,"Philips Barbeador Elétrico Masculino, Uso Seco e Molhado, Cabeças flexíveis 5D, com Aparador Retrátil, Carregamento Rápido - S3144/00","R$ 409,90","R$ 469,29",BRL,4.6,309,https://www.amazon.com.br/dp/B0CQCKD3KS,https://m.media-amazon.com/images/I/61sT0-p3K9L._AC_UL960_FMwebp_QL65_.jpg,1,"R$ 409,90",False,False,True,True,Mais de 200 compras no mês passado,,False,,,,,Oferta Prime Day
B07ZK5MKGV,"Depilador Elétrico Philips Satinelle Essential BRE275/00, 2 velocidades com 4 acessórios, Bivolt","R$ 265,91","R$ 279,90",BRL,4.8,1046,https://www.amazon.com.br/dp/B07ZK5MKGV,https://m.media-amazon.com/images/I/51YQB7IiFhL._AC_UL960_FMwebp_QL65_.jpg,1,"R$ 265,91",False,False,False,False,Mais de 300 compras no mês passado,"Entrega GRÁTIS: Amanhã, 14 de jul.Ou entrega mais rápida: Hoje",False,,,,,
B07PND47VJ,"Peeling Diamante á Vácuo Microdermoabrasão, Máquina de Beleza remoção de cravo e acne","R$ 160,90",,BRL,4,191,https://www.amazon.com.br/dp/B07PND47VJ,https://m.media-amazon.com/images/I/61ca05HE6TL._AC_UL960_FMwebp_QL65_.jpg,9,"R$ 125,90",False,False,False,False,,"Entrega GRÁTIS: seg., 21 de jul.",False,,,,,
B00027C8Q0,Happy Heart Clinique - Perfume Feminino 100ml,"R$ 334,00",,BRL,4.7,5361,https://www.amazon.com.br/dp/B00027C8Q0,https://m.media-amazon.com/images/I/41BZCcyZRZL._AC_UL960_FMwebp_QL65_.jpg,1,"R$ 334,00",False,False,False,False,,"Entrega GRÁTIS: seg., 4 de ago.",False,Floral,,,,
B07MPD7TF6,La Roche-Posay Kerium - Shampoo Anticaspa 200ml,"R$ 159,90",,BRL,4.8,140,https://www.amazon.com.br/dp/B07MPD7TF6,https://m.media-amazon.com/images/I/51FxGIC8BaL._AC_UL960_FMwebp_QL65_.jpg,7,"R$ 145,38",False,False,False,False,Mais de 100 compras no mês passado,Entrega GRÁTIS: 13 - 22 de ago.,False,Sem perfume,,,,
B089QP5PF1,Kit Trivitt 5pcs: Kit Hidratação + Fluido Escova + Reparador Pontas,"R$ 187,41",,BRL,4.4,74,https://www.amazon.com.br/dp/B089QP5PF1,https://m.media-amazon.com/images/I/61t74rpiQnL._AC_UL960_FMwebp_QL65_.jpg,1,"R$ 187,41",False,False,False,False,Mais de 30 compras no mês passado,"Entrega GRÁTIS: seg., 21 de jul.",False,,,"R$ 187,41",1.0,
B0D68H3RSG,Eudora kit Siàge Resgate Imediato: Shampoo 250ml + Condicionador 200ml + Máscara Capilar 250g,"R$ 139,90",,BRL,4.7,57,https://www.amazon.com.br/dp/B0D68H3RSG,https://m.media-amazon.com/images/I/619vXHmbqZL._AC_UL960_FMwebp_QL65_.jpg,34,"R$ 116,90",False,False,False,False,Mais de 50 compras no mês passado,"Entrega GRÁTIS: dom., 20 de jul.",False,,,"R$ 139,90",1.0,
B0CP64STVP,NATURA UNA BLUSH DEO PARFUM 75ml,"R$ 232,90",,BRL,4.6,125,https://www.amazon.com.br/dp/B0CP64STVP,https://m.media-amazon.com/images/I/41pWHpJFEjL._AC_UL960_FMwebp_QL65_.jpg,11,"R$ 232,90",False,False,False,False,Mais de 50 compras no mês passado,,False,Floral,,,,
B01N2UO1CD,Care Keratin Smooth Conditioner Keune,"R$ 123,47",,BRL,4.6,574,https://www.amazon.com.br/dp/B01N2UO1CD,https://m.media-amazon.com/images/I/71otSrs2wgL._AC_UL960_FMwebp_QL65_.jpg,22,"R$ 104,51",False,False,False,False,Mais de 40 compras no mês passado,"Entrega GRÁTIS: Amanhã, 14 de jul.Ou entrega mais rápida: Hoje",False,Sem perfume,,,,
B01I2AWUVQ,Homem Essence Parfum Natura 100ml,"R$ 131,42",,BRL,4.7,570,https://www.amazon.com.br/dp/B01I2AWUVQ,https://m.media-amazon.com/images/I/51l8+DUe-6L._AC_UL960_FMwebp_QL65_.jpg,60,"R$ 119,90",False,False,False,False,Mais de 300 compras no mês passado,"Entrega R$ 25,40: ter., 5 de ago.Ou entrega mais rápida: 17 - 21 de jul.",False,Madeira,,"R$ 1.314,20",,
B0DJWPRRY5,"Ápice Shampoo Nutri Waves | Limpeza Suave com Nutrição para Cabelos Cacheados, Ondulados, Crespos e em Transição | 1L","R$ 98,89","R$ 109,90",BRL,4.6,12,https://www.amazon.com.br/dp/B0DJWPRRY5,https://m.media-amazon.com/images/I/61XqLmh5KiL._AC_UL960_FMwebp_QL65_.jpg,1,"R$ 98,89",False,False,True,False,,,False,Amendoado,,"R$ 98,89",1.0,Com Prime
B0DY8K1QGT,Protetor Solar Facial Vegano Blu 40fps Bastão Incolor Esporte,"R$ 112,90",,BRL,5,1,https://www.amazon.com.br/dp/B0DY8K1QGT,https://m.media-amazon.com/images/I/41KBsFxY-1L._AC_UL960_FMwebp_QL65_.jpg,1,"R$ 112,90",False,False,False,False,,"Entrega GRÁTIS: qua., 16 de jul.",False,,,"R$ 5,65",20.0,
B07GKZ9DGL,Invigo Nutri Enrich Wonder Balm - Leave In Spray 150ml,"R$ 105,90",,BRL,4.7,239,https://www.amazon.com.br/dp/B07GKZ9DGL,https://m.media-amazon.com/images/I/51XuOYUnC1L._AC_UL960_FMwebp_QL65_.jpg,1,"R$ 105,90",False,False,False,False,Mais de 50 compras no mês passado,"Entrega GRÁTIS: qua., 16 de jul.",False,,,,,
B0BDWRCMCR,Fisiogel Ai Balsamo Lipid 400G,"R$ 178,90",,BRL,4.8,81,https://www.amazon.com.br/dp/B0BDWRCMCR,https://m.media-amazon.com/images/I/51llighjCIL._AC_UL960_FMwebp_QL65_.jpg,1,"R$ 178,90",False,False,False,False,Mais de 30 compras no mês passado,Entrega GRÁTIS: 13 - 22 de ago.,False,,,"R$ 178,90",1.0,
B085PR7H7Z,K.Pro Regener Kit,"R$ 131,00",,BRL,4.8,55,https://www.amazon.com.br/dp/B085PR7H7Z,https://m.media-amazon.com/images/I/51qhH8t9EbL._AC_UL960_FMwebp_QL65_.jpg,1,"R$ 131,00",False,False,False,False,,"Entrega GRÁTIS: dom., 20 de jul.",False,,,"R$ 131,00",1.0,
B0D2RXS219,Kit Juba Shampoo Condicionador E Encaracolando A Juba Widi Care 500ml,"R$ 159,50","R$ 167,90",BRL,4.7,84,https://www.amazon.com.br/dp/B0D2RXS219,https://m.media-amazon.com/images/I/614kldXetWL._AC_UL960_FMwebp_QL65_.jpg,1,"R$ 159,50",False,False,False,False,Mais de 50 compras no mês passado,"Entrega GRÁTIS: ter., 22 de jul.",False,,,,,
B0DV9MPDKL,Combo Truss Uso Obrigatório Reconstruction 5 Itens (300ml/g),"R$ 426,56",,BRL,4.2,5,https://www.amazon.com.br/dp/B0DV9MPDKL,https://m.media-amazon.com/images/I/61uzU9I01UL._AC_UL960_FMwebp_QL65_.jpg,1,"R$ 426,56",False,False,False,False,Mais de 20 compras no mês passado,"Entrega GRÁTIS: seg., 21 de jul.",False,,,"R$ 426,56",1.0,
B0DZW7XDWT,Lola Kit Rapunzel Linha de Crescimento - Shampoo + Máscara + Tonico + Milk,"R$ 134,90",,BRL,4.2,7,https://www.amazon.com.br/dp/B0DZW7XDWT,https://m.media-amazon.com/images/I/61BL97-jQdL._AC_UL960_FMwebp_QL65_.jpg,1,"R$ 134,90",False,False,False,False,Mais de 20 compras no mês passado,Entrega R$ 31: 5 - 6 de ago.Ou entrega mais rápida: 18 - 24 de jul.,False,,,"R$ 33,73",4.0,
B0D9ZKD2Y6,Perfume Importado Eau de Parfum Yara Candy Lattafa,"R$ 200,00",,BRL,4.3,3381,https://www.amazon.com.br/dp/B0D9ZKD2Y6,https://m.media-amazon.com/images/I/61C5WtH3eML._AC_UL960_FMwebp_QL65_.jpg,18,"R$ 172,15",False,False,False,False,Mais de 50 compras no mês passado,"Entrega R$ 31,98: 23 - 25 de jul.Ou entrega mais rápida: 18 - 21 de jul.",False,Feminina,,"R$ 2,00",100.0,
B0C2J16F3H,Kit Sos Crescimento Creme Capilar Antiqueda,"R$ 177,94",,BRL,5,10,https://www.amazon.com.br/dp/B0C2J16F3H,https://m.media-amazon.com/images/I/51xknExWOLL._AC_UL960_FMwebp_QL65_.jpg,1,"R$ 177,94",False,False,False,False,,,False,,,,,
B08KKDZHQF,Victoria&#x27;s Secret Body Splash Bare Vanilla 250ml,"R$ 189,90",,BRL,4.6,220,https://www.amazon.com.br/dp/B08KKDZHQF,https://m.media-amazon.com/images/I/51a2laQpTLL._AC_UL960_FMwebp_QL65_.jpg,2,"R$ 189,85",False,False,False,False,Mais de 100 compras no mês passado,"Entrega R$ 59,49: 25 - 31 de jul.Ou entrega mais rápida: 24 - 28 de jul.",False,Baunilha,,"R$ 759,60",0.0,
B07VH3NZBG,Leave In Wella 150Ml Enrich,"R$ 120,90",,BRL,4.5,317,https://www.amazon.com.br/dp/B07VH3NZBG,https://m.media-amazon.com/images/I/51Ze5C7Jb3L._AC_UL960_FMwebp_QL65_.jpg,1,"R$ 120,90",False,False,False,False,Mais de 40 compras no mês passado,"Entrega GRÁTIS: dom., 20 de jul.",False,,,,,
B001EYA1XM,"Calvin Klein CK BE Eau de Toilette 100ML, Calvin Klein, 100","R$ 298,85",,BRL,4.2,282,https://www.amazon.com.br/dp/B001EYA1XM,https://m.media-amazon.com/images/I/41wvl9FE3ZL._AC_UL960_FMwebp_QL65_.jpg,5,"R$ 255,00",False,False,False,False,,"Entrega GRÁTIS: ter., 15 de jul.",False,Aromático,,,,
B0CT4T5JCH,"Organizador de Maquiagem com Espelho de LED, [3 Cores e Dimmable Contínuo] Luz de LED Recarregável para Bolsa de Maquiagem com Organizador de Pincéis, Bolsa de Cosméticos de Viagem para Mulheres Preto","R$ 146,90","R$ 156,90",BRL,4.4,91,https://www.amazon.com.br/dp/B0CT4T5JCH,https://m.media-amazon.com/images/I/71hSDe3cOmL._AC_UL960_FMwebp_QL65_.jpg,14,"R$ 128,00",False,False,False,False,,"Entrega GRÁTIS: ter., 29 de jul.",False,,,,,
B085PXGDW4,"Kit Amend Realce da Cor Cobre Effect - Shampoo, Condicionador e Máscara Tonalizante","R$ 138,26",,BRL,4.8,195,https://www.amazon.com.br/dp/B085PXGDW4,https://m.media-amazon.com/images/I/514kRuaLctL._AC_UL960_FMwebp_QL65_.jpg,1,"R$ 138,26",False,False,False,False,Mais de 50 compras no mês passado,"Entrega GRÁTIS: dom., 20 de jul.",False,,,"R$ 138,26",1.0,
B0CKTSWVG4,Kit Neutrogena Hidratante Facial Hydro Boost Water Gel 50g + Refil,"R$ 105,35",,BRL,4.8,66654,https://www.amazon.com.br/dp/B0CKTSWVG4,https://m.media-amazon.com/images/I/61bHrLNgS6L._AC_UL960_FMwebp_QL65_.jpg,1,"R$ 105,35",False,False,False,False,,Entrega: Hoje,False,,,,,
B0DZPCHCXG,"Granado Sabonete Tratamento, Sulfuroso, 90g, 12 unidades","R$ 111,13",,BRL,5,4,https://www.amazon.com.br/dp/B0DZPCHCXG,https://m.media-amazon.com/images/I/61PtoB3rqZL._AC_UL960_FMwebp_QL65_.jpg,1,"R$ 111,13",False,False,False,False,Mais de 30 compras no mês passado,"Entrega GRÁTIS: Amanhã, 14 de jul.Ou entrega mais rápida: Hoje",False,,,"R$ 9,26",12.0,
B088FBYSCR,Itallian Hairtech Máscara Hidratação Intensiva Trivitt Nº3 1Kg,"R$ 119,90",,BRL,4.6,812,https://www.amazon.com.br/dp/B088FBYSCR,https://m.media-amazon.com/images/I/61h91LeOh-L._AC_UL960_FMwebp_QL65_.jpg,8,"R$ 118,00",False,False,False,False,Mais de 50 compras no mês passado,"Entrega GRÁTIS: qua., 16 de jul.",False,Cítrico,,"R$ 119,90",1.0,
B088B74RWT,Essencial Oud Deo Parfum Masculino 100 ml,"R$ 148,90",,BRL,4.6,360,https://www.amazon.com.br/dp/B088B74RWT,https://m.media-amazon.com/images/I/51+V6pgWCNL._AC_UL960_FMwebp_QL65_.jpg,34,"R$ 148,90",False,False,False,False,Mais de 40 compras no mês passado,,False,,,,,
B08KGVK97W,"PRANCHA, PHILCO, STAR BRIGHT PPR03 BIV, Branco","R$ 209,99",,BRL,4.5,684,https://www.amazon.com.br/dp/B08KGVK97W,https://m.media-amazon.com/images/I/41CTzumPaRL._AC_UL960_FMwebp_QL65_.jpg,1,"R$ 209,99",False,False,False,False,,"Entrega GRÁTIS: sex., 1 de ago.",False,,,,,
B0DG9YGYBH,Redken ABC Acidic Bonding Concentrate,"R$ 438,01",,BRL,4.4,4411,https://www.amazon.com.br/dp/B0DG9YGYBH,https://m.media-amazon.com/images/I/71wWwFitIhL._AC_UL960_FMwebp_QL65_.jpg,1,"R$ 438,01",False,False,False,False,,Entrega: Hoje,False,,,,,
B085PR7H7Z,K.Pro Regener Kit,"R$ 131,00",,BRL,4.8,55,https://www.amazon.com.br/dp/B085PR7H7Z,https://m.media-amazon.com/images/I/51qhH8t9EbL._AC_UL960_FMwebp_QL65_.jpg,1,"R$ 131,00",False,False,False,False,,"Entrega GRÁTIS: dom., 20 de jul.",False,,,"R$ 131,00",1.0,
B0D2RXS219,Kit Juba Shampoo Condicionador E Encaracolando A Juba Widi Care 500ml,"R$ 159,50","R$ 167,90",BRL,4.7,84,https://www.amazon.com.br/dp/B0D2RXS219,https://m.media-amazon.com/images/I/614kldXetWL._AC_UL960_FMwebp_QL65_.jpg,1,"R$ 159,50",False,False,False,False,Mais de 50 compras no mês passado,"Entrega GRÁTIS: ter., 22 de jul.",False,,,,,
B0DV9MPDKL,Combo Truss Uso Obrigatório Reconstruction 5 Itens (300ml/g),"R$ 426,56",,BRL,4.2,5,https://www.amazon.com.br/dp/B0DV9MPDKL,https://m.media-amazon.com/images/I/61uzU9I01UL._AC_UL960_FMwebp_QL65_.jpg,1,"R$ 426,56",False,False,False,False,Mais de 20 compras no mês passado,"Entrega GRÁTIS: seg., 21 de jul.",False,,,"R$ 426,56",1.0,
B0DZW7XDWT,Lola Kit Rapunzel Linha de Crescimento - Shampoo + Máscara + Tonico + Milk,"R$ 134,90",,BRL,4.2,7,https://www.amazon.com.br/dp/B0DZW7XDWT,https://m.media-amazon.com/images/I/61BL97-jQdL._AC_UL960_FMwebp_QL65_.jpg,1,"R$ 134,90",False,False,False,False,Mais de 20 compras no mês passado,Entrega R$ 31: 5 - 6 de ago.Ou entrega mais rápida: 18 - 24 de jul.,False,,,"R$ 33,73",4.0,
B0D9ZKD2Y6,Perfume Importado Eau de Parfum Yara Candy Lattafa,"R$ 200,00",,BRL,4.3,3381,https://www.amazon.com.br/dp/B0D9ZKD2Y6,https://m.media-amazon.com/images/I/61C5WtH3eML._AC_UL960_FMwebp_QL65_.jpg,18,"R$ 172,15",False,False,False,False,Mais de 50 compras no mês passado,"Entrega R$ 31,98: 23 - 25 de jul.Ou entrega mais rápida: 18 - 21 de jul.",False,Feminina,,"R$ 2,00",100.0,
B0C2J16F3H,Kit Sos Crescimento Creme Capilar Antiqueda,"R$ 177,94",,BRL,5,10,https://www.amazon.com.br/dp/B0C2J16F3H,https://m.media-amazon.com/images/I/51xknExWOLL._AC_UL960_FMwebp_QL65_.jpg,1,"R$ 177,94",False,False,False,False,,,False,,,,,
B08KKDZHQF,Victoria&#x27;s Secret Body Splash Bare Vanilla 250ml,"R$ 189,90",,BRL,4.6,220,https://www.amazon.com.br/dp/B08KKDZHQF,https://m.media-amazon.com/images/I/51a2laQpTLL._AC_UL960_FMwebp_QL65_.jpg,2,"R$ 189,85",False,False,False,False,Mais de 100 compras no mês passado,"Entrega R$ 59,49: 25 - 31 de jul.Ou entrega mais rápida: 24 - 28 de jul.",False,Baunilha,,"R$ 759,60",0.0,
B07VH3NZBG,Leave In Wella 150Ml Enrich,"R$ 120,90",,BRL,4.5,317,https://www.amazon.com.br/dp/B07VH3NZBG,https://m.media-amazon.com/images/I/51Ze5C7Jb3L._AC_UL960_FMwebp_QL65_.jpg,1,"R$ 120,90",False,False,False,False,Mais de 40 compras no mês passado,"Entrega GRÁTIS: dom., 20 de jul.",False,,,,,
B001EYA1XM,"Calvin Klein CK BE Eau de Toilette 100ML, Calvin Klein, 100","R$ 298,85",,BRL,4.2,282,https://www.amazon.com.br/dp/B001EYA1XM,https://m.media-amazon.com/images/I/41wvl9FE3ZL._AC_UL960_FMwebp_QL65_.jpg,5,"R$ 255,00",False,False,False,False,,"Entrega GRÁTIS: ter., 15 de jul.",False,Aromático,,,,
B0CT4T5JCH,"Organizador de Maquiagem com Espelho de LED, [3 Cores e Dimmable Contínuo] Luz de LED Recarregável para Bolsa de Maquiagem com Organizador de Pincéis, Bolsa de Cosméticos de Viagem para Mulheres Preto","R$ 146,90","R$ 156,90",BRL,4.4,91,https://www.amazon.com.br/dp/B0CT4T5JCH,https://m.media-amazon.com/images/I/71hSDe3cOmL._AC_UL960_FMwebp_QL65_.jpg,14,"R$ 128,00",False,False,False,False,,"Entrega GRÁTIS: ter., 29 de jul.",False,,,,,
B085PXGDW4,"Kit Amend Realce da Cor Cobre Effect - Shampoo, Condicionador e Máscara Tonalizante","R$ 138,26",,BRL,4.8,195,https://www.amazon.com.br/dp/B085PXGDW4,https://m.media-amazon.com/images/I/514kRuaLctL._AC_UL960_FMwebp_QL65_.jpg,1,"R$ 138,26",False,False,False,False,Mais de 50 compras no mês passado,"Entrega GRÁTIS: dom., 20 de jul.",False,,,"R$ 138,26",1.0,
B0CKTSWVG4,Kit Neutrogena Hidratante Facial Hydro Boost Water Gel 50g + Refil,"R$ 105,35",,BRL,4.8,66654,https://www.amazon.com.br/dp/B0CKTSWVG4,https://m.media-amazon.com/images/I/61bHrLNgS6L._AC_UL960_FMwebp_QL65_.jpg,1,"R$ 105,35",False,False,False,False,,Entrega: Hoje,False,,,,,
B0DZPCHCXG,"Granado Sabonete Tratamento, Sulfuroso, 90g, 12 unidades","R$ 111,13",,BRL,5,4,https://www.amazon.com.br/dp/B0DZPCHCXG,https://m.media-amazon.com/images/I/61PtoB3rqZL._AC_UL960_FMwebp_QL65_.jpg,1,"R$ 111,13",False,False,False,False,Mais de 30 compras no mês passado,"Entrega GRÁTIS: Amanhã, 14 de jul.Ou entrega mais rápida: Hoje",False,,,"R$ 9,26",12.0,
B088FBYSCR,Itallian Hairtech Máscara Hidratação Intensiva Trivitt Nº3 1Kg,"R$ 119,90",,BRL,4.6,812,https://www.amazon.com.br/dp/B088FBYSCR,https://m.media-amazon.com/images/I/61h91LeOh-L._AC_UL960_FMwebp_QL65_.jpg,8,"R$ 118,00",False,False,False,False,Mais de 50 compras no mês passado,"Entrega GRÁTIS: qua., 16 de jul.",False,Cítrico,,"R$ 119,90",1.0,
B088B74RWT,Essencial Oud Deo Parfum Masculino 100 ml,"R$ 148,90",,BRL,4.6,360,https://www.amazon.com.br/dp/B088B74RWT,https://m.media-amazon.com/images/I/51+V6pgWCNL._AC_UL960_FMwebp_QL65_.jpg,34,"R$ 148,90",False,False,False,False,Mais de 40 compras no mês passado,,False,,,,,
B08KGVK97W,"PRANCHA, PHILCO, STAR BRIGHT PPR03 BIV, Branco","R$ 209,99",,BRL,4.5,684,https://www.amazon.com.br/dp/B08KGVK97W,https://m.media-amazon.com/images/I/41CTzumPaRL._AC_UL960_FMwebp_QL65_.jpg,1,"R$ 209,99",False,False,False,False,,"Entrega GRÁTIS: sex., 1 de ago.",False,,,,,
B0DG9YGYBH,Redken ABC Acidic Bonding Concentrate,"R$ 438,01",,BRL,4.4,4411,https://www.amazon.com.br/dp/B0DG9YGYBH,https://m.media-amazon.com/images/I/71wWwFitIhL._AC_UL960_FMwebp_QL65_.jpg,1,"R$ 438,01",False,False,False,False,,Entrega: Hoje,False,,,,,
B09D1JZX8C,Protetor Solar Umbrella Intellige Creme Fps99 50G,"R$ 129,99",,BRL,4.7,80,https://www.amazon.com.br/dp/B09D1JZX8C,https://m.media-amazon.com/images/I/51n1ulRRsiL._AC_UL960_FMwebp_QL65_.jpg,10,"R$ 110,85",False,False,False,False,Mais de 20 compras no mês passado,"Entrega GRÁTIS: qua., 16 de jul.",False,,,"R$ 129,99",1.0,
B0FCTG7J6D,Principia Kit Rotina Essencial Gel hidratante GH-01 + Protetor Solar PS-01 FPS60 + Gel de Limpeza GL-02,"R$ 139,65",,BRL,,0,https://www.amazon.com.br/dp/B0FCTG7J6D,https://m.media-amazon.com/images/I/51zjXa7FQvL._AC_UL960_FMwebp_QL65_.jpg,1,"R$ 139,65",False,False,False,False,,"Entrega R$ 22,96: ter., 5 de ago.Ou entrega mais rápida: 17 - 21 de jul.",False,,Economize 5% com o cupom,"R$ 46,55",3.0,
B0BDLGG5XZ,SEBIUM KERATO+ TE30ML,"R$ 133,90",,BRL,4.7,543,https://www.amazon.com.br/dp/B0BDLGG5XZ,https://m.media-amazon.com/images/I/519ySiseBZL._AC_UL960_FMwebp_QL65_.jpg,1,"R$ 133,90",False,False,False,False,Mais de 100 compras no mês passado,"Entrega GRÁTIS: dom., 20 de jul.",False,,,,,
B01MUZVE1C,The Ordinary Caffeine Solution 5% + EGCG (30ml): Reduces Appearance of Eye Contour Pigmentation and Puffiness,"R$ 145,00",,BRL,4.3,12686,https://www.amazon.com.br/dp/B01MUZVE1C,https://m.media-amazon.com/images/I/61moVrHXW6L._AC_UL960_FMwebp_QL65_.jpg,1,"R$ 145,00",False,False,False,False,Mais de 50 compras no mês passado,"Entrega GRÁTIS: ter., 29 de jul.",False,,,"R$ 4,83",30.0,
B083QN8FMM,Creme Antivermelhidão Bioderma Sensibio AR 40ml,"R$ 141,50",,BRL,4.6,1000,https://www.amazon.com.br/dp/B083QN8FMM,https://m.media-amazon.com/images/I/51CJCRb2mtL._AC_UL960_FMwebp_QL65_.jpg,1,"R$ 141,50",False,False,False,False,Mais de 50 compras no mês passado,"Entrega R$ 16,90: 31 de jul. - 7 de ago.",False,,,,,
B0924ZWDFL,Redken Máscara de Tratamento Extreme | Máscara capilar para cabelos danificados e quebradiços | Repara e fortalece | Promove brilho e maleabilidade | 500ml,"R$ 179,90","R$ 189,84",BRL,4.5,450,https://www.amazon.com.br/dp/B0924ZWDFL,https://m.media-amazon.com/images/I/51r+tmwVDCL._AC_UL960_FMwebp_QL65_.jpg,13,"R$ 167,90",False,False,False,False,Mais de 800 compras no mês passado,"Entrega GRÁTIS: qua., 23 de jul.",False,,,,,
B097HY2FFV,Kit Arvensis Cachos Naturais Ondulados e Cacheados Shampoo + Condicionador + Ativador 300ml,"R$ 149,90","R$ 162,92",BRL,4.6,330,https://www.amazon.com.br/dp/B097HY2FFV,https://m.media-amazon.com/images/I/51ePGnbTbML._AC_UL960_FMwebp_QL65_.jpg,1,"R$ 149,90",False,False,False,False,Mais de 200 compras no mês passado,"Entrega GRÁTIS: qua., 16 de jul.",False,,,"R$ 149,90",1.0,
B09GNTNBFN,"Kit Essential 260ml+ Óleo Shine Revival 60ml, BRAÉ","R$ 136,90",,BRL,4.7,771,https://www.amazon.com.br/dp/B09GNTNBFN,https://m.media-amazon.com/images/I/41geyuSbVQL._AC_UL960_FMwebp_QL65_.jpg,11,"R$ 131,00",False,False,False,False,Mais de 500 compras no mês passado,"Entrega GRÁTIS: ter., 15 de jul.Ou entrega mais rápida: Hoje",False,,,"R$ 0,43",318.0,
B0CPF76WMC,"Kérastase Shampoo Première Bain Décalcifiant Réparateur, Todos os tipos de cabelos danificados, Reparador descalcificante, Neutraliza a quebra, Com Ácido cítrico e Glicina, 250ml","R$ 162,46","R$ 186,86",BRL,4.6,872,https://www.amazon.com.br/dp/B0CPF76WMC,https://m.media-amazon.com/images/I/61ZntaprCxL._AC_UL960_FMwebp_QL65_.jpg,1,"R$ 162,46",False,False,True,False,Mais de 300 compras no mês passado,,False,Floral,,,,Oferta Prime Day
B0FHF53Z4L,"Asad Bourbon Isabelle La Belle Creme Hidratante Corporal, 200g, com Baunilha, Âmbar, Lavanda e Pimenta Rosa","R$ 181,48",,BRL,,0,https://www.amazon.com.br/dp/B0FHF53Z4L,https://m.media-amazon.com/images/I/61F6sR0KbvL._AC_UL960_FMwebp_QL65_.jpg,1,"R$ 181,48",False,False,False,False,,"Entrega GRÁTIS: qua., 6 de ago.",False,,,"R$ 181,48",1.0,
B07J2LSN69,"Make Up For Ever Lápis de cor Artist - 506 Endless Cacau para mulheres - Lápis de 1,4 g","R$ 234,18",,BRL,,0,https://www.amazon.com.br/dp/B07J2LSN69,https://m.media-amazon.com/images/I/51hazvit5tL._AC_UL960_FMwebp_QL65_.jpg,2,"R$ 158,74",False,False,True,False,,"Entrega R$ 8,90: ter., 5 de ago.",False,Lápis,,"R$ 4.683,60",,
B08HDNW8D6,"EUCERIN 3D Sérum Facial Anti-Idade Firmador 30ml, Elasticity, Pele Madura, Hyaluron-Filler, Ácido Hialurônico, Antirrugas","R$ 222,06",,BRL,4.6,1333,https://www.amazon.com.br/dp/B08HDNW8D6,https://m.media-amazon.com/images/I/61WfV6Gtg8L._AC_UL960_FMwebp_QL65_.jpg,9,"R$ 207,45",False,False,False,False,Mais de 500 compras no mês passado,"Entrega GRÁTIS: Amanhã, 14 de jul.Ou entrega mais rápida: Hoje",False,,,,,
B001M7QLSA,Rímel Loreal Paris Double Extension Máscara Cor 575,"R$ 159,50",,BRL,4.4,6261,https://www.amazon.com.br/dp/B001M7QLSA,https://m.media-amazon.com/images/I/613jTy9LFEL._AC_UL960_FMwebp_QL65_.jpg,10,"R$ 135,90",False,False,False,False,Mais de 50 compras no mês passado,"Entrega GRÁTIS: dom., 20 de jul.",False,,,"R$ 15.637,25",,
B09THG5PZ2,Schwarzkopf Professional Condicionador Para Cabelos Danificados Bc Bonacure Clean Performance Repair Rescue 1L,"R$ 159,90",,BRL,4.5,103,https://www.amazon.com.br/dp/B09THG5PZ2,https://m.media-amazon.com/images/I/61rylDJnXwL._AC_UL960_FMwebp_QL65_.jpg,6,"R$ 149,30",False,False,False,False,,"Entrega GRÁTIS: qua., 16 de jul.",False,Floral,,,,
B07LFFMH5R,"Kit Para Depilação Sistema Roll-On, Depil Bella","R$ 119,50",,BRL,4.4,2861,https://www.amazon.com.br/dp/B07LFFMH5R,https://m.media-amazon.com/images/I/7142G1qH5TL._AC_UL960_FMwebp_QL65_.jpg,1,"R$ 119,50",False,False,False,False,Mais de 100 compras no mês passado,"Entrega GRÁTIS: dom., 20 de jul.",False,Kit,,"R$ 543,18",0.0,
B07PMM6HGQ,Wella Nutricurls Curlixir 150ml,"R$ 127,00",,BRL,4.5,517,https://www.amazon.com.br/dp/B07PMM6HGQ,https://m.media-amazon.com/images/I/41fReP5wBoL._AC_UL960_FMwebp_QL65_.jpg,4,"R$ 127,00",False,False,False,False,Mais de 20 compras no mês passado,,False,,,,,
B0FGDV84QQ,Maleta Dos Sonhos Maquiagem Infantil Teen Cor Rosa,"R$ 119,99",,BRL,,0,https://www.amazon.com.br/dp/B0FGDV84QQ,https://m.media-amazon.com/images/I/61DMZ-dRi5L._AC_UL960_FMwebp_QL65_.jpg,1,"R$ 119,99",False,False,False,False,,"Entrega GRÁTIS: ter., 29 de jul.",False,,,"R$ 119,99",1.0,
B0C2JJ43CD,Fusion - Condicionador 1000ml,"R$ 204,90",,BRL,4.7,77,https://www.amazon.com.br/dp/B0C2JJ43CD,https://m.media-amazon.com/images/I/51bJiCL0JAL._AC_UL960_FMwebp_QL65_.jpg,1,"R$ 204,90",False,False,False,False,Mais de 50 compras no mês passado,"Entrega GRÁTIS: dom., 20 de jul.",False,"Cedro, Sândalo",,,,
B07R4VY2DT,Truss Curly Fix - Leave-In For Curl Definition - 250ml (Nova Versão),"R$ 129,99",,BRL,4.3,303,https://www.amazon.com.br/dp/B07R4VY2DT,https://m.media-amazon.com/images/I/51+wKBRPKKL._AC_UL960_FMwebp_QL65_.jpg,5,"R$ 117,87",False,False,False,False,Mais de 50 compras no mês passado,"Entrega GRÁTIS: seg., 21 de jul.",False,,,"R$ 129,99",1.0,
B093ZM826L,"Al Wataniah Durrat Al Aroos Edp 85Ml, Al Wataniah","R$ 156,99",,BRL,4.2,462,https://www.amazon.com.br/dp/B093ZM826L,https://m.media-amazon.com/images/I/71KjOqQpe5L._AC_UL960_FMwebp_QL65_.jpg,21,"R$ 144,99",False,False,False,False,Mais de 100 compras no mês passado,"Entrega R$ 28,67: 29 - 31 de jul.",False,Aquático,,,,
B07FPQ1FHT,"Shampoo, Keune","R$ 264,96",,BRL,4.9,25,https://www.amazon.com.br/dp/B07FPQ1FHT,https://m.media-amazon.com/images/I/71tEOOO8-ZL._AC_UL960_FMwebp_QL65_.jpg,9,"R$ 263,28",False,False,False,False,Mais de 20 compras no mês passado,"Entrega GRÁTIS: Amanhã, 14 de jul.Ou entrega mais rápida: Hoje",False,Menta,,,,
B0CPF6GB3J,"Kérastase Máscara Première Masque Filler Réparateur, Todos os tipos de cabelos danificados, Reparador de preenchimento, Hidrata e fortalece, Peptídeo e Glicina, 200ml","R$ 285,00","R$ 317,15",BRL,4.6,640,https://www.amazon.com.br/dp/B0CPF6GB3J,https://m.media-amazon.com/images/I/51iCFrYtLbL._AC_UL960_FMwebp_QL65_.jpg,1,"R$ 285,00",False,False,True,False,Mais de 300 compras no mês passado,,False,Floral,,,,Oferta Prime Day
B078M82ZT9,Colônia Natura Homem Sagaz,"R$ 135,15",,BRL,4.8,390,https://www.amazon.com.br/dp/B078M82ZT9,https://m.media-amazon.com/images/I/61wc+ABxr+L._AC_UL960_FMwebp_QL65_.jpg,29,"R$ 135,15",False,False,False,False,Mais de 100 compras no mês passado,,False,Madeira,,,,
B0CDZ64463,"Prancha Alisadora InfraRed, Mondial, Azul/Golden Rose, 55W, Bivolt - P-01-IR","R$ 149,00","R$ 159,90",BRL,4.4,22,https://www.amazon.com.br/dp/B0CDZ64463,https://m.media-amazon.com/images/I/61dUu2LpvsL._AC_UL960_FMwebp_QL65_.jpg,1,"R$ 149,00",False,False,False,False,Mais de 50 compras no mês passado,"Entrega GRÁTIS: dom., 20 de jul.",False,,,,,
B08Z95THYV,Antonio Banderas The Icon For Men Edt 100Ml Antonio Banderas,"R$ 170,00","R$ 179,99",BRL,4.5,2272,https://www.amazon.com.br/dp/B08Z95THYV,https://m.media-amazon.com/images/I/71moljh+GgL._AC_UL960_FMwebp_QL65_.jpg,1,"R$ 170,00",False,False,False,False,Mais de 30 compras no mês passado,"Entrega R$ 24,29: ter., 5 de ago.Ou entrega mais rápida: 17 - 21 de jul.",False,Oriental,,"R$ 1,70",100.0,
B08R4YZXTM,Bed Head Some Like it Hot - Spray Protetor Térmico 100ml,"R$ 129,90",,BRL,4.3,2586,https://www.amazon.com.br/dp/B08R4YZXTM,https://m.media-amazon.com/images/I/61nVGd6XmDL._AC_UL960_FMwebp_QL65_.jpg,9,"R$ 107,82",False,False,False,False,,"Entrega GRÁTIS: dom., 20 de jul.",False,,,"R$ 129,90",1.0,
B08JD6FLQ4,"Kit Guarda Don Alcides - Balm, Shampoo E Óleo - Barba Negra","R$ 168,07",,BRL,4.8,163,https://www.amazon.com.br/dp/B08JD6FLQ4,https://m.media-amazon.com/images/I/61aJLQ0U6tL._AC_UL960_FMwebp_QL65_.jpg,1,"R$ 168,07",False,False,False,False,Mais de 30 compras no mês passado,"Entrega GRÁTIS: dom., 20 de jul.",False,,,"R$ 168,07",1.0,
B000BO52TE,Óleo Hidratante Nuxe Huile Prodigieuse com 50ml,"R$ 128,92",,BRL,4.4,2423,https://www.amazon.com.br/dp/B000BO52TE,https://m.media-amazon.com/images/I/71vBOMZO0cL._AC_UL960_FMwebp_QL65_.jpg,1,"R$ 128,92",False,True,False,False,Mais de 30 compras no mês passado,"Entrega R$ 27,48: 23 - 25 de jul.",False,,,,,Escolha
B0B1RVQP3V,Sérum Rejuvenescedor Facial Ivy C Ferulic Skincare – 30ml – Ação Hidratante – Auxilia na Redução de Rugas e Uniformização da Pele – Mantecorp,"R$ 192,90",,BRL,4.8,721,https://www.amazon.com.br/dp/B0B1RVQP3V,https://m.media-amazon.com/images/I/61kT8AfBkVL._AC_UL960_FMwebp_QL65_.jpg,8,"R$ 192,90",False,False,False,False,Mais de 800 compras no mês passado,,False,,,,,
B0D6WPC382,"La Roche Posay, Anthelios Age Correct, Protetor Solar facial, Fps 50, Cor 2.0","R$ 125,66","R$ 136,90",BRL,4.7,76,https://www.amazon.com.br/dp/B0D6WPC382,https://m.media-amazon.com/images/I/41nOJo5rIZL._AC_UL960_FMwebp_QL65_.jpg,4,"R$ 131,67",False,False,False,False,Mais de 100 compras no mês passado,"Entrega GRÁTIS: Amanhã, 14 de jul.Ou entrega mais rápida: Hoje",False,,,,,
B07NTHTRVB,SH-RD Protein Cream 50 mL,"R$ 214,90",,BRL,4.8,143,https://www.amazon.com.br/dp/B07NTHTRVB,https://m.media-amazon.com/images/I/71cSVJ7DAXL._AC_UL960_FMwebp_QL65_.jpg,4,"R$ 194,99",False,False,False,False,Mais de 100 compras no mês passado,Entrega GRÁTIS: 13 - 22 de ago.,False,Floral,Economize 15% com o cupom,"R$ 4.298,00",,
B0FGDV84QQ,Maleta Dos Sonhos Maquiagem Infantil Teen Cor Rosa,"R$ 119,99",,BRL,,0,https://www.amazon.com.br/dp/B0FGDV84QQ,https://m.media-amazon.com/images/I/61DMZ-dRi5L._AC_UL960_FMwebp_QL65_.jpg,1,"R$ 119,99",False,False,False,False,,"Entrega GRÁTIS: ter., 29 de jul.",False,,,"R$ 119,99",1.0,
B0C2JJ43CD,Fusion - Condicionador 1000ml,"R$ 204,90",,BRL,4.7,77,https://www.amazon.com.br/dp/B0C2JJ43CD,https://m.media-amazon.com/images/I/51bJiCL0JAL._AC_UL960_FMwebp_QL65_.jpg,1,"R$ 204,90",False,False,False,False,Mais de 50 compras no mês passado,"Entrega GRÁTIS: dom., 20 de jul.",False,"Cedro, Sândalo",,,,
B07R4VY2DT,Truss Curly Fix - Leave-In For Curl Definition - 250ml (Nova Versão),"R$ 129,99",,BRL,4.3,303,https://www.amazon.com.br/dp/B07R4VY2DT,https://m.media-amazon.com/images/I/51+wKBRPKKL._AC_UL960_FMwebp_QL65_.jpg,5,"R$ 117,87",False,False,False,False,Mais de 50 compras no mês passado,"Entrega GRÁTIS: seg., 21 de jul.",False,,,"R$ 129,99",1.0,
B093ZM826L,"Al Wataniah Durrat Al Aroos Edp 85Ml, Al Wataniah","R$ 156,99",,BRL,4.2,462,https://www.amazon.com.br/dp/B093ZM826L,https://m.media-amazon.com/images/I/71KjOqQpe5L._AC_UL960_FMwebp_QL65_.jpg,21,"R$ 144,99",False,False,False,False,Mais de 100 compras no mês passado,"Entrega R$ 28,67: 29 - 31 de jul.",False,Aquático,,,,
B07FPQ1FHT,"Shampoo, Keune","R$ 264,96",,BRL,4.9,25,https://www.amazon.com.br/dp/B07FPQ1FHT,https://m.media-amazon.com/images/I/71tEOOO8-ZL._AC_UL960_FMwebp_QL65_.jpg,9,"R$ 263,28",False,False,False,False,Mais de 20 compras no mês passado,"Entrega GRÁTIS: Amanhã, 14 de jul.Ou entrega mais rápida: Hoje",False,Menta,,,,
B0CPF6GB3J,"Kérastase Máscara Première Masque Filler Réparateur, Todos os tipos de cabelos danificados, Reparador de preenchimento, Hidrata e fortalece, Peptídeo e Glicina, 200ml","R$ 285,00","R$ 317,15",BRL,4.6,640,https://www.amazon.com.br/dp/B0CPF6GB3J,https://m.media-amazon.com/images/I/51iCFrYtLbL._AC_UL960_FMwebp_QL65_.jpg,1,"R$ 285,00",False,False,True,False,Mais de 300 compras no mês passado,,False,Floral,,,,Oferta Prime Day
B078M82ZT9,Colônia Natura Homem Sagaz,"R$ 135,15",,BRL,4.8,390,https://www.amazon.com.br/dp/B078M82ZT9,https://m.media-amazon.com/images/I/61wc+ABxr+L._AC_UL960_FMwebp_QL65_.jpg,29,"R$ 135,15",False,False,False,False,Mais de 100 compras no mês passado,,False,Madeira,,,,
B0CDZ64463,"Prancha Alisadora InfraRed, Mondial, Azul/Golden Rose, 55W, Bivolt - P-01-IR","R$ 149,00","R$ 159,90",BRL,4.4,22,https://www.amazon.com.br/dp/B0CDZ64463,https://m.media-amazon.com/images/I/61dUu2LpvsL._AC_UL960_FMwebp_QL65_.jpg,1,"R$ 149,00",False,False,False,False,Mais de 50 compras no mês passado,"Entrega GRÁTIS: dom., 20 de jul.",False,,,,,
B08Z95THYV,Antonio Banderas The Icon For Men Edt 100Ml Antonio Banderas,"R$ 170,00","R$ 179,99",BRL,4.5,2272,https://www.amazon.com.br/dp/B08Z95THYV,https://m.media-amazon.com/images/I/71moljh+GgL._AC_UL960_FMwebp_QL65_.jpg,1,"R$ 170,00",False,False,False,False,Mais de 30 compras no mês passado,"Entrega R$ 24,29: ter., 5 de ago.Ou entrega mais rápida: 17 - 21 de jul.",False,Oriental,,"R$ 1,70",100.0,
B08R4YZXTM,Bed Head Some Like it Hot - Spray Protetor Térmico 100ml,"R$ 129,90",,BRL,4.3,2586,https://www.amazon.com.br/dp/B08R4YZXTM,https://m.media-amazon.com/images/I/61nVGd6XmDL._AC_UL960_FMwebp_QL65_.jpg,9,"R$ 107,82",False,False,False,False,,"Entrega GRÁTIS: dom., 20 de jul.",False,,,"R$ 129,90",1.0,
B08JD6FLQ4,"Kit Guarda Don Alcides - Balm, Shampoo E Óleo - Barba Negra","R$ 168,07",,BRL,4.8,163,https://www.amazon.com.br/dp/B08JD6FLQ4,https://m.media-amazon.com/images/I/61aJLQ0U6tL._AC_UL960_FMwebp_QL65_.jpg,1,"R$ 168,07",False,False,False,False,Mais de 30 compras no mês passado,"Entrega GRÁTIS: dom., 20 de jul.",False,,,"R$ 168,07",1.0,
B000BO52TE,Óleo Hidratante Nuxe Huile Prodigieuse com 50ml,"R$ 128,92",,BRL,4.4,2423,https://www.amazon.com.br/dp/B000BO52TE,https://m.media-amazon.com/images/I/71vBOMZO0cL._AC_UL960_FMwebp_QL65_.jpg,1,"R$ 128,92",False,False,False,False,Mais de 30 compras no mês passado,"Entrega R$ 27,48: 23 - 25 de jul.",False,,,,,
B0B1RVQP3V,Sérum Rejuvenescedor Facial Ivy C Ferulic Skincare – 30ml – Ação Hidratante – Auxilia na Redução de Rugas e Uniformização da Pele – Mantecorp,"R$ 192,90",,BRL,4.8,721,https://www.amazon.com.br/dp/B0B1RVQP3V,https://m.media-amazon.com/images/I/61kT8AfBkVL._AC_UL960_FMwebp_QL65_.jpg,8,"R$ 192,90",False,False,False,False,Mais de 800 compras no mês passado,,False,,,,,
B0D6WPC382,"La Roche Posay, Anthelios Age Correct, Protetor Solar facial, Fps 50, Cor 2.0","R$ 125,66","R$ 136,90",BRL,4.7,76,https://www.amazon.com.br/dp/B0D6WPC382,https://m.media-amazon.com/images/I/41nOJo5rIZL._AC_UL960_FMwebp_QL65_.jpg,4,"R$ 131,67",False,False,False,False,Mais de 100 compras no mês passado,"Entrega GRÁTIS: Amanhã, 14 de jul.Ou entrega mais rápida: Hoje",False,,,,,
B07NTHTRVB,SH-RD Protein Cream 50 mL,"R$ 214,90",,BRL,4.8,143,https://www.amazon.com.br/dp/B07NTHTRVB,https://m.media-amazon.com/images/I/71cSVJ7DAXL._AC_UL960_FMwebp_QL65_.jpg,4,"R$ 194,99",False,False,False,False,Mais de 100 compras no mês passado,Entrega GRÁTIS: 13 - 22 de ago.,False,Floral,Economize 15% com o cupom,"R$ 4.298,00",,
B08D11VZNQ,Máquina de Corte 220V Super Taper Branca WAHL,"R$ 379,90",,BRL,4.1,165,https://www.amazon.com.br/dp/B08D11VZNQ,https://m.media-amazon.com/images/I/41MCZANMFiL._AC_UL960_FMwebp_QL65_.jpg,7,"R$ 372,90",False,False,False,False,,"Entrega GRÁTIS: ter., 22 de jul.",False,,,,,
B09ND6NT2C,BIODERMA Atoderm Creme Ultra - Hidratação Corporal Diária Ultra Sensorial e Eficaz para Peles Normais e Secas 500ml,"R$ 108,99",,BRL,4.7,1272,https://www.amazon.com.br/dp/B09ND6NT2C,https://m.media-amazon.com/images/I/618gC1AX-cL._AC_UL960_FMwebp_QL65_.jpg,1,"R$ 108,99",False,False,False,False,Mais de 900 compras no mês passado,"Entrega GRÁTIS: Amanhã, 14 de jul.Ou entrega mais rápida: Hoje",False,,,,,
B07M6M1DKV,"MANTECORP - Protetor Solar Facial em Pó Compacto Episol FPS 50 - Protege a Pele e Retoca a Maquiagem, Reduz Brilho por Até 6h - Tom 4 Médio Escuro - 10g","R$ 129,90",,BRL,4.7,197,https://www.amazon.com.br/dp/B07M6M1DKV,https://m.media-amazon.com/images/I/71K8nqxXI7L._AC_UL960_FMwebp_QL65_.jpg,7,"R$ 112,90",False,False,False,False,Mais de 100 compras no mês passado,"Entrega GRÁTIS: Amanhã, 14 de jul.Ou entrega mais rápida: Hoje",False,,,,,
B0D55QJR53,Kit Arvensis Máscara 2x1 + Geleia Alta Fixação 250 gr,"R$ 149,90",,BRL,4.6,70,https://www.amazon.com.br/dp/B0D55QJR53,https://m.media-amazon.com/images/I/41Z1siJDNGL._AC_UL960_FMwebp_QL65_.jpg,10,"R$ 140,79",False,False,False,False,Mais de 40 compras no mês passado,"Entrega GRÁTIS: qua., 16 de jul.",False,Coco,,"R$ 0,33",454.0,
B08D71ZZ6R,BRAÉ DIVINE MASCARA DE TRATAMENTO COSMÉTICO PROFUNDO 500g,"R$ 132,90",,BRL,4.4,578,https://www.amazon.com.br/dp/B08D71ZZ6R,https://m.media-amazon.com/images/I/51SzP9KwzML._AC_UL960_FMwebp_QL65_.jpg,1,"R$ 132,90",False,False,False,False,Mais de 100 compras no mês passado,"Entrega GRÁTIS: dom., 20 de jul.",False,Floral,,"R$ 132,90",1.0,
B0BWG8JLYP,JIMMY CHOO ROSE PASSION EDP 60ML,"R$ 278,15",,BRL,4.6,122,https://www.amazon.com.br/dp/B0BWG8JLYP,https://m.media-amazon.com/images/I/61rUcN0h4fL._AC_UL960_FMwebp_QL65_.jpg,1,"R$ 278,15",False,False,False,False,,"Entrega GRÁTIS: ter., 15 de jul.",False,FLORAL ÂMBAR SOLAR,,,,
B0CTKT2QYM,Océane Oceane Paleta Multifuncional Marília Mendonça By Océane Face Palette 10G,"R$ 98,78","R$ 110,80",BRL,4.7,110,https://www.amazon.com.br/dp/B0CTKT2QYM,https://m.media-amazon.com/images/I/51K2MoWmtbL._AC_UL960_FMwebp_QL65_.jpg,1,"R$ 98,78",False,False,False,False,Mais de 200 compras no mês passado,"Entrega GRÁTIS: Amanhã, 14 de jul.Ou entrega mais rápida: Hoje",False,,,,,
B0BZZKXTQW,"Kérastase Shampoo Nutritive Bain Satin Riche, Shampoo Hidratante, Para Cabelos Secos e Ressecados, Nutrição Intensa, 250ml","R$ 146,00","R$ 208,90",BRL,4.6,2153,https://www.amazon.com.br/dp/B0BZZKXTQW,https://m.media-amazon.com/images/I/61x2h5mqieL._AC_UL960_FMwebp_QL65_.jpg,1,"R$ 146,00",False,False,True,False,Mais de 100 compras no mês passado,,False,Floral,,,,Oferta Prime Day
B07FYGLCR8,"Clarité Bolsas e Olheiras, Creme para a Região dos Olhos, Ação Anti-idade, Antiedema, Hidratante, Formulado com Green Tea e Cafeína, 15g","R$ 234,24","R$ 248,54",BRL,4.7,38,https://www.amazon.com.br/dp/B07FYGLCR8,https://m.media-amazon.com/images/I/41SjRAQjxfL._AC_UL960_FMwebp_QL65_.jpg,1,"R$ 234,24",False,False,False,False,Mais de 30 compras no mês passado,Entrega GRÁTIS: 31 de jul. - 7 de ago.,False,,,,,
B01M0F7S9F,"EUCERIN Loção Hidratante Corporal Urea Repair Plus 400ml, Hidratação Intensiva, Ureia, Pele Seca e Extra Seca","R$ 119,99",,BRL,4.6,937,https://www.amazon.com.br/dp/B01M0F7S9F,https://m.media-amazon.com/images/I/61GrIcfzskL._AC_UL960_FMwebp_QL65_.jpg,1,"R$ 119,99",False,False,False,False,Mais de 100 compras no mês passado,"Entrega GRÁTIS: Amanhã, 14 de jul.Ou entrega mais rápida: Hoje",False,,,,,
B09RGMBKCY,"Kérastase Shampoo Chroma Absolu Bain Chroma Respect, Para Cabelos coloridos, Proteção de cor, Aminoácido, Centelha Asiática, 250 ml","R$ 139,00","R$ 166,97",BRL,4.7,903,https://www.amazon.com.br/dp/B09RGMBKCY,https://m.media-amazon.com/images/I/5151rGP9oSL._AC_UL960_FMwebp_QL65_.jpg,1,"R$ 139,00",False,False,True,False,Mais de 600 compras no mês passado,,False,Floral,,,,Oferta Prime Day
B08TB8TPH9,Ilía Secreto Deo Parfum 50 mL Natura,"R$ 109,90",,BRL,4.8,138,https://www.amazon.com.br/dp/B08TB8TPH9,https://m.media-amazon.com/images/I/61f53zzdlbL._AC_UL960_FMwebp_QL65_.jpg,1,"R$ 109,90",False,False,False,False,Mais de 40 compras no mês passado,"Entrega R$ 31,88: 5 - 6 de ago.Ou entrega mais rápida: 18 - 24 de jul.",False,"Doce, Floral",,"R$ 109,90",1.0,
B08R4SDKTD,TIGI Shampoo Tigi Bed Head Recovery 400Ml,"R$ 100,99",,BRL,4.6,250,https://www.amazon.com.br/dp/B08R4SDKTD,https://m.media-amazon.com/images/I/51KyWV8dk2L._AC_UL960_FMwebp_QL65_.jpg,1,"R$ 100,99",False,False,False,False,,"Entrega GRÁTIS: Amanhã, 14 de jul.Ou entrega mais rápida: Hoje",False,Cítrico,,"R$ 100,99",1.0,
B085JGB8TR,"Truss Leave-In Day by Day | Hidratação, Proteção e Brilho Intenso | 250ml","R$ 116,65",,BRL,4.6,649,https://www.amazon.com.br/dp/B085JGB8TR,https://m.media-amazon.com/images/I/518sI-IRs1L._AC_UL960_FMwebp_QL65_.jpg,8,"R$ 115,90",False,False,False,False,Mais de 100 compras no mês passado,"Entrega GRÁTIS: Amanhã, 14 de jul.Ou entrega mais rápida: Hoje",False,,,,,
B0BZ51WM7H,Rejuvenescedor Facial Vichy - Neovadiol Phytosculpt 50ml,"R$ 314,90",,BRL,4.8,12,https://www.amazon.com.br/dp/B0BZ51WM7H,https://m.media-amazon.com/images/I/417iFib2T-L._AC_UL960_FMwebp_QL65_.jpg,4,"R$ 279,90",False,False,False,False,,"Entrega GRÁTIS: dom., 20 de jul.",False,,,"R$ 314,90",1.0,
B0CLXYN8J9,Perfume Importado Eau de Parfum Emeer Lattafa,"R$ 367,00",,BRL,4.4,838,https://www.amazon.com.br/dp/B0CLXYN8J9,https://m.media-amazon.com/images/I/81VzycEhEpL._AC_UL960_FMwebp_QL65_.jpg,1,"R$ 367,00",False,False,False,False,,"Entrega R$ 18,54: ter., 5 de ago.Ou entrega mais rápida: 17 - 21 de jul.",False,Unissex,,"R$ 3,67",100.0,
B0CCJYLLXG,"Secador de Cabelos, Mondial, Grafite/Rose, 2000W, 220V - SCN-11","R$ 250,00",,BRL,4.3,47,https://www.amazon.com.br/dp/B0CCJYLLXG,https://m.media-amazon.com/images/I/71-h4RTO-kL._AC_UL960_FMwebp_QL65_.jpg,2,"R$ 224,90",False,False,False,False,Mais de 100 compras no mês passado,"Entrega GRÁTIS: qua., 6 de ago.",False,,,,,
B0BV16PDVT,ETAT PUR Niacinamida 5% Ativo Puro,"R$ 129,33","R$ 138,69",BRL,4.6,59,https://www.amazon.com.br/dp/B0BV16PDVT,https://m.media-amazon.com/images/I/51rywhQax1L._AC_UL960_FMwebp_QL65_.jpg,4,"R$ 134,10",False,False,False,False,Mais de 50 compras no mês passado,"Entrega GRÁTIS: Amanhã, 14 de jul.Ou entrega mais rápida: Hoje",False,,,,,
B07RFFQP7P,Kit 2 Lâminas Bodygroom Para Aparador Philips Refil De Reposição,"R$ 132,00",,BRL,4.7,138,https://www.amazon.com.br/dp/B07RFFQP7P,https://m.media-amazon.com/images/I/71+IMIOLCgL._AC_UL960_FMwebp_QL65_.jpg,1,"R$ 132,00",False,False,False,False,Mais de 50 compras no mês passado,"Entrega GRÁTIS: qui., 31 de jul.",False,,,,,
B0797CSF86,"La Roche-Posay, Anthelios XL, Protetor Solar Corporal, FPS 70, 200ml","R$ 101,00",,BRL,4.6,556,https://www.amazon.com.br/dp/B0797CSF86,https://m.media-amazon.com/images/I/61h3yHplbRL._AC_UL960_FMwebp_QL65_.jpg,1,"R$ 101,00",False,False,False,False,Mais de 500 compras no mês passado,"Entrega GRÁTIS: Amanhã, 14 de jul.Ou entrega mais rápida: Hoje",False,,,,,
B0BVT11WV3,Hada Labo® Gokujyun Perfect Jelly - Gel Facial De Hidratação Intensa Com 5 tipos de Ácido Hialurônico e Esqualano 180ml,"R$ 126,90",,BRL,4.7,154,https://www.amazon.com.br/dp/B0BVT11WV3,https://m.media-amazon.com/images/I/51QfdOobCgL._AC_UL960_FMwebp_QL65_.jpg,1,"R$ 126,90",False,False,False,False,Mais de 50 compras no mês passado,"Entrega GRÁTIS: Amanhã, 14 de jul.Ou entrega mais rápida: Hoje",False,,,,,
B07ZRY5Q16,Vichy Dercos Condicionador Restaurador Com Pro Keratin Complex Kera-Solutions 200ml,"R$ 88,59","R$ 100,68",BRL,4.7,995,https://www.amazon.com.br/dp/B07ZRY5Q16,https://m.media-amazon.com/images/I/51BYGrvGsYL._AC_UL960_FMwebp_QL65_.jpg,1,"R$ 88,59",False,False,False,False,Mais de 500 compras no mês passado,"Entrega GRÁTIS: ter., 15 de jul.",False,Com Aroma,,,,
B09GSRYL69,"L&#x27;Oreal Professionnel Shampoo Silver, Neutraliza Tons Amarelos Indesejados, Com Pigmentos Roxo, Para Cabelos Brancos e Grisalhos, Promove Brilho &amp; Maciez, 300ml","R$ 91,00","R$ 103,00",BRL,4.8,1961,https://www.amazon.com.br/dp/B09GSRYL69,https://m.media-amazon.com/images/I/41UcCc+6L5L._AC_UL960_FMwebp_QL65_.jpg,1,"R$ 91,00",False,False,True,False,Mais de 900 compras no mês passado,,False,Sem perfume,,,,Oferta Prime Day
B09S6P7ZV7,Cetaphil Pro AR Calm Control Creme Hidratante Facial 50ml,"R$ 116,92",,BRL,4.8,1121,https://www.amazon.com.br/dp/B09S6P7ZV7,https://m.media-amazon.com/images/I/51HSeIq3T5L._AC_UL960_FMwebp_QL65_.jpg,1,"R$ 116,92",False,False,False,False,Mais de 1 mil compras no mês passado,"Entrega GRÁTIS: Amanhã, 14 de jul.Ou entrega mais rápida: Hoje",False,,,,,
B0C5MHYKHN,COACH GREEN EDT 40ML,"R$ 210,62",,BRL,4.3,172,https://www.amazon.com.br/dp/B0C5MHYKHN,https://m.media-amazon.com/images/I/61lDDOqF4hL._AC_UL960_FMwebp_QL65_.jpg,1,"R$ 210,62",False,False,False,False,,"Entrega GRÁTIS: ter., 15 de jul.",False,Frutal Verde Amadeirado,,,,
B0BS47WP62,Eudora La Victorie Eau de Parfum Feminino 75ml,"R$ 169,90",,BRL,4.1,45,https://www.amazon.com.br/dp/B0BS47WP62,https://m.media-amazon.com/images/I/51cOS9lqokL._AC_UL960_FMwebp_QL65_.jpg,23,"R$ 146,89",False,False,False,False,Mais de 20 compras no mês passado,"Entrega GRÁTIS: sáb., 19 de jul.",False,,,"R$ 169,90",1.0,
B077C4GMZV,K.Pro - Intense Repair Condicionador,"R$ 72,98","R$ 104,90",BRL,4.8,14,https://www.amazon.com.br/dp/B077C4GMZV,https://m.media-amazon.com/images/I/71QIwwgDMzL._AC_UL960_FMwebp_QL65_.jpg,1,"R$ 72,98",False,False,True,False,,,False,,,"R$ 0,36",203.0,Oferta Prime Day
B002WZGFWS,BIODERMA Hydrabio Sérum - Sérum Facial Hidratante e Fortalecedor 40ml,"R$ 118,99",,BRL,4.8,4481,https://www.amazon.com.br/dp/B002WZGFWS,https://m.media-amazon.com/images/I/41pRXAteMWL._AC_UL960_FMwebp_QL65_.jpg,1,"R$ 118,99",False,False,False,False,Mais de 1 mil compras no mês passado,"Entrega GRÁTIS: Amanhã, 14 de jul.Ou entrega mais rápida: Hoje",False,,"Economize R$ 4,79 com o cupom",,,
B01AC34TS8,Bed Head Tigi Urban Antidotes Resurrection - Kit Shampoo 750ml + Condicionador 750ml,"R$ 209,00",,BRL,4.6,22750,https://www.amazon.com.br/dp/B01AC34TS8,https://m.media-amazon.com/images/I/81vq+moCBzL._AC_UL960_FMwebp_QL65_.jpg,1,"R$ 209,00",False,False,False,False,Mais de 50 compras no mês passado,"Entrega GRÁTIS: qui., 31 de jul.",False,,,,,
B0CWJ3YHJL,Aparador Pelo Barba Elétrico Anti Corte Prova d´agua c/LED,"R$ 159,00","R$ 179,00",BRL,4.6,34,https://www.amazon.com.br/dp/B0CWJ3YHJL,https://m.media-amazon.com/images/I/41HqEWZVTiL._AC_UL960_FMwebp_QL65_.jpg,1,"R$ 159,00",False,False,False,False,Mais de 30 compras no mês passado,"Entrega GRÁTIS: sáb., 19 de jul.",False,,,,,Economize 11%
B073WYP6VJ,Avène A-Oxitive - Sérum Anti-Idade 30ml,"R$ 204,99",,BRL,4.8,2491,https://www.amazon.com.br/dp/B073WYP6VJ,https://m.media-amazon.com/images/I/615pgUWW0xL._AC_UL960_FMwebp_QL65_.jpg,1,"R$ 204,99",False,False,False,False,Mais de 300 compras no mês passado,"Entrega GRÁTIS: Amanhã, 14 de jul.Ou entrega mais rápida: Hoje",False,,,,,
B08D71QRFQ,BRAÉ DIVINE CONDICIONADOR ANTIFRIZZ 1000ml,"R$ 131,00",,BRL,4.4,141,https://www.amazon.com.br/dp/B08D71QRFQ,https://m.media-amazon.com/images/I/51mLbydtGML._AC_UL960_FMwebp_QL65_.jpg,1,"R$ 131,00",False,False,False,False,Mais de 50 compras no mês passado,"Entrega GRÁTIS: seg., 21 de jul.",False,,,"R$ 131,00",1.0,
B0BSVNFJL2,Kit Aussie Mega Moist Super Hidratação Shampoo 360ml e Condicionador 360ml e 3 Minutos Milagrosos 236ml,"R$ 160,16",,BRL,4.7,812,https://www.amazon.com.br/dp/B0BSVNFJL2,https://m.media-amazon.com/images/I/71ieHppufQL._AC_UL960_FMwebp_QL65_.jpg,1,"R$ 160,16",False,False,False,False,Mais de 20 compras no mês passado,"Entrega GRÁTIS: qua., 23 de jul.",False,,,"R$ 53,39",3.0,
B0BV16PDVT,ETAT PUR Niacinamida 5% Ativo Puro,"R$ 129,33","R$ 138,69",BRL,4.6,59,https://www.amazon.com.br/dp/B0BV16PDVT,https://m.media-amazon.com/images/I/51rywhQax1L._AC_UL960_FMwebp_QL65_.jpg,4,"R$ 134,10",False,False,False,False,Mais de 50 compras no mês passado,"Entrega GRÁTIS: Amanhã, 14 de jul.Ou entrega mais rápida: Hoje",False,,,,,
B07RFFQP7P,Kit 2 Lâminas Bodygroom Para Aparador Philips Refil De Reposição,"R$ 132,00",,BRL,4.7,138,https://www.amazon.com.br/dp/B07RFFQP7P,https://m.media-amazon.com/images/I/71+IMIOLCgL._AC_UL960_FMwebp_QL65_.jpg,1,"R$ 132,00",False,False,False,False,Mais de 50 compras no mês passado,"Entrega GRÁTIS: qui., 31 de jul.",False,,,,,
B0797CSF86,"La Roche-Posay, Anthelios XL, Protetor Solar Corporal, FPS 70, 200ml","R$ 101,00",,BRL,4.6,556,https://www.amazon.com.br/dp/B0797CSF86,https://m.media-amazon.com/images/I/61h3yHplbRL._AC_UL960_FMwebp_QL65_.jpg,1,"R$ 101,00",False,False,False,False,Mais de 500 compras no mês passado,"Entrega GRÁTIS: Amanhã, 14 de jul.Ou entrega mais rápida: Hoje",False,,,,,
B0BVT11WV3,Hada Labo® Gokujyun Perfect Jelly - Gel Facial De Hidratação Intensa Com 5 tipos de Ácido Hialurônico e Esqualano 180ml,"R$ 126,90",,BRL,4.7,154,https://www.amazon.com.br/dp/B0BVT11WV3,https://m.media-amazon.com/images/I/51QfdOobCgL._AC_UL960_FMwebp_QL65_.jpg,1,"R$ 126,90",False,False,False,False,Mais de 50 compras no mês passado,"Entrega GRÁTIS: Amanhã, 14 de jul.Ou entrega mais rápida: Hoje",False,,,,,
B07ZRY5Q16,Vichy Dercos Condicionador Restaurador Com Pro Keratin Complex Kera-Solutions 200ml,"R$ 88,59","R$ 100,68",BRL,4.7,995,https://www.amazon.com.br/dp/B07ZRY5Q16,https://m.media-amazon.com/images/I/51BYGrvGsYL._AC_UL960_FMwebp_QL65_.jpg,1,"R$ 88,59",False,False,False,False,Mais de 500 compras no mês passado,"Entrega GRÁTIS: ter., 15 de jul.",False,Com Aroma,,,,
B09GSRYL69,"L&#x27;Oreal Professionnel Shampoo Silver, Neutraliza Tons Amarelos Indesejados, Com Pigmentos Roxo, Para Cabelos Brancos e Grisalhos, Promove Brilho &amp; Maciez, 300ml","R$ 91,00","R$ 103,00",BRL,4.8,1961,https://www.amazon.com.br/dp/B09GSRYL69,https://m.media-amazon.com/images/I/41UcCc+6L5L._AC_UL960_FMwebp_QL65_.jpg,1,"R$ 91,00",False,False,True,False,Mais de 900 compras no mês passado,,False,Sem perfume,,,,Oferta Prime Day
B09S6P7ZV7,Cetaphil Pro AR Calm Control Creme Hidratante Facial 50ml,"R$ 116,92",,BRL,4.8,1121,https://www.amazon.com.br/dp/B09S6P7ZV7,https://m.media-amazon.com/images/I/51HSeIq3T5L._AC_UL960_FMwebp_QL65_.jpg,1,"R$ 116,92",False,False,False,False,Mais de 1 mil compras no mês passado,"Entrega GRÁTIS: Amanhã, 14 de jul.Ou entrega mais rápida: Hoje",False,,,,,
B0C5MHYKHN,COACH GREEN EDT 40ML,"R$ 210,62",,BRL,4.3,172,https://www.amazon.com.br/dp/B0C5MHYKHN,https://m.media-amazon.com/images/I/61lDDOqF4hL._AC_UL960_FMwebp_QL65_.jpg,1,"R$ 210,62",False,False,False,False,,"Entrega GRÁTIS: ter., 15 de jul.",False,Frutal Verde Amadeirado,,,,
B0BS47WP62,Eudora La Victorie Eau de Parfum Feminino 75ml,"R$ 169,90",,BRL,4.1,45,https://www.amazon.com.br/dp/B0BS47WP62,https://m.media-amazon.com/images/I/51cOS9lqokL._AC_UL960_FMwebp_QL65_.jpg,23,"R$ 146,89",False,False,False,False,Mais de 20 compras no mês passado,"Entrega GRÁTIS: sáb., 19 de jul.",False,,,"R$ 169,90",1.0,
B077C4GMZV,K.Pro - Intense Repair Condicionador,"R$ 72,98","R$ 104,90",BRL,4.8,14,https://www.amazon.com.br/dp/B077C4GMZV,https://m.media-amazon.com/images/I/71QIwwgDMzL._AC_UL960_FMwebp_QL65_.jpg,1,"R$ 72,98",False,False,True,False,,,False,,,"R$ 0,36",203.0,Oferta Prime Day
B002WZGFWS,BIODERMA Hydrabio Sérum - Sérum Facial Hidratante e Fortalecedor 40ml,"R$ 118,99",,BRL,4.8,4481,https://www.amazon.com.br/dp/B002WZGFWS,https://m.media-amazon.com/images/I/41pRXAteMWL._AC_UL960_FMwebp_QL65_.jpg,1,"R$ 118,99",False,False,False,False,Mais de 1 mil compras no mês passado,"Entrega GRÁTIS: Amanhã, 14 de jul.Ou entrega mais rápida: Hoje",False,,"Economize R$ 4,79 com o cupom",,,
B01AC34TS8,Bed Head Tigi Urban Antidotes Resurrection - Kit Shampoo 750ml + Condicionador 750ml,"R$ 209,00",,BRL,4.6,22750,https://www.amazon.com.br/dp/B01AC34TS8,https://m.media-amazon.com/images/I/81vq+moCBzL._AC_UL960_FMwebp_QL65_.jpg,1,"R$ 209,00",False,False,False,False,Mais de 50 compras no mês passado,"Entrega GRÁTIS: qui., 31 de jul.",False,,,,,
B0CWJ3YHJL,Aparador Pelo Barba Elétrico Anti Corte Prova d´agua c/LED,"R$ 159,00","R$ 179,00",BRL,4.6,34,https://www.amazon.com.br/dp/B0CWJ3YHJL,https://m.media-amazon.com/images/I/41HqEWZVTiL._AC_UL960_FMwebp_QL65_.jpg,1,"R$ 159,00",False,False,False,False,Mais de 30 compras no mês passado,"Entrega GRÁTIS: sáb., 19 de jul.",False,,,,,Economize 11%
B073WYP6VJ,Avène A-Oxitive - Sérum Anti-Idade 30ml,"R$ 204,99",,BRL,4.8,2491,https://www.amazon.com.br/dp/B073WYP6VJ,https://m.media-amazon.com/images/I/615pgUWW0xL._AC_UL960_FMwebp_QL65_.jpg,1,"R$ 204,99",False,False,False,False,Mais de 300 compras no mês passado,"Entrega GRÁTIS: Amanhã, 14 de jul.Ou entrega mais rápida: Hoje",False,,,,,
B0CPT537TY,LACOSTE RED EDT 125ML,"R$ 269,00","R$ 298,98",BRL,4.6,62,https://www.amazon.com.br/dp/B0CPT537TY,https://m.media-amazon.com/images/I/61QE0mMDYPL._AC_UL960_FMwebp_QL65_.jpg,1,"R$ 269,00",False,False,True,False,,,False,Maçã & Cedro,,,,Oferta Prime Day
B08D71QRFQ,BRAÉ DIVINE CONDICIONADOR ANTIFRIZZ 1000ml,"R$ 131,00",,BRL,4.4,141,https://www.amazon.com.br/dp/B08D71QRFQ,https://m.media-amazon.com/images/I/51mLbydtGML._AC_UL960_FMwebp_QL65_.jpg,1,"R$ 131,00",False,False,False,False,Mais de 50 compras no mês passado,"Entrega GRÁTIS: seg., 21 de jul.",False,,,"R$ 131,00",1.0,
B0BSVNFJL2,Kit Aussie Mega Moist Super Hidratação Shampoo 360ml e Condicionador 360ml e 3 Minutos Milagrosos 236ml,"R$ 160,16",,BRL,4.7,812,https://www.amazon.com.br/dp/B0BSVNFJL2,https://m.media-amazon.com/images/I/71ieHppufQL._AC_UL960_FMwebp_QL65_.jpg,1,"R$ 160,16",False,False,False,False,Mais de 20 compras no mês passado,"Entrega GRÁTIS: qua., 23 de jul.",False,,,"R$ 53,39",3.0,
B084D79T9X,"Alfaparf Milano Semi Di Lino Moisture Shampoo - Hidrata, nutre e amacia – Sem sulfato - Para cabelos secos – Seguro em cabelos coloridos - Qualidade profissional de salão 1L","R$ 122,38",,BRL,4.6,196,https://www.amazon.com.br/dp/B084D79T9X,https://m.media-amazon.com/images/I/61YKyGBRoQL._AC_UL960_FMwebp_QL65_.jpg,1,"R$ 122,38",False,False,False,False,Mais de 100 compras no mês passado,"Entrega GRÁTIS: ter., 15 de jul.Ou entrega mais rápida: Hoje",False,,,,,
B0FFQVRQ69,"Perfume Árabe Asad_ Lataf-Eau De Parfum 100ml - (Masculino) Desperte o Poder, luxo e conquista em cada borrifada. Perfume para homens que nasceram para vencer.","R$ 255,50",,BRL,,0,https://www.amazon.com.br/dp/B0FFQVRQ69,https://m.media-amazon.com/images/I/61gLPQcU9rL._AC_UL960_FMwebp_QL65_.jpg,1,"R$ 255,50",False,False,False,False,,,False,Âmbar,,,,
B08KSH3TY2,Kit Wella Professionals Invigo Nutri-Enrich (Shampoo e Máscara),"R$ 179,58",,BRL,4.7,902,https://www.amazon.com.br/dp/B08KSH3TY2,https://m.media-amazon.com/images/I/613yldOLl0L._AC_UL960_FMwebp_QL65_.jpg,10,"R$ 174,88",False,False,False,False,Mais de 300 compras no mês passado,"Entrega GRÁTIS: seg., 21 de jul.",False,,,"R$ 44,90",4.0,
B0D3M1HB26,Máscara Wella Professionals Ultimate Repair 500ml,"R$ 307,31",,BRL,4.7,9,https://www.amazon.com.br/dp/B0D3M1HB26,https://m.media-amazon.com/images/I/51b6Xo8MnRL._AC_UL960_FMwebp_QL65_.jpg,1,"R$ 307,31",False,False,False,False,,"Entrega GRÁTIS: ter., 15 de jul.",False,Floral,,,,
B09X1RPL88,"Prancha Alisadora, Mondial, Branco/Rose Gold, 45W, Bivolt - P-50","R$ 124,00","R$ 132,50",BRL,4.4,97,https://www.amazon.com.br/dp/B09X1RPL88,https://m.media-amazon.com/images/I/61eXfRrrr-L._AC_UL960_FMwebp_QL65_.jpg,11,"R$ 127,00",False,False,False,False,Mais de 50 compras no mês passado,"Entrega GRÁTIS: Amanhã, 14 de jul.Ou entrega mais rápida: Hoje",False,,,,,
B08GB5VR9Q,Forever Liss - Kit Desmaia Cabelo Completo Com Máscara 350g,"R$ 152,12",,BRL,4.5,60,https://www.amazon.com.br/dp/B08GB5VR9Q,https://m.media-amazon.com/images/I/615Ql3+LsfS._AC_UL960_FMwebp_QL65_.jpg,1,"R$ 152,12",False,False,False,False,,"Entrega GRÁTIS: ter., 29 de jul.",False,,,"R$ 30.424,00",,
B09DZ7V52C,Fisiogel Ai Balsamo Lipidico Restaurador 150G,"R$ 114,99",,BRL,4.5,124,https://www.amazon.com.br/dp/B09DZ7V52C,https://m.media-amazon.com/images/I/512yz-pXA3L._AC_UL960_FMwebp_QL65_.jpg,7,"R$ 105,87",False,False,False,False,Mais de 50 compras no mês passado,"Entrega GRÁTIS: qua., 6 de ago.",False,,,"R$ 114,99",1.0,
B0D4G4JGCC,Kit Braé Blond Repair Duo 250ml + Máscara 200g + Mini Essential 60ml,"R$ 188,00",,BRL,4.2,80,https://www.amazon.com.br/dp/B0D4G4JGCC,https://m.media-amazon.com/images/I/51Aog94DmjL._AC_UL960_FMwebp_QL65_.jpg,1,"R$ 188,00",False,False,False,False,Mais de 40 compras no mês passado,"Entrega GRÁTIS: seg., 21 de jul.",False,,,"R$ 47,00",4.0,
B0B3S6FNMP,Natura Kaiak Clássico Desodorente Colônia Masculino 100ml,"R$ 109,90",,BRL,4.7,340,https://www.amazon.com.br/dp/B0B3S6FNMP,https://m.media-amazon.com/images/I/51sUHxUvC0L._AC_UL960_FMwebp_QL65_.jpg,46,"R$ 75,00",False,False,False,False,Mais de 100 compras no mês passado,"Entrega GRÁTIS: sáb., 19 de jul.",False,Aromático Aquoso Moderado,,"R$ 109,90",1.0,
B01MQWRLC5,"Care Absolute Volume Thermal Protetor, 200 ml, Keune","R$ 172,90",,BRL,4.1,104,https://www.amazon.com.br/dp/B01MQWRLC5,https://m.media-amazon.com/images/I/51UNupRvYwL._AC_UL960_FMwebp_QL65_.jpg,1,"R$ 172,90",False,False,False,False,Mais de 20 compras no mês passado,"Entrega GRÁTIS: ter., 15 de jul.",False,,,,,
B0BSXS13KX,O BOTICÁRIO BOTICA 214 GOLDEN GARDÊNIA EUA DE PARFUM 75ml,"R$ 194,90","R$ 206,90",BRL,4.6,61,https://www.amazon.com.br/dp/B0BSXS13KX,https://m.media-amazon.com/images/I/41jAgYTW4XL._AC_UL960_FMwebp_QL65_.jpg,21,"R$ 189,90",False,False,False,False,Mais de 20 compras no mês passado,"Entrega GRÁTIS: sáb., 19 de jul.",False,Gardênia,,"R$ 194,90",1.0,
B08PXFKVXJ,"Prancha Alisadora Titanium Pro, Mondial, P-28, Azul","R$ 202,98","R$ 214,99",BRL,4.6,76,https://www.amazon.com.br/dp/B08PXFKVXJ,https://m.media-amazon.com/images/I/41MbwEV4DYL._AC_UL960_FMwebp_QL65_.jpg,8,"R$ 189,50",False,False,False,False,Mais de 30 compras no mês passado,"Entrega GRÁTIS: qua., 16 de jul.",False,,,,,
B01M27OFG0,"Concealer Circle, Kryolan","R$ 367,60",,BRL,4.5,104,https://www.amazon.com.br/dp/B01M27OFG0,https://m.media-amazon.com/images/I/61r3V6NZwnL._AC_UL960_FMwebp_QL65_.jpg,1,"R$ 367,60",False,False,False,False,,"Entrega GRÁTIS: qua., 16 de jul.",True,,,,,
B0C2JHS29X,Fusion - Condicionador 200ml,"R$ 109,90",,BRL,4.8,11,https://www.amazon.com.br/dp/B0C2JHS29X,https://m.media-amazon.com/images/I/410bVqkQ5mL._AC_UL960_FMwebp_QL65_.jpg,17,"R$ 109,00",False,False,False,False,Mais de 50 compras no mês passado,"Entrega GRÁTIS: dom., 20 de jul.",False,,,,,
B07WS2HX2H,Máquina De Cortar Cabelo Profissional Aparador Kemei Km-1995,"R$ 124,49",,BRL,4.5,594,https://www.amazon.com.br/dp/B07WS2HX2H,https://m.media-amazon.com/images/I/51ciDi7xvrL._AC_UL960_FMwebp_QL65_.jpg,14,"R$ 106,40",False,False,False,False,Mais de 100 compras no mês passado,"Entrega GRÁTIS: ter., 22 de jul.",False,,,,,
B0B4KGX7XV,BLUR C FPS 98 | PPD 34-18H DE PROTEÇÃO (natural),"R$ 215,91",,BRL,4.5,9,https://www.amazon.com.br/dp/B0B4KGX7XV,https://m.media-amazon.com/images/I/51tj7lof+0L._AC_UL960_FMwebp_QL65_.jpg,8,"R$ 214,00",False,False,False,False,,"Entrega GRÁTIS: qua., 16 de jul.",False,,,"R$ 215,91",1.0,
B08129J1WH,Wella Professionals Eimi Thermal Image Proteção Térmica Spray 150ml,"R$ 139,99",,BRL,4.3,9,https://www.amazon.com.br/dp/B08129J1WH,https://m.media-amazon.com/images/I/312WtnLVQ2L._AC_UL960_FMwebp_QL65_.jpg,2,"R$ 117,99",False,False,False,False,,"Entrega GRÁTIS: ter., 22 de jul.",False,,,"R$ 139,99",1.0,
B07DW1X346,"Fortifying Lotion, Keune","R$ 259,90",,BRL,4.3,49,https://www.amazon.com.br/dp/B07DW1X346,https://m.media-amazon.com/images/I/412O14dVFwL._AC_UL960_FMwebp_QL65_.jpg,1,"R$ 259,90",False,False,False,False,,"Entrega R$ 23,24: 5 - 6 de ago.Ou entrega mais rápida: 18 - 24 de jul.",False,,,,,
B08LHD59GZ,"Kit Amend - Cachos Ondulados e Abertos (4 Produtos): Define, Nutre, Hidrata e Fortalece enquanto Limpa, Desembaraça e Controla o Frizz","R$ 154,60","R$ 169,19",BRL,4.8,30,https://www.amazon.com.br/dp/B08LHD59GZ,https://m.media-amazon.com/images/I/71OICVTavQL._AC_UL960_FMwebp_QL65_.jpg,1,"R$ 154,60",False,False,False,False,,Entrega GRÁTIS: 13 - 22 de ago.,False,,,"R$ 38,65",4.0,
B07MJHZ68Q,Taiff Chapinha Cerâmica 180° Bivolt,"R$ 128,99","R$ 139,99",BRL,4.7,148,https://www.amazon.com.br/dp/B07MJHZ68Q,https://m.media-amazon.com/images/I/51AjyHEdFtL._AC_UL960_FMwebp_QL65_.jpg,1,"R$ 128,99",False,False,False,False,Mais de 50 compras no mês passado,"Entrega GRÁTIS: qua., 16 de jul.",False,,,,,Economize 7%
B09QQPT1W4,Bio-Hidrat Creme Hidratante Facial - 45g,"R$ 106,00",,BRL,4.6,48,https://www.amazon.com.br/dp/B09QQPT1W4,https://m.media-amazon.com/images/I/51YBwcZvavL._AC_UL960_FMwebp_QL65_.jpg,4,"R$ 99,20",False,False,False,False,Mais de 30 compras no mês passado,"Entrega GRÁTIS: qua., 16 de jul.",False,,,"R$ 2,36",45.0,
B0BYTLMSV2,Kit Bio Queravit Shampoo Condicionador 250ml Máscara 250g Mega Spray,"R$ 149,90",,BRL,4.5,21,https://www.amazon.com.br/dp/B0BYTLMSV2,https://m.media-amazon.com/images/I/61n8BVvZqLL._AC_UL960_FMwebp_QL65_.jpg,1,"R$ 149,90",False,False,False,False,,"Entrega GRÁTIS: dom., 20 de jul.",False,,,"R$ 149,90",1.0,
B07MR3H8NY,"Lancôme, Idôle EDP, Perfume Feminino","R$ 379,99","R$ 423,86",BRL,4.6,5343,https://www.amazon.com.br/dp/B07MR3H8NY,https://m.media-amazon.com/images/I/61oavRYmb3L._AC_UL960_FMwebp_QL65_.jpg,1,"R$ 379,99",False,True,True,False,Mais de 100 compras no mês passado,,False,Sândalo,,,,Escolha
B086TZ9GW6,"KEMEI Aparador de cabelo masculino sem fio, barbeiro, profissional, visor LCD, 0 mm, cortador de barba careca elétrico recarregável por USB Prata(XSH-5027)","R$ 126,99",,BRL,4.5,554,https://www.amazon.com.br/dp/B086TZ9GW6,https://m.media-amazon.com/images/I/61+oi651acL._AC_UL960_FMwebp_QL65_.jpg,1,"R$ 126,99",False,False,False,False,Mais de 200 compras no mês passado,"Entrega GRÁTIS: ter., 22 de jul.",False,,,,,
B08LDYS439,Forever Liss Zero Btox Máscara ultra hidratante orgânica antifrizz 1 kg,"R$ 139,99","R$ 149,99",BRL,4.7,429,https://www.amazon.com.br/dp/B08LDYS439,https://m.media-amazon.com/images/I/51OWNaU-UkL._AC_UL960_FMwebp_QL65_.jpg,19,"R$ 139,90",False,False,False,False,Mais de 50 compras no mês passado,"Entrega GRÁTIS: seg., 21 de jul.",False,Sem perfume,,"R$ 0,14",1000.0,
B0DHD73NFS,Eudora Kit Siàge Revela os Cachos: Shampoo 250ml + Máscara 250g + Condicionador 200ml,"R$ 120,70",,BRL,5,2,https://www.amazon.com.br/dp/B0DHD73NFS,https://m.media-amazon.com/images/I/61fUPsyrDHL._AC_UL960_FMwebp_QL65_.jpg,1,"R$ 120,70",False,False,False,False,Mais de 40 compras no mês passado,Entrega GRÁTIS: 5 - 13 de ago.,False,,,"R$ 120,70",1.0,
B0D9MSVB76,GA.MA ITALY Escova Secadora Lichia 3D Bivolt,"R$ 269,90",,BRL,4.5,27,https://www.amazon.com.br/dp/B0D9MSVB76,https://m.media-amazon.com/images/I/61d5iUri8oL._AC_UL960_FMwebp_QL65_.jpg,3,"R$ 142,61",False,False,False,False,Mais de 50 compras no mês passado,"Entrega GRÁTIS: ter., 22 de jul.",False,,,,,
B0BS3Z972R,Natura KAIAK OCEANO DESODORANTE COLONIA MASCULINO 100ML,"R$ 105,00",,BRL,4.7,90,https://www.amazon.com.br/dp/B0BS3Z972R,https://m.media-amazon.com/images/I/61vqc-sZbhL._AC_UL960_FMwebp_QL65_.jpg,19,"R$ 105,00",False,False,False,False,Mais de 20 compras no mês passado,,False,,,,,
B00021AKJI,"Calvin Klein Eternity Masculino Eau De Toilette, Calvin Klein Eternity","R$ 320,00","R$ 354,88",BRL,4.5,7259,https://www.amazon.com.br/dp/B00021AKJI,https://m.media-amazon.com/images/I/61Lzyg-FgQL._AC_UL960_FMwebp_QL65_.jpg,1,"R$ 320,00",False,False,False,False,Mais de 400 compras no mês passado,"Entrega R$ 31,42: 23 - 25 de jul.Ou entrega mais rápida: 18 - 21 de jul.",False,Aromático,,,,
B08KGN5QLJ,Versace Dylan Turquoise Pour Femme Spray feminino EDT 30 ml,"R$ 269,85","R$ 349,00",BRL,4.5,249,https://www.amazon.com.br/dp/B08KGN5QLJ,https://m.media-amazon.com/images/I/713tI5kHsaL._AC_UL960_FMwebp_QL65_.jpg,1,"R$ 269,85",False,False,True,False,,,False,"cedro, fresco, limão",,,,Com Prime
B002BADJVE,BB Cream M Perfect Cover Missha Natural Beige - 23,"R$ 118,00","R$ 138,90",BRL,4.6,2873,https://www.amazon.com.br/dp/B002BADJVE,https://m.media-amazon.com/images/I/71tKpa+cwYL._AC_UL960_FMwebp_QL65_.jpg,1,"R$ 118,00",False,False,False,False,Mais de 50 compras no mês passado,"Entrega R$ 27,27: 29 - 31 de jul.",False,,,"R$ 118,00",1.0,
B01M27OFG0,"Concealer Circle, Kryolan","R$ 367,60",,BRL,4.5,104,https://www.amazon.com.br/dp/B01M27OFG0,https://m.media-amazon.com/images/I/61r3V6NZwnL._AC_UL960_FMwebp_QL65_.jpg,1,"R$ 367,60",False,False,False,False,,"Entrega GRÁTIS: qua., 16 de jul.",True,,,,,
B0C2JHS29X,Fusion - Condicionador 200ml,"R$ 109,90",,BRL,4.8,11,https://www.amazon.com.br/dp/B0C2JHS29X,https://m.media-amazon.com/images/I/410bVqkQ5mL._AC_UL960_FMwebp_QL65_.jpg,17,"R$ 109,00",False,False,False,False,Mais de 50 compras no mês passado,"Entrega GRÁTIS: dom., 20 de jul.",False,,,,,
B07WS2HX2H,Máquina De Cortar Cabelo Profissional Aparador Kemei Km-1995,"R$ 124,49",,BRL,4.5,594,https://www.amazon.com.br/dp/B07WS2HX2H,https://m.media-amazon.com/images/I/51ciDi7xvrL._AC_UL960_FMwebp_QL65_.jpg,14,"R$ 106,40",False,False,False,False,Mais de 100 compras no mês passado,"Entrega GRÁTIS: ter., 22 de jul.",False,,,,,
B0B4KGX7XV,BLUR C FPS 98 | PPD 34-18H DE PROTEÇÃO (natural),"R$ 215,91",,BRL,4.5,9,https://www.amazon.com.br/dp/B0B4KGX7XV,https://m.media-amazon.com/images/I/51tj7lof+0L._AC_UL960_FMwebp_QL65_.jpg,8,"R$ 214,00",False,False,False,False,,"Entrega GRÁTIS: qua., 16 de jul.",False,,,"R$ 215,91",1.0,
B08129J1WH,Wella Professionals Eimi Thermal Image Proteção Térmica Spray 150ml,"R$ 139,99",,BRL,4.3,9,https://www.amazon.com.br/dp/B08129J1WH,https://m.media-amazon.com/images/I/312WtnLVQ2L._AC_UL960_FMwebp_QL65_.jpg,2,"R$ 117,99",False,False,False,False,,"Entrega GRÁTIS: ter., 22 de jul.",False,,,"R$ 139,99",1.0,
B07DW1X346,"Fortifying Lotion, Keune","R$ 259,90",,BRL,4.3,49,https://www.amazon.com.br/dp/B07DW1X346,https://m.media-amazon.com/images/I/412O14dVFwL._AC_UL960_FMwebp_QL65_.jpg,1,"R$ 259,90",False,False,False,False,,"Entrega R$ 23,24: 5 - 6 de ago.Ou entrega mais rápida: 18 - 24 de jul.",False,,,,,
B08LHD59GZ,"Kit Amend - Cachos Ondulados e Abertos (4 Produtos): Define, Nutre, Hidrata e Fortalece enquanto Limpa, Desembaraça e Controla o Frizz","R$ 154,60","R$ 169,19",BRL,4.8,30,https://www.amazon.com.br/dp/B08LHD59GZ,https://m.media-amazon.com/images/I/71OICVTavQL._AC_UL960_FMwebp_QL65_.jpg,1,"R$ 154,60",False,False,False,False,,Entrega GRÁTIS: 13 - 22 de ago.,False,,,"R$ 38,65",4.0,
B07MJHZ68Q,Taiff Chapinha Cerâmica 180° Bivolt,"R$ 128,99","R$ 139,99",BRL,4.7,148,https://www.amazon.com.br/dp/B07MJHZ68Q,https://m.media-amazon.com/images/I/51AjyHEdFtL._AC_UL960_FMwebp_QL65_.jpg,1,"R$ 128,99",False,False,False,False,Mais de 50 compras no mês passado,"Entrega GRÁTIS: qua., 16 de jul.",False,,,,,Economize 7%
B09QQPT1W4,Bio-Hidrat Creme Hidratante Facial - 45g,"R$ 106,00",,BRL,4.6,48,https://www.amazon.com.br/dp/B09QQPT1W4,https://m.media-amazon.com/images/I/51YBwcZvavL._AC_UL960_FMwebp_QL65_.jpg,4,"R$ 99,20",False,False,False,False,Mais de 30 compras no mês passado,"Entrega GRÁTIS: qua., 16 de jul.",False,,,"R$ 2,36",45.0,
B0BYTLMSV2,Kit Bio Queravit Shampoo Condicionador 250ml Máscara 250g Mega Spray,"R$ 149,90",,BRL,4.5,21,https://www.amazon.com.br/dp/B0BYTLMSV2,https://m.media-amazon.com/images/I/61n8BVvZqLL._AC_UL960_FMwebp_QL65_.jpg,1,"R$ 149,90",False,False,False,False,,"Entrega GRÁTIS: dom., 20 de jul.",False,,,"R$ 149,90",1.0,
B07MR3H8NY,"Lancôme, Idôle EDP, Perfume Feminino","R$ 379,99","R$ 423,86",BRL,4.6,5343,https://www.amazon.com.br/dp/B07MR3H8NY,https://m.media-amazon.com/images/I/61oavRYmb3L._AC_UL960_FMwebp_QL65_.jpg,1,"R$ 379,99",False,False,True,False,Mais de 100 compras no mês passado,,False,Sândalo,,,,Oferta Prime Day
B086TZ9GW6,"KEMEI Aparador de cabelo masculino sem fio, barbeiro, profissional, visor LCD, 0 mm, cortador de barba careca elétrico recarregável por USB Prata(XSH-5027)","R$ 126,99",,BRL,4.5,554,https://www.amazon.com.br/dp/B086TZ9GW6,https://m.media-amazon.com/images/I/61+oi651acL._AC_UL960_FMwebp_QL65_.jpg,1,"R$ 126,99",False,False,False,False,Mais de 200 compras no mês passado,"Entrega GRÁTIS: ter., 22 de jul.",False,,,,,
B08LDYS439,Forever Liss Zero Btox Máscara ultra hidratante orgânica antifrizz 1 kg,"R$ 139,99","R$ 149,99",BRL,4.7,429,https://www.amazon.com.br/dp/B08LDYS439,https://m.media-amazon.com/images/I/51OWNaU-UkL._AC_UL960_FMwebp_QL65_.jpg,19,"R$ 139,90",False,False,False,False,Mais de 50 compras no mês passado,"Entrega GRÁTIS: seg., 21 de jul.",False,Sem perfume,,"R$ 0,14",1000.0,
B0DHD73NFS,Eudora Kit Siàge Revela os Cachos: Shampoo 250ml + Máscara 250g + Condicionador 200ml,"R$ 120,70",,BRL,5,2,https://www.amazon.com.br/dp/B0DHD73NFS,https://m.media-amazon.com/images/I/61fUPsyrDHL._AC_UL960_FMwebp_QL65_.jpg,1,"R$ 120,70",False,False,False,False,Mais de 40 compras no mês passado,Entrega GRÁTIS: 5 - 13 de ago.,False,,,"R$ 120,70",1.0,
B0D9MSVB76,GA.MA ITALY Escova Secadora Lichia 3D Bivolt,"R$ 269,90",,BRL,4.5,27,https://www.amazon.com.br/dp/B0D9MSVB76,https://m.media-amazon.com/images/I/61d5iUri8oL._AC_UL960_FMwebp_QL65_.jpg,3,"R$ 142,61",False,False,False,False,Mais de 50 compras no mês passado,"Entrega GRÁTIS: ter., 22 de jul.",False,,,,,
B0BS3Z972R,Natura KAIAK OCEANO DESODORANTE COLONIA MASCULINO 100ML,"R$ 105,00",,BRL,4.7,90,https://www.amazon.com.br/dp/B0BS3Z972R,https://m.media-amazon.com/images/I/61vqc-sZbhL._AC_UL960_FMwebp_QL65_.jpg,19,"R$ 105,00",False,False,False,False,Mais de 20 compras no mês passado,,False,,,,,
B00021AKJI,"Calvin Klein Eternity Masculino Eau De Toilette, Calvin Klein Eternity","R$ 320,00","R$ 354,88",BRL,4.5,7259,https://www.amazon.com.br/dp/B00021AKJI,https://m.media-amazon.com/images/I/61Lzyg-FgQL._AC_UL960_FMwebp_QL65_.jpg,1,"R$ 320,00",False,False,False,False,Mais de 400 compras no mês passado,"Entrega R$ 31,42: 23 - 25 de jul.Ou entrega mais rápida: 18 - 21 de jul.",False,Aromático,,,,
B08KGN5QLJ,Versace Dylan Turquoise Pour Femme Spray feminino EDT 30 ml,"R$ 269,85","R$ 349,00",BRL,4.5,249,https://www.amazon.com.br/dp/B08KGN5QLJ,https://m.media-amazon.com/images/I/713tI5kHsaL._AC_UL960_FMwebp_QL65_.jpg,1,"R$ 269,85",False,False,True,False,,,False,"cedro, fresco, limão",,,,Com Prime
B002BADJVE,BB Cream M Perfect Cover Missha Natural Beige - 23,"R$ 118,00","R$ 138,90",BRL,4.6,2873,https://www.amazon.com.br/dp/B002BADJVE,https://m.media-amazon.com/images/I/71tKpa+cwYL._AC_UL960_FMwebp_QL65_.jpg,1,"R$ 118,00",False,False,False,False,Mais de 50 compras no mês passado,"Entrega R$ 27,27: 29 - 31 de jul.",False,,,"R$ 118,00",1.0,
B000MJZOPK,Perfume Issey Miyake Leau Feminino Eau de Toilette 100ml,"R$ 479,00",,BRL,4.6,5678,https://www.amazon.com.br/dp/B000MJZOPK,https://m.media-amazon.com/images/I/41-dz5UgP-L._AC_UL960_FMwebp_QL65_.jpg,1,"R$ 479,00",False,False,False,False,Mais de 20 compras no mês passado,"Entrega R$ 34,72: qua., 30 de jul.",False,Floral,,,,
B01JYSTJWI,Esthederm Intensive Retinol Creme - Creme facial anti-idade 50ml,"R$ 423,99",,BRL,4.6,101,https://www.amazon.com.br/dp/B01JYSTJWI,https://m.media-amazon.com/images/I/41NVXVzm4zL._AC_UL960_FMwebp_QL65_.jpg,1,"R$ 423,99",False,False,False,False,Mais de 50 compras no mês passado,"Entrega GRÁTIS: Amanhã, 14 de jul.Ou entrega mais rápida: Hoje",False,,,"R$ 8,48",50.0,
B0F3JRY5Y3,"Fita Adesiva Capilar Mega Hair - Extra Forte para Prótese e Lace Front - (3 metros / 1,27cm) - Fixação Segura (12 metros / 1,27cm)","R$ 119,99",,BRL,5,1,https://www.amazon.com.br/dp/B0F3JRY5Y3,https://m.media-amazon.com/images/I/51nLk91xvOL._AC_UL960_FMwebp_QL65_.jpg,1,"R$ 119,99",False,False,False,False,,"Entrega GRÁTIS: qui., 31 de jul.",False,,Economize 5% com o cupom,,,
B0C4ZXFSR8,Barbeador aparador e raspador OneBlade Philips QP1424/10 com 2 Pentes - Bivolt,"R$ 255,41",,BRL,4.6,2484,https://www.amazon.com.br/dp/B0C4ZXFSR8,https://m.media-amazon.com/images/I/611C9q+GDaL._AC_UL960_FMwebp_QL65_.jpg,2,"R$ 255,41",False,False,False,False,,,False,,,,,
B07NZ1BZX2,"Silhouette Spray Extra Forte 500ml, Schwarzkopf Professional","R$ 109,99",,BRL,4.5,144,https://www.amazon.com.br/dp/B07NZ1BZX2,https://m.media-amazon.com/images/I/41DBI-km-EL._AC_UL960_FMwebp_QL65_.jpg,5,"R$ 89,00",False,False,False,False,Mais de 200 compras no mês passado,"Entrega GRÁTIS: ter., 22 de jul.",False,,,,,
B0DBW2Y9VH,La Vie Est Belle Elixir,"R$ 453,38",,BRL,4.5,228,https://www.amazon.com.br/dp/B0DBW2Y9VH,https://m.media-amazon.com/images/I/61yjcI1tmAL._AC_UL960_FMwebp_QL65_.jpg,4,"R$ 449,85",False,False,False,False,,"Entrega GRÁTIS: ter., 15 de jul.",False,Floral,,,,
B0CG7V979L,"Escova de cabelo desembaraçadora The Mini Ultimate Detangler para todos os tipos de cabelo, ideal para o uso em fios úmidos. Cor: Preta","R$ 111,90",,BRL,4.6,317,https://www.amazon.com.br/dp/B0CG7V979L,https://m.media-amazon.com/images/I/61bBpEQ2FhL._AC_UL960_FMwebp_QL65_.jpg,1,"R$ 111,90",False,False,False,False,Mais de 30 compras no mês passado,"Entrega GRÁTIS: sex., 18 de jul.",False,,,"R$ 111,90",1.0,
B002NK6DS8,Máscara Sebastian Penetraitt - 500ml,"R$ 239,90",,BRL,4.7,835,https://www.amazon.com.br/dp/B002NK6DS8,https://m.media-amazon.com/images/I/41zbQ4X1ziL._AC_UL960_FMwebp_QL65_.jpg,10,"R$ 229,00",False,False,False,False,Mais de 20 compras no mês passado,"Entrega GRÁTIS: dom., 20 de jul.",False,,,,,
B081FDYQYB,"Máscara de Dormir Labial - Hidratantes 20 g, Berry, Renovação 2019 para Laneige","R$ 108,00",,BRL,3.5,3,https://www.amazon.com.br/dp/B081FDYQYB,https://m.media-amazon.com/images/I/61xM--qgBBL._AC_UL960_FMwebp_QL65_.jpg,1,"R$ 108,00",False,False,False,False,,"Entrega R$ 27,18: 29 - 31 de jul.",False,Seca Tipo de pele,,"R$ 5,40",20.0,
B09BK52XNN,Depilador Laser Luz Pulsada 900 Mil Disparos Portátil Com Óculos de Proteção e Manual em Português BIVOLT,"R$ 199,00",,BRL,3.9,256,https://www.amazon.com.br/dp/B09BK52XNN,https://m.media-amazon.com/images/I/31qojLtAPLL._AC_UL960_FMwebp_QL65_.jpg,1,"R$ 199,00",False,False,False,False,,Entrega R$ 8: 24 - 28 de jul.,False,,,"R$ 199,00",1.0,
B09G3CM1RK,"Selagem Silk 3D Semi Definitiva Orgânica Sem Formol 1000 ml + Oleo de Argan e Macadamia 7ml, tb, Borabella","R$ 129,90",,BRL,4.5,202,https://www.amazon.com.br/dp/B09G3CM1RK,https://m.media-amazon.com/images/I/51Y7l-EcGEL._AC_UL960_FMwebp_QL65_.jpg,1,"R$ 129,90",False,False,False,False,Mais de 50 compras no mês passado,"Entrega GRÁTIS: qua., 16 de jul.",False,,,"R$ 0,13",999.0,
B08475HN8L,"Atoderm Intensive Baume Para Peles com Ressecamento Intenso e Coceira, Laboratórios Naos do Brasil","R$ 108,99",,BRL,4.7,852,https://www.amazon.com.br/dp/B08475HN8L,https://m.media-amazon.com/images/I/41I8cDaL2WL._AC_UL960_FMwebp_QL65_.jpg,1,"R$ 108,99",False,True,False,False,Mais de 50 compras no mês passado,"Entrega GRÁTIS: Amanhã, 14 de jul.Ou entrega mais rápida: Hoje",False,,,,,Escolha
B000UF2YUY,Avène Agua Termal 300 Ml Avéne,"R$ 107,49",,BRL,4.8,6430,https://www.amazon.com.br/dp/B000UF2YUY,https://m.media-amazon.com/images/I/611WqmeH01L._AC_UL960_FMwebp_QL65_.jpg,1,"R$ 107,49",False,False,False,False,Mais de 100 compras no mês passado,"Entrega GRÁTIS: ter., 15 de jul.",False,,,,,
B06X926SF2,"Care Absolute Vol Conditioner, 250 ml, Keune, Keune","R$ 130,90",,BRL,4.4,195,https://www.amazon.com.br/dp/B06X926SF2,https://m.media-amazon.com/images/I/610Nh+eW53L._AC_UL960_FMwebp_QL65_.jpg,10,"R$ 107,00",False,False,False,False,Mais de 20 compras no mês passado,Entrega GRÁTIS: 13 - 22 de ago.,False,Sem perfume,,,,
B07487K2RB,"TIGI Shampoo e condicionador Bed Head Urban Anti-dote PFZoVz Recovery Level 2, 750 ml, 2 unidades","R$ 219,99",,BRL,4.7,1119,https://www.amazon.com.br/dp/B07487K2RB,https://m.media-amazon.com/images/I/71Wyt4QQhXL._AC_UL960_FMwebp_QL65_.jpg,1,"R$ 219,99",False,False,False,False,Mais de 30 compras no mês passado,"Entrega GRÁTIS: dom., 20 de jul.",False,,,,,
B075TKKY5Q,"Aparador Cabelo Wahl Magic Clipper 110V, Wahl, MAGIC, Prata/Vermelha","R$ 379,05",,BRL,4.5,237,https://www.amazon.com.br/dp/B075TKKY5Q,https://m.media-amazon.com/images/I/51DHduzKD+L._AC_UL960_FMwebp_QL65_.jpg,1,"R$ 379,05",False,False,False,False,Mais de 20 compras no mês passado,"Entrega GRÁTIS: Amanhã, 14 de jul.Ou entrega mais rápida: Hoje",False,,,,,
B0B1S6X8R5,NIVEA Kit Antimanchas - Sérum Luminous 630 30ml + Fluido Protetor FPS 50 Luminous 630 40ml - Sérum reduz marcas escurecidas. Fluido conta com fórmula de textura leve e filtro UVA/UVB,"R$ 194,90",,BRL,4.7,425,https://www.amazon.com.br/dp/B0B1S6X8R5,https://m.media-amazon.com/images/I/51wFqxh8xeL._AC_UL960_FMwebp_QL65_.jpg,4,"R$ 149,99",False,False,False,False,Mais de 50 compras no mês passado,"Entrega GRÁTIS: dom., 20 de jul.",False,,,"R$ 97,45",2.0,
B01MU1E7FT,Care Satin Oil Conditioner Keune,"R$ 116,90",,BRL,4.6,215,https://www.amazon.com.br/dp/B01MU1E7FT,https://m.media-amazon.com/images/I/71+aoqfuvnL._AC_UL960_FMwebp_QL65_.jpg,1,"R$ 116,90",False,False,False,False,,"Entrega GRÁTIS: Amanhã, 14 de jul.Ou entrega mais rápida: Hoje",False,Sem perfume,,,,
B076JJFZC6,Condicionador Oil Reflections Wella Professionals 200ml 200ml,"R$ 98,90","R$ 127,90",BRL,4.9,446,https://www.amazon.com.br/dp/B076JJFZC6,https://m.media-amazon.com/images/I/71ozhJ2kH6L._AC_UL960_FMwebp_QL65_.jpg,1,"R$ 98,90",False,False,True,False,Mais de 300 compras no mês passado,,False,,,"R$ 494,50",0.0,Com Prime
B07D79C19V,"Shampoo, Keune","R$ 102,51",,BRL,4.6,100,https://www.amazon.com.br/dp/B07D79C19V,https://m.media-amazon.com/images/I/712d5bZNJ-L._AC_UL960_FMwebp_QL65_.jpg,8,"R$ 99,00",False,False,False,False,Mais de 30 compras no mês passado,"Entrega GRÁTIS: Amanhã, 14 de jul.Ou entrega mais rápida: Hoje",False,Sem perfume,,,,
B077C2YDPN,KEUNE DESIGN SLEEK &amp; SHINE REBONDING CONDITIONER 200ml,"R$ 199,90",,BRL,4.7,122,https://www.amazon.com.br/dp/B077C2YDPN,https://m.media-amazon.com/images/I/61sttOYLCaL._AC_UL960_FMwebp_QL65_.jpg,12,"R$ 199,00",False,False,False,False,,"Entrega GRÁTIS: seg., 21 de jul.",False,,,,,
B08JYCMXKF,Perfume The Blend Bourbon 100ml Original Lacrado,"R$ 395,90",,BRL,4.9,9,https://www.amazon.com.br/dp/B08JYCMXKF,https://m.media-amazon.com/images/I/41OLk3ZezoL._AC_UL960_FMwebp_QL65_.jpg,8,"R$ 369,90",False,False,False,False,,Entrega R$ 31: 5 - 6 de ago.Ou entrega mais rápida: 18 - 24 de jul.,False,Bourbon,,"R$ 395,90",1.0,
B0CL59HG64,Kit Bendito Loiro Shampoo + Condicionador+ Máscara-500ml,"R$ 190,30",,BRL,5,6,https://www.amazon.com.br/dp/B0CL59HG64,https://m.media-amazon.com/images/I/51FVTtQVroL._AC_UL960_FMwebp_QL65_.jpg,1,"R$ 190,30",False,False,False,False,,"Entrega GRÁTIS: seg., 21 de jul.",False,,,"R$ 190,30",1.0,
B0CBL5VXTB,Escova Secadora Britânia BES26SR 4 em 1 1300W Bivolt,"R$ 138,80",,BRL,4.6,283,https://www.amazon.com.br/dp/B0CBL5VXTB,https://m.media-amazon.com/images/I/51rNdhhehvL._AC_UL960_FMwebp_QL65_.jpg,1,"R$ 138,80",False,False,False,False,Mais de 200 compras no mês passado,"Entrega GRÁTIS: ter., 15 de jul.Ou entrega mais rápida: Hoje",False,,,,,
B01LQM8IWC,Chronos Sérum Intensivo Pró-firmeza - 30ml,"R$ 119,90",,BRL,4.7,78,https://www.amazon.com.br/dp/B01LQM8IWC,https://m.media-amazon.com/images/I/513-oHHrYoL._AC_UL960_FMwebp_QL65_.jpg,1,"R$ 119,90",False,False,False,False,,"Entrega R$ 31,59: 5 - 6 de ago.Ou entrega mais rápida: 18 - 24 de jul.",False,,,"R$ 119,90",1.0,
B081HZR3ZP,Neosil Shampoo Antiqueda 200ml,"R$ 110,19",,BRL,4.6,32,https://www.amazon.com.br/dp/B081HZR3ZP,https://m.media-amazon.com/images/I/51YPY4OHsBL._AC_UL960_FMwebp_QL65_.jpg,6,"R$ 98,82",False,False,False,False,Mais de 30 compras no mês passado,"Entrega GRÁTIS: dom., 20 de jul.",False,,,"R$ 550,95",0.0,
B09THBK4S5,Schwarzkopf Professional Bonacure Clean Performance Máscara De Tratamento Moisture Kick 500Ml,"R$ 139,00",,BRL,4.4,63,https://www.amazon.com.br/dp/B09THBK4S5,https://m.media-amazon.com/images/I/51XCg93QxlL._AC_UL960_FMwebp_QL65_.jpg,1,"R$ 139,00",False,False,False,False,Mais de 30 compras no mês passado,"Entrega GRÁTIS: seg., 21 de jul.",False,Floral,,,,
B0B7GRKN7G,Creme Facial Antirrugas Eucerin Hyaluron-Filler Noite 50g,"R$ 241,89",,BRL,4.8,191,https://www.amazon.com.br/dp/B0B7GRKN7G,https://m.media-amazon.com/images/I/613Dl+dDuUL._AC_UL960_FMwebp_QL65_.jpg,5,"R$ 204,90",False,False,False,False,Mais de 100 compras no mês passado,"Entrega GRÁTIS: Amanhã, 14 de jul.Ou entrega mais rápida: Hoje",False,,,,,
B09532P5P4,"Azzaro, Pour Homme, Perfume Masculino, Eau de Toilette, 100ml","R$ 249,99","R$ 339,90",BRL,4.4,2546,https://www.amazon.com.br/dp/B09532P5P4,https://m.media-amazon.com/images/I/51z5-Rt8g6L._AC_UL960_FMwebp_QL65_.jpg,1,"R$ 249,99",False,False,True,False,Mais de 400 compras no mês passado,,False,Sândalo,,,,Oferta Prime Day
B002NK6DS8,Máscara Sebastian Penetraitt - 500ml,"R$ 239,90",,BRL,4.7,835,https://www.amazon.com.br/dp/B002NK6DS8,https://m.media-amazon.com/images/I/41zbQ4X1ziL._AC_UL960_FMwebp_QL65_.jpg,10,"R$ 229,00",False,False,False,False,Mais de 20 compras no mês passado,"Entrega GRÁTIS: dom., 20 de jul.",False,,,,,
B081FDYQYB,"Máscara de Dormir Labial - Hidratantes 20 g, Berry, Renovação 2019 para Laneige","R$ 108,00",,BRL,3.5,3,https://www.amazon.com.br/dp/B081FDYQYB,https://m.media-amazon.com/images/I/61xM--qgBBL._AC_UL960_FMwebp_QL65_.jpg,1,"R$ 108,00",False,False,False,False,,"Entrega R$ 27,18: 29 - 31 de jul.",False,Seca Tipo de pele,,"R$ 5,40",20.0,
B09BK52XNN,Depilador Laser Luz Pulsada 900 Mil Disparos Portátil Com Óculos de Proteção e Manual em Português BIVOLT,"R$ 199,00",,BRL,3.9,256,https://www.amazon.com.br/dp/B09BK52XNN,https://m.media-amazon.com/images/I/31qojLtAPLL._AC_UL960_FMwebp_QL65_.jpg,1,"R$ 199,00",False,False,False,False,,Entrega R$ 8: 24 - 28 de jul.,False,,,"R$ 199,00",1.0,
B09G3CM1RK,"Selagem Silk 3D Semi Definitiva Orgânica Sem Formol 1000 ml + Oleo de Argan e Macadamia 7ml, tb, Borabella","R$ 129,90",,BRL,4.5,202,https://www.amazon.com.br/dp/B09G3CM1RK,https://m.media-amazon.com/images/I/51Y7l-EcGEL._AC_UL960_FMwebp_QL65_.jpg,1,"R$ 129,90",False,False,False,False,Mais de 50 compras no mês passado,"Entrega GRÁTIS: qua., 16 de jul.",False,,,"R$ 0,13",999.0,
B08475HN8L,"Atoderm Intensive Baume Para Peles com Ressecamento Intenso e Coceira, Laboratórios Naos do Brasil","R$ 108,99",,BRL,4.7,852,https://www.amazon.com.br/dp/B08475HN8L,https://m.media-amazon.com/images/I/41I8cDaL2WL._AC_UL960_FMwebp_QL65_.jpg,1,"R$ 108,99",False,False,False,False,Mais de 50 compras no mês passado,"Entrega GRÁTIS: Amanhã, 14 de jul.Ou entrega mais rápida: Hoje",False,,,,,
B000UF2YUY,Avène Agua Termal 300 Ml Avéne,"R$ 107,49",,BRL,4.8,6430,https://www.amazon.com.br/dp/B000UF2YUY,https://m.media-amazon.com/images/I/611WqmeH01L._AC_UL960_FMwebp_QL65_.jpg,1,"R$ 107,49",False,False,False,False,Mais de 100 compras no mês passado,"Entrega GRÁTIS: ter., 15 de jul.",False,,,,,
B06X926SF2,"Care Absolute Vol Conditioner, 250 ml, Keune, Keune","R$ 130,90",,BRL,4.4,195,https://www.amazon.com.br/dp/B06X926SF2,https://m.media-amazon.com/images/I/610Nh+eW53L._AC_UL960_FMwebp_QL65_.jpg,10,"R$ 107,00",False,False,False,False,Mais de 20 compras no mês passado,Entrega GRÁTIS: 13 - 22 de ago.,False,Sem perfume,,,,
B07487K2RB,"TIGI Shampoo e condicionador Bed Head Urban Anti-dote PFZoVz Recovery Level 2, 750 ml, 2 unidades","R$ 219,99",,BRL,4.7,1119,https://www.amazon.com.br/dp/B07487K2RB,https://m.media-amazon.com/images/I/71Wyt4QQhXL._AC_UL960_FMwebp_QL65_.jpg,1,"R$ 219,99",False,False,False,False,Mais de 30 compras no mês passado,"Entrega GRÁTIS: dom., 20 de jul.",False,,,,,
B075TKKY5Q,"Aparador Cabelo Wahl Magic Clipper 110V, Wahl, MAGIC, Prata/Vermelha","R$ 379,05",,BRL,4.5,237,https://www.amazon.com.br/dp/B075TKKY5Q,https://m.media-amazon.com/images/I/51DHduzKD+L._AC_UL960_FMwebp_QL65_.jpg,1,"R$ 379,05",False,False,False,False,Mais de 20 compras no mês passado,"Entrega GRÁTIS: Amanhã, 14 de jul.Ou entrega mais rápida: Hoje",False,,,,,
B0B1S6X8R5,NIVEA Kit Antimanchas - Sérum Luminous 630 30ml + Fluido Protetor FPS 50 Luminous 630 40ml - Sérum reduz marcas escurecidas. Fluido conta com fórmula de textura leve e filtro UVA/UVB,"R$ 194,90",,BRL,4.7,425,https://www.amazon.com.br/dp/B0B1S6X8R5,https://m.media-amazon.com/images/I/51wFqxh8xeL._AC_UL960_FMwebp_QL65_.jpg,4,"R$ 149,99",False,False,False,False,Mais de 50 compras no mês passado,"Entrega GRÁTIS: dom., 20 de jul.",False,,,"R$ 97,45",2.0,
B01MU1E7FT,Care Satin Oil Conditioner Keune,"R$ 116,90",,BRL,4.6,215,https://www.amazon.com.br/dp/B01MU1E7FT,https://m.media-amazon.com/images/I/71+aoqfuvnL._AC_UL960_FMwebp_QL65_.jpg,1,"R$ 116,90",False,False,False,False,,"Entrega GRÁTIS: Amanhã, 14 de jul.Ou entrega mais rápida: Hoje",False,Sem perfume,,,,
B076JJFZC6,Condicionador Oil Reflections Wella Professionals 200ml 200ml,"R$ 98,90","R$ 127,90",BRL,4.9,446,https://www.amazon.com.br/dp/B076JJFZC6,https://m.media-amazon.com/images/I/71ozhJ2kH6L._AC_UL960_FMwebp_QL65_.jpg,1,"R$ 98,90",False,False,True,False,Mais de 300 compras no mês passado,,False,,,"R$ 494,50",0.0,Com Prime
B07D79C19V,"Shampoo, Keune","R$ 102,51",,BRL,4.6,100,https://www.amazon.com.br/dp/B07D79C19V,https://m.media-amazon.com/images/I/712d5bZNJ-L._AC_UL960_FMwebp_QL65_.jpg,8,"R$ 99,00",False,False,False,False,Mais de 30 compras no mês passado,"Entrega GRÁTIS: Amanhã, 14 de jul.Ou entrega mais rápida: Hoje",False,Sem perfume,,,,
B077C2YDPN,KEUNE DESIGN SLEEK &amp; SHINE REBONDING CONDITIONER 200ml,"R$ 199,90",,BRL,4.7,122,https://www.amazon.com.br/dp/B077C2YDPN,https://m.media-amazon.com/images/I/61sttOYLCaL._AC_UL960_FMwebp_QL65_.jpg,12,"R$ 199,00",False,False,False,False,,"Entrega GRÁTIS: seg., 21 de jul.",False,,,,,
B08JYCMXKF,Perfume The Blend Bourbon 100ml Original Lacrado,"R$ 395,90",,BRL,4.9,9,https://www.amazon.com.br/dp/B08JYCMXKF,https://m.media-amazon.com/images/I/41OLk3ZezoL._AC_UL960_FMwebp_QL65_.jpg,8,"R$ 369,90",False,False,False,False,,Entrega R$ 31: 5 - 6 de ago.Ou entrega mais rápida: 18 - 24 de jul.,False,Bourbon,,"R$ 395,90",1.0,
B0CL59HG64,Kit Bendito Loiro Shampoo + Condicionador+ Máscara-500ml,"R$ 190,30",,BRL,5,6,https://www.amazon.com.br/dp/B0CL59HG64,https://m.media-amazon.com/images/I/51FVTtQVroL._AC_UL960_FMwebp_QL65_.jpg,1,"R$ 190,30",False,False,False,False,,"Entrega GRÁTIS: seg., 21 de jul.",False,,,"R$ 190,30",1.0,
B0CBL5VXTB,Escova Secadora Britânia BES26SR 4 em 1 1300W Bivolt,"R$ 138,80",,BRL,4.6,283,https://www.amazon.com.br/dp/B0CBL5VXTB,https://m.media-amazon.com/images/I/51rNdhhehvL._AC_UL960_FMwebp_QL65_.jpg,1,"R$ 138,80",False,False,False,False,Mais de 200 compras no mês passado,"Entrega GRÁTIS: ter., 15 de jul.Ou entrega mais rápida: Hoje",False,,,,,
B01LQM8IWC,Chronos Sérum Intensivo Pró-firmeza - 30ml,"R$ 119,90",,BRL,4.7,78,https://www.amazon.com.br/dp/B01LQM8IWC,https://m.media-amazon.com/images/I/513-oHHrYoL._AC_UL960_FMwebp_QL65_.jpg,1,"R$ 119,90",False,False,False,False,,"Entrega R$ 31,59: 5 - 6 de ago.Ou entrega mais rápida: 18 - 24 de jul.",False,,,"R$ 119,90",1.0,
B081HZR3ZP,Neosil Shampoo Antiqueda 200ml,"R$ 110,19",,BRL,4.6,32,https://www.amazon.com.br/dp/B081HZR3ZP,https://m.media-amazon.com/images/I/51YPY4OHsBL._AC_UL960_FMwebp_QL65_.jpg,6,"R$ 98,82",False,False,False,False,Mais de 30 compras no mês passado,"Entrega GRÁTIS: dom., 20 de jul.",False,,,"R$ 550,95",0.0,
B09THBK4S5,Schwarzkopf Professional Bonacure Clean Performance Máscara De Tratamento Moisture Kick 500Ml,"R$ 139,00",,BRL,4.4,63,https://www.amazon.com.br/dp/B09THBK4S5,https://m.media-amazon.com/images/I/51XCg93QxlL._AC_UL960_FMwebp_QL65_.jpg,1,"R$ 139,00",False,False,False,False,Mais de 30 compras no mês passado,"Entrega GRÁTIS: seg., 21 de jul.",False,Floral,,,,
B0B7GRKN7G,Creme Facial Antirrugas Eucerin Hyaluron-Filler Noite 50g,"R$ 241,89",,BRL,4.8,191,https://www.amazon.com.br/dp/B0B7GRKN7G,https://m.media-amazon.com/images/I/613Dl+dDuUL._AC_UL960_FMwebp_QL65_.jpg,5,"R$ 204,90",False,False,False,False,Mais de 100 compras no mês passado,"Entrega GRÁTIS: Amanhã, 14 de jul.Ou entrega mais rápida: Hoje",False,,,,,
B09532P5P4,"Azzaro, Pour Homme, Perfume Masculino, Eau de Toilette, 100ml","R$ 249,99","R$ 339,90",BRL,4.4,2546,https://www.amazon.com.br/dp/B09532P5P4,https://m.media-amazon.com/images/I/51z5-Rt8g6L._AC_UL960_FMwebp_QL65_.jpg,1,"R$ 249,99",False,False,True,False,Mais de 400 compras no mês passado,,False,Sândalo,,,,Oferta Prime Day
B0CQTQYLKN,Protetor Solar Em Bastão Sun Stick FPS 50 20g,"R$ 103,90",,BRL,4.2,45,https://www.amazon.com.br/dp/B0CQTQYLKN,https://m.media-amazon.com/images/I/51Y6c2M1XuL._AC_UL960_FMwebp_QL65_.jpg,1,"R$ 103,90",False,False,False,False,Mais de 30 compras no mês passado,"Entrega GRÁTIS: Amanhã, 14 de jul.Ou entrega mais rápida: Hoje",False,,,"R$ 5,20",20.0,
B0C5QLT4X7,"KEMEI Trimmer Professional Men &#x27;s Cordless Haircut Kit de corte de cabelo elétrico para barba, aparador de contorno de lâmina T Zero Gap masculino, KM-2299","R$ 115,99",,BRL,4.5,1028,https://www.amazon.com.br/dp/B0C5QLT4X7,https://m.media-amazon.com/images/I/71Jh50HZciL._AC_UL960_FMwebp_QL65_.jpg,9,"R$ 105,80",False,False,False,False,Mais de 50 compras no mês passado,"Entrega GRÁTIS: ter., 22 de jul.",False,,,,,
B09MW96Q1P,Protetor Solar Infantil em Bastão Mineral FPS 80 FPUVA 30​,"R$ 117,81",,BRL,4.7,43,https://www.amazon.com.br/dp/B09MW96Q1P,https://m.media-amazon.com/images/I/61S3k9FgurL._AC_UL960_FMwebp_QL65_.jpg,1,"R$ 117,81",False,False,False,False,Mais de 100 compras no mês passado,"Entrega GRÁTIS: qua., 16 de jul.",False,,,"R$ 117,81",1.0,
B0BPYF46LP,"L&#x27;Oréal Professionnel Shampoo Regulador Scalp Dermo Regulator,Proteção do Couro Cabeludo, Limpa Suavemente e Acalma o Couro Cabeludo Sensível, Cabelos Mais Macios, Brilhantes &amp; Hidratados, 300ml","R$ 139,90",,BRL,4.5,471,https://www.amazon.com.br/dp/B0BPYF46LP,https://m.media-amazon.com/images/I/71jVbahjC5L._AC_UL960_FMwebp_QL65_.jpg,16,"R$ 134,90",False,False,False,False,Mais de 100 compras no mês passado,"Entrega GRÁTIS: qua., 6 de ago.",False,Floral,,,,
B01MU1E110,"Care Vital Nutrition Conditioner, 250 ml, Keune, Keune, 250 ml","R$ 129,80",,BRL,4.5,445,https://www.amazon.com.br/dp/B01MU1E110,https://m.media-amazon.com/images/I/61Tk+0K7YxL._AC_UL960_FMwebp_QL65_.jpg,18,"R$ 116,70",False,False,False,False,Mais de 50 compras no mês passado,"Entrega GRÁTIS: dom., 20 de jul.",False,Sem perfume,,,,
B09HW1LPB2,Eudora Combo Siàge Hair Plastia Shampoo + Máscara + Condicionador,"R$ 125,80","R$ 138,00",BRL,4.8,616,https://www.amazon.com.br/dp/B09HW1LPB2,https://m.media-amazon.com/images/I/51TOw3fCE6L._AC_UL960_FMwebp_QL65_.jpg,47,"R$ 123,90",False,False,False,False,Mais de 100 compras no mês passado,"Entrega GRÁTIS: seg., 4 de ago.",False,,,"R$ 125,80",1.0,
B0DSLKGJ9Q,"L&#x27;Oréal Professionnel, Shampoo Profissional, Vitamino Color Spectrum, para todos os cabelos coloridos &amp; cores vibrantes, limpa suavemente, com brilho espelhado ultra intenso, 500ml","R$ 275,44",,BRL,4.5,123,https://www.amazon.com.br/dp/B0DSLKGJ9Q,https://m.media-amazon.com/images/I/61D0kmxvntL._AC_UL960_FMwebp_QL65_.jpg,8,"R$ 239,90",False,False,False,False,Mais de 50 compras no mês passado,"Entrega GRÁTIS: Amanhã, 14 de jul.Ou entrega mais rápida: Hoje",False,Floral,,,,
B00G3C2FOI,Giorgio Armani Si Woman Edp 30Ml,"R$ 444,90",,BRL,4.6,793,https://www.amazon.com.br/dp/B00G3C2FOI,https://m.media-amazon.com/images/I/51-1NZBqWzL._AC_UL960_FMwebp_QL65_.jpg,14,"R$ 349,99",False,False,False,False,Mais de 30 compras no mês passado,"Entrega GRÁTIS: ter., 15 de jul.",False,Floral,,,,
B0BHT7BHXZ,Kit Cronograma Capilar Amend Essencial 3x250g,"R$ 139,90",,BRL,4.8,356,https://www.amazon.com.br/dp/B0BHT7BHXZ,https://m.media-amazon.com/images/I/41iaxNWWI3L._AC_UL960_FMwebp_QL65_.jpg,1,"R$ 139,90",False,False,False,False,Mais de 100 compras no mês passado,"Entrega GRÁTIS: qua., 16 de jul.",False,,,"R$ 46,63",3.0,
B0BNY31DY9,David Beckham Perfume Classic Eau de Toilette Masculino 100ml,"R$ 103,55","R$ 128,29",BRL,4,556,https://www.amazon.com.br/dp/B0BNY31DY9,https://m.media-amazon.com/images/I/61EkpWWTY9L._AC_UL960_FMwebp_QL65_.jpg,1,"R$ 103,55",False,False,True,False,,,False,"Madeira, Âmbar",,"R$ 103,55",1.0,Oferta Prime Day
B07P99VHB9,O BOTICÁRIO ELYSEE EAU DE PARFUM 50ml,"R$ 269,90",,BRL,4.8,108,https://www.amazon.com.br/dp/B07P99VHB9,https://m.media-amazon.com/images/I/61hiKkVLPGL._AC_UL960_FMwebp_QL65_.jpg,24,"R$ 269,90",False,False,False,False,,,False,"Chipre, Floral",,,,
B00EXW06Y6,"Ralph Lauren, Perfume Feminino, Ralph, Eau de Toilette","R$ 268,12",,BRL,4.6,57,https://www.amazon.com.br/dp/B00EXW06Y6,https://m.media-amazon.com/images/I/71KFr9tGj2L._AC_UL960_FMwebp_QL65_.jpg,4,"R$ 255,00",False,False,False,False,Mais de 30 compras no mês passado,"Entrega GRÁTIS: ter., 15 de jul.",False,Ralph,,,,
B09VCMRN4Y,Real Techniques - Kit Best 10 Mini Pincéis Com Travel Bag,"R$ 169,90",,BRL,4.8,2637,https://www.amazon.com.br/dp/B09VCMRN4Y,https://m.media-amazon.com/images/I/71lAw+CLzGL._AC_UL960_FMwebp_QL65_.jpg,4,"R$ 167,00",False,False,False,False,Mais de 1 mil compras no mês passado,"Entrega GRÁTIS: ter., 19 de ago.",False,TAKON,,"R$ 15,45",11.0,
B001CT079C,"212 Men Nyc Carolina Herrera, Carolina Herrera","R$ 480,00",,BRL,4.7,5279,https://www.amazon.com.br/dp/B001CT079C,https://m.media-amazon.com/images/I/61hsWbYre8L._AC_UL960_FMwebp_QL65_.jpg,10,"R$ 445,77",False,False,False,False,,"Entrega R$ 31,55: 23 - 25 de jul.Ou entrega mais rápida: 18 - 21 de jul.",False,Fresco,,,,
B0CJSQHQ4H,"Perfume Ameerat Al Arab Prive Rose, Princess of Arábia Prive Rose Eau de Parfum Woman Oud Oriental Musk 100 ml","R$ 200,00",,BRL,4.2,67,https://www.amazon.com.br/dp/B0CJSQHQ4H,https://m.media-amazon.com/images/I/61o7OE5i7hL._AC_UL960_FMwebp_QL65_.jpg,14,"R$ 150,00",False,False,False,False,Mais de 100 compras no mês passado,"Entrega R$ 31,78: 23 - 25 de jul.Ou entrega mais rápida: 18 - 21 de jul.",False,,,"R$ 2.000,00",,
B08RHWX6G1,Lattafa Fakhar perfume Extrait De Parfum - 100 ml (para homens),"R$ 240,00",,BRL,4.6,6665,https://www.amazon.com.br/dp/B08RHWX6G1,https://m.media-amazon.com/images/I/51MS+VTl4nL._AC_UL960_FMwebp_QL65_.jpg,1,"R$ 240,00",False,False,False,False,Mais de 200 compras no mês passado,"Entrega R$ 32,22: 23 - 25 de jul.Ou entrega mais rápida: 18 - 21 de jul.",False,Floral,,"R$ 240,00",1.0,
B07F6KJT7Q,"Modelador 1 1/4 Curves, Taiff, Bivolt, Preto, Modelador Curves 1 1/4&quot;","R$ 272,00",,BRL,4.7,1335,https://www.amazon.com.br/dp/B07F6KJT7Q,https://m.media-amazon.com/images/I/51Z-fx7GnpL._AC_UL960_FMwebp_QL65_.jpg,1,"R$ 272,00",False,False,False,False,Mais de 50 compras no mês passado,"Entrega GRÁTIS: qua., 6 de ago.",False,,,,,
B0FFC9ZWTQ,Secador de Cabelo 110v com Difusor e Bico Profissional 3500W com Fio Potente (Verde),"R$ 132,91",,BRL,,0,https://www.amazon.com.br/dp/B0FFC9ZWTQ,https://m.media-amazon.com/images/I/61605JCK5LL._AC_UL960_FMwebp_QL65_.jpg,1,"R$ 132,91",False,False,False,False,,"Entrega R$ 20,53: 21 - 23 de jul.",False,,,,,
B0CV61W5J9,Kit Máquina De Cortar Cabelo Wmark NG-2038 Bivolt,"R$ 375,00",,BRL,4.3,12,https://www.amazon.com.br/dp/B0CV61W5J9,https://m.media-amazon.com/images/I/61UIa8PxWCL._AC_UL960_FMwebp_QL65_.jpg,1,"R$ 375,00",False,False,False,False,,"Entrega GRÁTIS: dom., 20 de jul.",False,,,,,
B09Y9CJ9G8,Kit Arvensis Tec Oil Shampoo Condicionador,"R$ 109,90",,BRL,4.5,101,https://www.amazon.com.br/dp/B09Y9CJ9G8,https://m.media-amazon.com/images/I/51mkQ6p3s5L._AC_UL960_FMwebp_QL65_.jpg,8,"R$ 105,90",False,False,False,False,Mais de 50 compras no mês passado,"Entrega GRÁTIS: qua., 16 de jul.",False,,,"R$ 54,95",2.0,
B09XYX8WR3,OUI EDP MADELEINE 862 75ml,"R$ 288,99",,BRL,4.5,89,https://www.amazon.com.br/dp/B09XYX8WR3,https://m.media-amazon.com/images/I/61FhWn+XrFL._AC_UL960_FMwebp_QL65_.jpg,17,"R$ 269,90",False,False,False,False,Mais de 50 compras no mês passado,"Entrega GRÁTIS: sáb., 19 de jul.",False,,,"R$ 3,85",75.0,
B08YT1C7HD,"Chapa Taiff Stylle Black, Taiff, 100134, Preto/Azul, Pequeno","R$ 188,45","R$ 196,28",BRL,4.6,1027,https://www.amazon.com.br/dp/B08YT1C7HD,https://m.media-amazon.com/images/I/41bnvHwvaOL._AC_UL960_FMwebp_QL65_.jpg,12,"R$ 153,61",False,False,False,False,Mais de 100 compras no mês passado,"Entrega GRÁTIS: Amanhã, 14 de jul.Ou entrega mais rápida: Hoje",False,,,,,
B0C2JJ7TKC,Itallian Hairtech Kit Home Care Com Hidratação Trivitt (Nova Embalagem) Cor Amarelo,"R$ 109,73",,BRL,4.6,257,https://www.amazon.com.br/dp/B0C2JJ7TKC,https://m.media-amazon.com/images/I/51-+7K+UBkL._AC_UL960_FMwebp_QL65_.jpg,1,"R$ 109,73",False,False,False,False,Mais de 40 compras no mês passado,"Entrega GRÁTIS: dom., 20 de jul.",False,,,"R$ 109,73",1.0,
B08Y19Y51B,Redken Shampoo Extreme | Shampoo para Cabelos Danificados| Fortalece e Repara Cabelos Danificados | Cabelos Resistentes à Quebra | 300ml Cradle to Cradle Certified,"R$ 130,99",,BRL,4.6,5387,https://www.amazon.com.br/dp/B08Y19Y51B,https://m.media-amazon.com/images/I/61VTU41+uiL._AC_UL960_FMwebp_QL65_.jpg,1,"R$ 130,99",False,False,False,True,Mais de 100 compras no mês passado,"Entrega GRÁTIS: qua., 23 de jul.",False,Coco,,,,
B0007X749U,Redken All Soft Shampoo 1 Litro Cradle to Cradle Certified,"R$ 208,07",,BRL,4.7,13081,https://www.amazon.com.br/dp/B0007X749U,https://m.media-amazon.com/images/I/61yLHUN0tYL._AC_UL960_FMwebp_QL65_.jpg,9,"R$ 189,90",False,False,False,True,Mais de 100 compras no mês passado,"Entrega GRÁTIS: dom., 20 de jul.",False,,,,,
B07KJM9BDN,Kit Shampoo + Condicionador Ultra Hydration TRUSS 2 x 300 ml,"R$ 164,90",,BRL,4.7,3133,https://www.amazon.com.br/dp/B07KJM9BDN,https://m.media-amazon.com/images/I/61A570WIe4S._AC_UL960_FMwebp_QL65_.jpg,1,"R$ 164,90",False,False,False,False,Mais de 300 compras no mês passado,"Entrega GRÁTIS: seg., 21 de jul.",False,,,"R$ 164,90",1.0,
