asin,product_title,product_price,product_original_price,currency,product_star_rating,product_num_ratings,product_url,product_photo,product_num_offers,product_minimum_offer_price,is_best_seller,is_amazon_choice,is_prime,climate_pledge_friendly,sales_volume,delivery,has_variations,product_badge,coupon_text,book_format,unit_price,unit_count
B093LHRL42,"Luz de vídeo ULANZI VL120 RGB, Luzes de vídeo de bolso LED On-Camera, Bateria recarregável embutida 3100mAh, 360 efeitos de luz Full Color 20, CRI≥95 2500-9000K Painéis de LED para registro","R$ 165,49","R$ 206,00",BRL,4.7,959,https://www.amazon.com.br/dp/B093LHRL42,https://m.media-amazon.com/images/I/714LB8dXHtL._AC_UL960_FMwebp_QL65_.jpg,1,"R$ 165,49",False,False,True,False,Mais de 400 compras no mês passado,,False,Oferta Prime Day,,,,
B0996XZVB6,Cartão de Memória Com 3 anos de Garantia Micro SD 128GB WD Purple Intelbras,"R$ 150,00",,BRL,4.7,704,https://www.amazon.com.br/dp/B0996XZVB6,https://m.media-amazon.com/images/I/51ypHYTo7OL._AC_UL960_FMwebp_QL65_.jpg,1,"R$ 150,00",False,False,False,False,Mais de 300 compras no mês passado,"Entrega GRÁTIS: seg., 14 de jul.",False,,,,,
B07VRSFJ9M,Antena Interna Amplificada Digital USB AI 3101 Preto Intelbras,"R$ 109,00",,BRL,3.9,2504,https://www.amazon.com.br/dp/B07VRSFJ9M,https://m.media-amazon.com/images/I/41Zwnz8tUvL._AC_UL960_FMwebp_QL65_.jpg,11,"R$ 71,35",False,False,False,False,Mais de 400 compras no mês passado,"Entrega GRÁTIS: qua., 16 de jul.",False,,,,,
B0CW3B55KC,Relógio QCY GT S8 modelo WA23S8A Preto,"R$ 272,20",,BRL,4.5,96,https://www.amazon.com.br/dp/B0CW3B55KC,https://m.media-amazon.com/images/I/61lIg92PqsL._AC_UL960_FMwebp_QL65_.jpg,1,"R$ 272,20",False,False,False,False,Mais de 300 compras no mês passado,"Entrega GRÁTIS: sex., 18 de jul.",False,,,,,
B09NQPBMSY,"Mouse Sem Fio Logitech Signature M650 L com Design de Tamanho Padrão, Clique Silencioso, Botões Laterais Personalizáveis, Conexão USB e Bluetooth - Grafite","R$ 177,45","R$ 209,08",BRL,4.8,1593,https://www.amazon.com.br/dp/B09NQPBMSY,https://m.media-amazon.com/images/I/71ued9OR0WL._AC_UL960_FMwebp_QL65_.jpg,7,"R$ 172,21",False,False,False,False,Mais de 200 compras no mês passado,"Entrega GRÁTIS: seg., 14 de jul.",False,,,,,
B0DC8B7P7Z,Clamper Energia 8 Transparente LCF,"R$ 117,89","R$ 121,46",BRL,4.9,523,https://www.amazon.com.br/dp/B0DC8B7P7Z,https://m.media-amazon.com/images/I/517wmL0OpML._AC_UL960_FMwebp_QL65_.jpg,15,"R$ 97,07",False,False,False,False,Mais de 400 compras no mês passado,"Entrega GRÁTIS: seg., 14 de jul.",False,,,,,
B0B5GPYDND,"JBL, Fone de Ouvido Sem Fio, Bluetooth, Tune Flex TWS - Azul","R$ 379,99","R$ 399,99",BRL,4.3,1214,https://www.amazon.com.br/dp/B0B5GPYDND,https://m.media-amazon.com/images/I/71Tf8qmgkeL._AC_UL960_FMwebp_QL65_.jpg,7,"R$ 355,99",False,False,False,False,Mais de 200 compras no mês passado,"Entrega GRÁTIS: seg., 14 de jul.",False,,,,,
B0DCLQSP5R,Kit Antena - Receptor Digital Century Midiabox Lnbf 5g Ku Cabo Cor Preto 110v/220v,"R$ 217,54","R$ 229,00",BRL,4.5,186,https://www.amazon.com.br/dp/B0DCLQSP5R,https://m.media-amazon.com/images/I/51r6Zx0ePBL._AC_UL960_FMwebp_QL65_.jpg,1,"R$ 217,54",False,False,False,False,Mais de 400 compras no mês passado,"Entrega GRÁTIS: sex., 1 de ago.",False,Economize 5%,,,,
B0CFFJ874G,"Fone de Ouvido Bluetooth QCY H3 ANC, Cancelamento de Ruído Ativo Headphone Bluetooth 5.4 Headset com Microfone, Certificação Hi-Res Audio, Conexão Multipontos, 60 horas reprodução (Azul)","R$ 299,00",,BRL,4.8,3778,https://www.amazon.com.br/dp/B0CFFJ874G,https://m.media-amazon.com/images/I/51vh644EyQL._AC_UL960_FMwebp_QL65_.jpg,1,"R$ 299,00",False,False,False,False,Mais de 200 compras no mês passado,Entrega GRÁTIS: 25 - 31 de jul.,True,,"Economize R$ 40,00 com o cupom",,,
B098TSRNGG,Redragon FONE DE OUVIDO COM MICROFONE GAMER MINOS H210W BRANCO - com fio - ajustavel,"R$ 99,99","R$ 112,30",BRL,4.6,294,https://www.amazon.com.br/dp/B098TSRNGG,https://m.media-amazon.com/images/I/51haQLJJ0UL._AC_UL960_FMwebp_QL65_.jpg,1,"R$ 99,99",False,False,False,False,Mais de 300 compras no mês passado,"Entrega GRÁTIS: seg., 14 de jul.",False,,,,,
B0CF5YQHCP,"KIT 2 Câmeras de Segurança Domo WiFi PTZ externa, Câmera IP sem fio com visão de 360°, Visão noturna colorida, Áudio bidirecional, Detecção de movimento, Alerta de atividade - BELLA NET","R$ 167,00",,BRL,4.4,362,https://www.amazon.com.br/dp/B0CF5YQHCP,https://m.media-amazon.com/images/I/611A+xMO-rL._AC_UL960_FMwebp_QL65_.jpg,1,"R$ 167,00",False,False,False,False,Mais de 400 compras no mês passado,"Entrega R$ 24,34: 23 - 25 de jul.Ou entrega mais rápida: 17 - 18 de jul.",False,,,,,
B07Z88XJV2,"Combo Teclado e Mouse sem fio Logitech MK470 com Design Slim, Digitação e Clique Silencioso, Mouse Ambidestro, Conexão USB e Pilhas Inclusas - Grafite","R$ 233,91","R$ 285,40",BRL,4.7,3082,https://www.amazon.com.br/dp/B07Z88XJV2,https://m.media-amazon.com/images/I/61cEU1ZNIHL._AC_UL960_FMwebp_QL65_.jpg,17,"R$ 220,92",False,False,False,False,Mais de 400 compras no mês passado,"Entrega GRÁTIS: seg., 14 de jul.",False,,,,,
B0D2DBG6W4,"Relógio Inteligente Amazfit Bip 5 46mm A2215 GPS, Chamadas Bluetooth, Bateria de 10 dias, Tela ultra grande, Rastreamento de passos, Alexa Built-In, AI Fitness App (Black)","R$ 364,65","R$ 429,00",BRL,4.4,285,https://www.amazon.com.br/dp/B0D2DBG6W4,https://m.media-amazon.com/images/I/61ueYKWLNqL._AC_UL960_FMwebp_QL65_.jpg,1,"R$ 364,65",False,False,True,False,Mais de 400 compras no mês passado,,False,Com Prime,,,,
B0BXFBN121,"PLACA MAE GIGABYTE A520M K V2 (REV. 1.0) CHIPSET AMD A520 AM4, MATX, DDR4 - A520M K V2 1.0","R$ 454,00","R$ 489,90",BRL,4.4,542,https://www.amazon.com.br/dp/B0BXFBN121,https://m.media-amazon.com/images/I/8167DVOm0ZL._AC_UL960_FMwebp_QL65_.jpg,1,"R$ 454,00",False,False,False,False,Mais de 300 compras no mês passado,"Entrega GRÁTIS: qua., 16 de jul.",False,Economize 7%,,,,
B099ZJ4KPB,Nespresso Cafeteira Essenza Mini Branca 220V,"R$ 363,00","R$ 439,99",BRL,4.7,4912,https://www.amazon.com.br/dp/B099ZJ4KPB,https://m.media-amazon.com/images/I/5131+YP3dgL._AC_UL960_FMwebp_QL65_.jpg,1,"R$ 363,00",False,False,True,False,Mais de 200 compras no mês passado,,False,Oferta Prime Day,,,,
B0D9NRFF86,"Fones de Ouvido Sem Fio Basike D91, Bluetooth 5.4, Estéreo Hi-Fi, Tela LED, 100h Standby, Leve e Confortável, Ideal para Corrida e Exercícios (Preto)","R$ 131,75","R$ 155,00",BRL,4.4,422,https://www.amazon.com.br/dp/B0D9NRFF86,https://m.media-amazon.com/images/I/61fEYmwDyeL._AC_UL960_FMwebp_QL65_.jpg,1,"R$ 131,75",False,False,True,False,Mais de 300 compras no mês passado,,True,Oferta Prime Day,,,,
B0BLCLBB9Z,Lenovo Fone de Ouvido Sem Fio Original XT80 Esportes Fones de Ouvido Sem Fio HiFi Bluetooth 5.3 Fones de Ouvido Jogo Baixo com Mic Fone Bluetooth Redução de Ruído Earhooks XT80 preto,"R$ 122,00",,BRL,4,715,https://www.amazon.com.br/dp/B0BLCLBB9Z,https://m.media-amazon.com/images/I/71cwN2IkQUL._AC_UL960_FMwebp_QL65_.jpg,1,"R$ 122,00",False,False,False,False,Mais de 400 compras no mês passado,Entrega GRÁTIS: 13 - 22 de ago.,False,,,,,
B0F3QF7M22,Teclado Mecânico Mancer Shade MK3 | Rainbow | Switch Huano Vermelho | Preto | MCR-SHM3-RBW01RD,"R$ 129,96","R$ 152,90",BRL,4.6,759,https://www.amazon.com.br/dp/B0F3QF7M22,https://m.media-amazon.com/images/I/51rxGC4SNLL._AC_UL960_FMwebp_QL65_.jpg,1,"R$ 129,96",False,False,False,False,Mais de 200 compras no mês passado,"Entrega GRÁTIS: sex., 8 de ago.",False,Oferta,,,,
B0DCH2G5PC,"Tablet Positivo Vision TAB 7 - Processador Octa-Core 3GB RAM 64GB Armazenamento, Tela 7” IPS, Bateria 3100mAh, Android 14 Go, Wi-fi - Preto","R$ 374,00",,BRL,4.2,391,https://www.amazon.com.br/dp/B0DCH2G5PC,https://m.media-amazon.com/images/I/51l+IDmCjtL._AC_UL960_FMwebp_QL65_.jpg,1,"R$ 374,00",False,False,False,False,Mais de 400 compras no mês passado,"Entrega GRÁTIS: sex., 18 de jul.",False,,,,,
B0DVL7RBRT,Projetor Portatil Mini 5g Wifi 6 Bluetooth 5.0 Android 11 HY320 Projetor 4K 1080 Full HD Suporte 12000 Lumens Para Celular LED Auto Correção Horizontal 180° Premium,"R$ 299,90","R$ 315,90",BRL,3.9,153,https://www.amazon.com.br/dp/B0DVL7RBRT,https://m.media-amazon.com/images/I/51I220Lr0ML._AC_UL960_FMwebp_QL65_.jpg,1,"R$ 299,90",False,False,False,False,Mais de 300 compras no mês passado,"Entrega GRÁTIS: qua., 16 de jul.",False,,,,,
B0CYPPS4VG,"Câmera IP Sem Fio de Segurança Externa HD 3MP, Câmera de Visão Noturna Infravermelha WiFi, Dupla Lente Grande Angular, IP66 à Prova D&#x27;água e à Prova de Poeira, Chamada de Voz Bidirecional, Preto","R$ 179,99",,BRL,4.5,2442,https://www.amazon.com.br/dp/B0CYPPS4VG,https://m.media-amazon.com/images/I/617WtAfloXL._AC_UL960_FMwebp_QL65_.jpg,1,"R$ 179,99",False,False,False,True,Mais de 300 compras no mês passado,"Entrega GRÁTIS: qua., 16 de jul.",False,,,,,
B08JD18BD3,"Combo Teclado e Mouse sem fio Logitech MK295 com Digitação e Clique Silencioso, Teclas de Mídia de Fácil Acesso, Conexão USB, Pilhas Inclusas e Layout ABNT2","R$ 198,21",,BRL,4.7,2785,https://www.amazon.com.br/dp/B08JD18BD3,https://m.media-amazon.com/images/I/61lpjzSzVPL._AC_UL960_FMwebp_QL65_.jpg,1,"R$ 198,21",False,False,False,False,Mais de 400 compras no mês passado,"Entrega GRÁTIS: seg., 14 de jul.",False,,,,,
B097QLN123,Memória Notebook Kingston Fury Impact 16GB DDR4 3200 Mhz - Preto,"R$ 243,00",,BRL,4.8,2598,https://www.amazon.com.br/dp/B097QLN123,https://m.media-amazon.com/images/I/71ecOJDxBSS._AC_UL960_FMwebp_QL65_.jpg,1,"R$ 243,00",False,False,False,False,Mais de 300 compras no mês passado,"Entrega GRÁTIS: sex., 1 de ago.",False,,,,,
B07W6PD7QJ,"Mouse Gamer Logitech G403 HERO com RGB LIGHTSYNC, 6 Botões Programáveis, Ajuste de Peso e Sensor HERO 25K","R$ 247,90",,BRL,4.8,5667,https://www.amazon.com.br/dp/B07W6PD7QJ,https://m.media-amazon.com/images/I/61CF3xAQtEL._AC_UL960_FMwebp_QL65_.jpg,1,"R$ 247,90",False,False,False,False,Mais de 400 compras no mês passado,"Entrega GRÁTIS: seg., 14 de jul.",False,,,,,
B0D291W3C6,"HAYLOU Solar Plus Smartwatch, 1.43 &quot;AMOLED Display Bluetooth Telefone Chamada Relógio Inteligente para Homens e Mulheres, Exibição Sempre Ativa, Bluetooth 5.3","R$ 224,99","R$ 253,99",BRL,4.6,521,https://www.amazon.com.br/dp/B0D291W3C6,https://m.media-amazon.com/images/I/61isXSksx3L._AC_UL960_FMwebp_QL65_.jpg,1,"R$ 224,99",False,False,False,False,Mais de 300 compras no mês passado,Entrega R$ 30: 22 de jul. - 1 de ago.,False,,,,,
B0FGJYT16Z,"Mini Projetor Hy320 Portatil 5G Wifi 6, Bluetooth 5.0 e Android 11, Suporte 4K e 720P Nativo, 12,000 Lumens, Projetor Led com 4D/4P e Auto de Correccao, 180° Giratorio, Zoom Eletronico","R$ 294,90",,BRL,5,6,https://www.amazon.com.br/dp/B0FGJYT16Z,https://m.media-amazon.com/images/I/51k+vJCruuL._AC_UL960_FMwebp_QL65_.jpg,1,"R$ 294,90",False,False,False,False,,"Entrega GRÁTIS: qua., 16 de jul.",False,,,,,
B0BX8V53KM,CAMERA INSTAX MINI 12 VERDE MENTA,"R$ 422,79",,BRL,4.7,467,https://www.amazon.com.br/dp/B0BX8V53KM,https://m.media-amazon.com/images/I/61+jaO2GeDL._AC_UL960_FMwebp_QL65_.jpg,10,"R$ 405,00",False,True,False,False,Mais de 400 compras no mês passado,"Entrega GRÁTIS: qui., 17 de jul.",False,Escolha,,,,
B0BCFKG49M,HEADSET GAMER HYPERX CLOUD STINGER 2 CORE PC PRETO,"R$ 281,06",,BRL,4.6,2782,https://www.amazon.com.br/dp/B0BCFKG49M,https://m.media-amazon.com/images/I/71WXVepOnFL._AC_UL960_FMwebp_QL65_.jpg,9,"R$ 206,52",False,False,False,False,Mais de 500 compras no mês passado,"Entrega GRÁTIS: seg., 14 de jul.",False,,,,,
B0775S8X5C,"Plantronics Headset Blackwire USB C3220 209745-101T, com fio","R$ 171,50",,BRL,4.6,3435,https://www.amazon.com.br/dp/B0775S8X5C,https://m.media-amazon.com/images/I/51Z640YNXBL._AC_UL960_FMwebp_QL65_.jpg,13,"R$ 107,98",False,False,False,False,Mais de 400 compras no mês passado,"Entrega GRÁTIS: qua., 16 de jul.",False,,,,,
B074WKLRYT,"Combo Teclado e Mouse com fio USB Logitech MK120 com Design Confortável, Durável e Resistente à Respingos, USB e Layout ABNT2","R$ 104,90","R$ 116,35",BRL,4.8,1904,https://www.amazon.com.br/dp/B074WKLRYT,https://m.media-amazon.com/images/I/61s6lTyu02L._AC_UL960_FMwebp_QL65_.jpg,31,"R$ 104,34",False,False,False,False,Mais de 300 compras no mês passado,"Entrega GRÁTIS: seg., 14 de jul.",False,,,,,
B07JM7DR7K,"Mouse Gamer Logitech G502 HERO com RGB LIGHTSYNC, Ajustes de Peso, 11 Botões Programáveis e Sensor HERO 25K","R$ 294,90","R$ 333,96",BRL,4.8,21829,https://www.amazon.com.br/dp/B07JM7DR7K,https://m.media-amazon.com/images/I/61mpMH5TzkL._AC_UL960_FMwebp_QL65_.jpg,14,"R$ 290,19",False,False,False,False,Mais de 300 compras no mês passado,"Entrega GRÁTIS: seg., 14 de jul.",False,,,,,
B00Z0UWV3O,"Câmbio Logitech G Driving Force - Compatível com Volantes Logitech G923, G29 e G920 para PS5, PS4, Xbox Series X|S, Xbox One e PC","R$ 399,00",,BRL,4.8,34454,https://www.amazon.com.br/dp/B00Z0UWV3O,https://m.media-amazon.com/images/I/71MG1E4vFeL._AC_UL960_FMwebp_QL65_.jpg,16,"R$ 318,02",False,False,False,False,Mais de 400 compras no mês passado,"Entrega GRÁTIS: seg., 14 de jul.",False,,,,,
B0C4JK43LQ,"Thermalright Phantom Spirit 120 CPU Air Cooler, 7 Heat pipes CPU Cooler,Dual 120mm TL-C12B V2 PWM Fan, AGHP 4.0 Technilogy,S-FDB Bearing,For AMD AM4 AM5/Intel 1700/1150/1151/1200/2011,PC Cooler(PS120)","R$ 230,56","R$ 287,06",BRL,4.8,134,https://www.amazon.com.br/dp/B0C4JK43LQ,https://m.media-amazon.com/images/I/71tvWzuf-UL._AC_UL960_FMwebp_QL65_.jpg,1,"R$ 230,56",False,False,True,False,Mais de 100 compras no mês passado,,False,Oferta Prime Day,,,,
B0C5NNLB31,Tripe Profissional Semi-Hidraulica 180cm Para Cameras E Celulares Ideal Para Estabilizar Videos E Fotos - Com Tres Monopes Com Trava,"R$ 159,90",,BRL,4.7,299,https://www.amazon.com.br/dp/B0C5NNLB31,https://m.media-amazon.com/images/I/61oFhQUHiUL._AC_UL960_FMwebp_QL65_.jpg,4,"R$ 119,90",False,False,False,True,Mais de 200 compras no mês passado,"Entrega GRÁTIS: seg., 21 de jul.",False,,,,,
B0DKZ5SYPG,"Microsoft 365 Family + Antivírus McAfee Premium Family 2024 - Licenças Físicas para Dispositivos, Segurança Avançada e Suporte Técnico (PAI) (Microsoft 365 Family Antivírus Premium Family)","R$ 439,00",,BRL,4.8,285,https://www.amazon.com.br/dp/B0DKZ5SYPG,https://m.media-amazon.com/images/I/71IR5K4a5aL._AC_UL960_FMwebp_QL65_.jpg,1,"R$ 439,00",False,False,False,False,Mais de 300 compras no mês passado,"Entrega GRÁTIS: dom., 20 de jul.",False,,,,,
B09WB1RJ53,Câmera Inteligente Interna Wi-Fi Full HD iME360 Branco Intelbras,"R$ 302,78","R$ 318,72",BRL,4.7,3096,https://www.amazon.com.br/dp/B09WB1RJ53,https://m.media-amazon.com/images/I/41pzL9q7HuL._AC_UL960_FMwebp_QL65_.jpg,2,"R$ 241,75",False,False,False,True,Mais de 500 compras no mês passado,"Entrega GRÁTIS: seg., 14 de jul.",False,,,,,
B07Q437WXK,"Mouse Gamer Redragon Cobra, Chroma RGB, 10000DPI, 7 Botões, Preto","R$ 138,99",,BRL,4.8,7931,https://www.amazon.com.br/dp/B07Q437WXK,https://m.media-amazon.com/images/I/61saZHQI52L._AC_UL960_FMwebp_QL65_.jpg,39,"R$ 116,90",False,False,False,False,Mais de 300 compras no mês passado,"Entrega GRÁTIS: qua., 16 de jul.",False,,,,,
B094YV31R9,"I2GO, Carregador Portátil (Power Bank) Ultra Rápido 10000mAh, Power Delivery 20W, 2 Saídas USB + 1 Saída/Entrada USB-C, Preto, i2GO PRO","R$ 165,14",,BRL,4.6,4852,https://www.amazon.com.br/dp/B094YV31R9,https://m.media-amazon.com/images/I/51x6d0ZwylS._AC_UL960_FMwebp_QL65_.jpg,4,"R$ 126,40",False,False,False,False,Mais de 400 compras no mês passado,"Entrega GRÁTIS: seg., 14 de jul.",False,,,,,
B0DK8NSRRC,"Roteador, HUAWEI WiFi BE3, Wifi 7, 3.6 Gpbs Dual-Band Wi-Fi 7, Visualização de Diagnóstico WiFi, Controle Parental, Branco","R$ 347,65","R$ 399,90",BRL,4.7,163,https://www.amazon.com.br/dp/B0DK8NSRRC,https://m.media-amazon.com/images/I/31nRUjyIwdL._AC_UL960_FMwebp_QL65_.jpg,1,"R$ 347,65",False,False,True,False,Mais de 200 compras no mês passado,,False,Oferta Prime Day,,,,
B074WKD77F,"Teclado sem fio Logitech K400 Plus TV com Controle Easy Media e Touchpad Integrado, Conexão USB Unifying e Layout ABNT2","R$ 146,99","R$ 189,90",BRL,4.7,5745,https://www.amazon.com.br/dp/B074WKD77F,https://m.media-amazon.com/images/I/51nFWgLkCuL._AC_UL960_FMwebp_QL65_.jpg,8,"R$ 139,07",False,False,False,False,Mais de 200 compras no mês passado,"Entrega GRÁTIS: seg., 14 de jul.",False,,,,,
B0D2HQKVHD,"Amazfit Bip 5 A2215 46mm Smart Watch with Ultra Large Screen, Bluetooth Calling, Alexa, GPS, 10-Day Long Battery Life (preto)","R$ 440,00",,BRL,4.5,139,https://www.amazon.com.br/dp/B0D2HQKVHD,https://m.media-amazon.com/images/I/61pksVxKn7L._AC_UL960_FMwebp_QL65_.jpg,6,"R$ 386,10",False,False,False,False,Mais de 300 compras no mês passado,Entrega GRÁTIS: 25 de jul. - 1 de ago.,False,,,,,
B0BJK9PZ1V,"Qcy Fone De Ouvido T20 - Fones de Ouvido Sem Fio Bluetooth 5.3 Com Microfones, Preto","R$ 160,65","R$ 189,00",BRL,4.5,2849,https://www.amazon.com.br/dp/B0BJK9PZ1V,https://m.media-amazon.com/images/I/41rtNdlBmoL._AC_UL960_FMwebp_QL65_.jpg,1,"R$ 160,65",False,False,True,False,Mais de 200 compras no mês passado,,True,Com Prime,,,,
B0DYJSW17G,"Basike Fone de Ouvido Bluetooth, ANC Cancelamento de Ruído Ativo Headphone Bluetooth 5.4 Headset com Microfone, Certificação Hi-Res Audio, 30 horas reprodução, LE15 (Rosa)","R$ 146,20","R$ 172,00",BRL,4.7,208,https://www.amazon.com.br/dp/B0DYJSW17G,https://m.media-amazon.com/images/I/61Hj3RLglhL._AC_UL960_FMwebp_QL65_.jpg,1,"R$ 146,20",False,False,True,False,Mais de 300 compras no mês passado,,True,Oferta Prime Day,,,,
B079HL9YSF,"Wacom CTL4100 - Mesa Digitalizadora Intuos Creative, Preto","R$ 335,78","R$ 479,52",BRL,4.8,23110,https://www.amazon.com.br/dp/B079HL9YSF,https://m.media-amazon.com/images/I/61UUcHcXWIL._AC_UL960_FMwebp_QL65_.jpg,5,"R$ 285,41",False,False,False,False,Mais de 300 compras no mês passado,"Entrega GRÁTIS: seg., 14 de jul.",False,,,,,
B0DYNT9W24,"SmartWatch, relogio smartwatch com Ecrã tátil e Alexa, à prova d&#x27;água IP68, relogio smartwatch feminino e masculino, com modo esportivo e recebimento de notificações (rosa)","R$ 177,76","R$ 259,00",BRL,4.5,140,https://www.amazon.com.br/dp/B0DYNT9W24,https://m.media-amazon.com/images/I/61G-6e9mRwL._AC_UL960_FMwebp_QL65_.jpg,1,"R$ 177,76",False,False,True,False,Mais de 300 compras no mês passado,,False,Com Prime,,,,
B0925T2JH9,Kit Carregador Rápido UGREEN PD 20W com Cabo MFI Lightning CD137 Branco CERTIFICADO ANATEL Nº:05613-22-13824,"R$ 103,33",,BRL,4.7,1069,https://www.amazon.com.br/dp/B0925T2JH9,https://m.media-amazon.com/images/I/51ZEsFP4RUS._AC_UL960_FMwebp_QL65_.jpg,1,"R$ 103,33",False,False,False,False,Mais de 300 compras no mês passado,"Entrega GRÁTIS: qua., 16 de jul.",False,,,,,
B0842XB4BN,"Mochila DELL Gaming, Preto, 460-BCZE, 15.6&quot; e 17.3&quot;","R$ 289,00",,BRL,4.8,3861,https://www.amazon.com.br/dp/B0842XB4BN,https://m.media-amazon.com/images/I/91PDPYo4jUL._AC_UL960_FMwebp_QL65_.jpg,1,"R$ 289,00",False,False,False,False,Mais de 300 compras no mês passado,Entrega GRÁTIS: 12 - 19 de ago.,False,,,,,
B075Y7H8V6,Mochila Lenovo Casual B210 Azul para notebook de até 15.6&quot; GX40Q17226,"R$ 126,00",,BRL,4.8,45623,https://www.amazon.com.br/dp/B075Y7H8V6,https://m.media-amazon.com/images/I/71EQMrnlDUL._AC_UL960_FMwebp_QL65_.jpg,6,"R$ 76,16",False,False,False,False,Mais de 300 compras no mês passado,"Entrega GRÁTIS: dom., 20 de jul.",True,,,,,
B09RQ9FCSK,"Amvox Caixa de Som Amplificada ACA 221 Gigante II - 220W RMS, Bluetooth, Rádio FM, USB, Preto","R$ 264,90",,BRL,4.4,1163,https://www.amazon.com.br/dp/B09RQ9FCSK,https://m.media-amazon.com/images/I/51CyF4O5MKL._AC_UL960_FMwebp_QL65_.jpg,1,"R$ 264,90",False,False,False,False,Mais de 300 compras no mês passado,"Entrega GRÁTIS: sex., 18 de jul.",False,,,,,
B0FGWMZMYH,UniTV V10 Aparelho 8gb Streaming Wi-Fi Full HD 4k 5g Configurado uni-tv,"R$ 325,00",,BRL,5,1,https://www.amazon.com.br/dp/B0FGWMZMYH,https://m.media-amazon.com/images/I/61nV32e9SdL._AC_UL960_FMwebp_QL65_.jpg,1,"R$ 325,00",False,False,False,False,,"Entrega R$ 28,17: 23 - 25 de jul.",False,,,,,
B0D6Z5MXBK,Gabinete Gamer TGT Legion | Mini-Tower | Lateral de Vidro | Preto | TGT-LGN-BK,"R$ 140,16","R$ 164,90",BRL,4.3,96,https://www.amazon.com.br/dp/B0D6Z5MXBK,https://m.media-amazon.com/images/I/611sSJnEOkL._AC_UL960_FMwebp_QL65_.jpg,1,"R$ 140,16",False,False,False,False,Mais de 200 compras no mês passado,"Entrega GRÁTIS: sex., 8 de ago.",False,Oferta,,,,
B07XC936P8,"Headset Gamer Razer Headset Kraken X Lite Multi Platform Surround 7.1, Preto, Grande, RZ.AU.KR.08.RT","R$ 225,72","R$ 250,80",BRL,4.5,5376,https://www.amazon.com.br/dp/B07XC936P8,https://m.media-amazon.com/images/I/51TzGmowjSL._AC_UL960_FMwebp_QL65_.jpg,8,"R$ 186,15",False,False,False,False,Mais de 300 compras no mês passado,"Entrega GRÁTIS: seg., 14 de jul.",False,,,,,
B0CJRXT3L6,"Webcam Full HD Logitech Brio 100 com Microfone Integrado, Proteção de Privacidade, Correção Automática de Luz e Conexão USB-A - Grafite","R$ 232,00",,BRL,4.8,1128,https://www.amazon.com.br/dp/B0CJRXT3L6,https://m.media-amazon.com/images/I/61nTmIUB0LL._AC_UL960_FMwebp_QL65_.jpg,3,"R$ 232,00",False,False,False,False,Mais de 400 compras no mês passado,,False,,,,,
B071HWSGPN,PIX Suporte para Monitor Articulado 17 a 30 de Mesa com Pistão a Gás F80 NB,"R$ 151,74","R$ 162,84",BRL,4.8,1694,https://www.amazon.com.br/dp/B071HWSGPN,https://m.media-amazon.com/images/I/61fX2msX3sL._AC_UL960_FMwebp_QL65_.jpg,1,"R$ 151,74",False,False,False,False,Mais de 200 compras no mês passado,"Entrega GRÁTIS: seg., 14 de jul.",False,,,,,
B0DR45KLST,"Carregador Portátil 10000mAh com Display LED, Mini Power Bank Rápido 22.5W com PD 3.0 e QC 3.0, USB-C Leve e Compatível com iPhone 16/15/14/13/12/11 e Samsung, Preto","R$ 179,98",,BRL,4.7,58,https://www.amazon.com.br/dp/B0DR45KLST,https://m.media-amazon.com/images/I/51+WgwTQitL._AC_UL960_FMwebp_QL65_.jpg,1,"R$ 179,98",False,False,False,False,Mais de 300 compras no mês passado,"Entrega GRÁTIS: sex., 18 de jul.",False,,,,,
B0C9QSV82F,"Geonav Power Bank, Carregador Portátil Universal por Indução 10.000mAh, Carregamento rápido*, Suporte Dobrável, Compatível com MagSafe®, PB10MAGSG, Cinza","R$ 200,31",,BRL,4.4,1693,https://www.amazon.com.br/dp/B0C9QSV82F,https://m.media-amazon.com/images/I/615U7klnYVL._AC_UL960_FMwebp_QL65_.jpg,13,"R$ 146,63",False,False,False,False,Mais de 300 compras no mês passado,"Entrega GRÁTIS: seg., 14 de jul.",False,,,,,
B089B7Z8ZD,Teclado Mecânico Redragon Dark Avenger Preto Iluminação Rainbow Switch Marrom K568R,"R$ 188,59",,BRL,4.8,1382,https://www.amazon.com.br/dp/B089B7Z8ZD,https://m.media-amazon.com/images/I/61KrUwmOvTL._AC_UL960_FMwebp_QL65_.jpg,5,"R$ 168,40",False,False,False,False,Mais de 300 compras no mês passado,"Entrega GRÁTIS: seg., 14 de jul.",False,,,,,
B0D8JJRCJN,"GameSir G8 Plus Bluetooth Mobile Game Controller for Switch &amp; iOS &amp; Android &amp; Tablets, Wireless Gamepad with Hall Effect Joysticks/Hall Trigger, Play Minecraft, Genshin Impact, Call of Duty Mobile","R$ 379,00","R$ 499,00",BRL,4.6,1204,https://www.amazon.com.br/dp/B0D8JJRCJN,https://m.media-amazon.com/images/I/717de+4D0kL._AC_UL960_FMwebp_QL65_.jpg,1,"R$ 379,00",False,False,True,False,Mais de 100 compras no mês passado,,False,Com Prime,,iOS,,
B0CQXKMFHY,"Mouse com fio Redragon King 4K Pro (USB, cabo 1,8 m, 4K, 16.000 DPI, 7 botões, iluminação RGB, ergonômico)","R$ 298,90",,BRL,4.7,258,https://www.amazon.com.br/dp/B0CQXKMFHY,https://m.media-amazon.com/images/I/51EBglsGc+L._AC_UL960_FMwebp_QL65_.jpg,19,"R$ 259,05",False,False,False,False,Mais de 300 compras no mês passado,"Entrega GRÁTIS: seg., 14 de jul.",False,,,,,
B0B3PLSJRL,"Capa Nupro para Kindle 11ª Geração (2022 e 2024) - Cor Azul (não compatível com o Kindle 10ª geração, Kindle Paperwhite ou Kindle Oasis)","R$ 119,00",,BRL,4.8,8377,https://www.amazon.com.br/dp/B0B3PLSJRL,https://m.media-amazon.com/images/I/81ygwWPQs8L._AC_UL960_FMwebp_QL65_.jpg,1,"R$ 119,00",False,False,False,False,Mais de 300 compras no mês passado,"Entrega GRÁTIS: seg., 14 de jul.",False,,,,,
B0BQZFK8H7,Suporte Multiarticulado Para TV Universal 37-80&quot; SAV-4600 Aquário,"R$ 199,97",,BRL,4.7,316,https://www.amazon.com.br/dp/B0BQZFK8H7,https://m.media-amazon.com/images/I/51wdWT7K1cL._AC_UL960_FMwebp_QL65_.jpg,9,"R$ 199,00",False,False,False,False,Mais de 300 compras no mês passado,"Entrega GRÁTIS: dom., 20 de jul.",False,,,,,
B08T68T1T6,"Mouse Gamer Redragon Predator RGB M612-RGB, Preto","R$ 89,90","R$ 118,34",BRL,4.8,540,https://www.amazon.com.br/dp/B08T68T1T6,https://m.media-amazon.com/images/I/51AVGfhKbOL._AC_UL960_FMwebp_QL65_.jpg,1,"R$ 89,90",False,False,False,False,Mais de 100 compras no mês passado,"Entrega GRÁTIS: seg., 14 de jul.",False,,,,,
B07PNKGKBX,"Mouse sem fio Logitech MX Vertical com Design Ergonômico para Redução de Tensão Muscular, Conexão USB Unifying ou Bluetooth com Easy-Switch para até 3 dispositivos e Bateria Recarregável","R$ 411,90","R$ 549,99",BRL,4.7,526,https://www.amazon.com.br/dp/B07PNKGKBX,https://m.media-amazon.com/images/I/61iiZ-gDYEL._AC_UL960_FMwebp_QL65_.jpg,3,"R$ 415,90",False,False,False,False,Mais de 200 compras no mês passado,"Entrega GRÁTIS: dom., 27 de jul.",False,,,,,
B0B38Y8NYY,"[para Android] ULANZI Microfone de lapela sem fio J12 para telefone USB C, microfone plug-play 2 em 1 com capa de carregamento para telefone entrevista de gravação de vídeo","R$ 166,00",,BRL,4.5,933,https://www.amazon.com.br/dp/B0B38Y8NYY,https://m.media-amazon.com/images/I/51IGGOWqAhL._AC_UL960_FMwebp_QL65_.jpg,1,"R$ 166,00",False,False,False,False,Mais de 300 compras no mês passado,"Entrega GRÁTIS: sex., 18 de jul.",False,,,,,
B0DK9LMBQT,Gabinete Gamer Mancer CV100 | Mid-Tower | Lateral De Vidro | Preto | MCR-CV100-BK,"R$ 194,90","R$ 223,90",BRL,4.6,190,https://www.amazon.com.br/dp/B0DK9LMBQT,https://m.media-amazon.com/images/I/61ZPimxrNyL._AC_UL960_FMwebp_QL65_.jpg,1,"R$ 194,90",False,False,False,False,Mais de 200 compras no mês passado,"Entrega GRÁTIS: sex., 8 de ago.",False,Oferta,,,,
B09Y736F6V,Webcam HD CAM 720p Preto Intelbras,"R$ 169,00",,BRL,4.6,1138,https://www.amazon.com.br/dp/B09Y736F6V,https://m.media-amazon.com/images/I/51OH2WHUXLL._AC_UL960_FMwebp_QL65_.jpg,18,"R$ 150,00",False,False,False,False,Mais de 200 compras no mês passado,"Entrega GRÁTIS: seg., 14 de jul.",False,,,,,
B0752Z4WFB,Caixa de Som 2.1 14w RMS USB Conexão P2 Controle de Volume Preto - SP172,"R$ 85,10","R$ 100,20",BRL,4.5,1835,https://www.amazon.com.br/dp/B0752Z4WFB,https://m.media-amazon.com/images/I/51nVBs4YVgL._AC_UL960_FMwebp_QL65_.jpg,1,"R$ 85,10",False,False,True,False,Mais de 100 compras no mês passado,,False,Oferta Prime Day,,,,
B0CNH9WK1H,"Geonav Power Bank, Carregador Portátil Universal 10.000mAh, USB-A (até 18W) + USB-C (até 20W), Compacto, Carregamento Rápido, Pass Through, Led Indicador de Bateria, PB10K20WSG, Cinza espacial","R$ 166,00",,BRL,4.6,781,https://www.amazon.com.br/dp/B0CNH9WK1H,https://m.media-amazon.com/images/I/71V3w7y4daL._AC_UL960_FMwebp_QL65_.jpg,1,"R$ 166,00",False,False,False,False,Mais de 300 compras no mês passado,"Entrega GRÁTIS: seg., 14 de jul.",False,,,,,
B0C9RZDKM5,Fone de ouvido Philco PFI200P Air Beats Bluetooth V5.3 IPX4 Bivolt,"R$ 142,00","R$ 167,52",BRL,4.4,62,https://www.amazon.com.br/dp/B0C9RZDKM5,https://m.media-amazon.com/images/I/41jPcboF8-L._AC_UL960_FMwebp_QL65_.jpg,10,"R$ 127,80",False,False,False,False,Mais de 300 compras no mês passado,"Entrega GRÁTIS: seg., 14 de jul.",False,,,,,
B0BSP5Q9PF,Teclado Mecânico Gamer Switch Blue Led Rgb 7 Cores Rainbow 12 Funções Anti Ghosting Abnt2 Usb para Pc Computador Notebook Mac,"R$ 119,99","R$ 132,98",BRL,4.4,1365,https://www.amazon.com.br/dp/B0BSP5Q9PF,https://m.media-amazon.com/images/I/61Tn5a431IL._AC_UL960_FMwebp_QL65_.jpg,1,"R$ 119,99",False,False,False,False,Mais de 200 compras no mês passado,"Entrega GRÁTIS: seg., 21 de jul.",False,Economize 9%,,,,
B0BR3QVG9X,BOYA Microfone de lapela sem fio BY-V20 para Iphone 15 e ANDROID USB C Smartphone Tablet Mini microfone para celular Microfone clip-on para gravação vídeo Podcast YouTube Live Streaming,"R$ 297,00",,BRL,4.6,681,https://www.amazon.com.br/dp/B0BR3QVG9X,https://m.media-amazon.com/images/I/61DdtgZ+cAL._AC_UL960_FMwebp_QL65_.jpg,1,"R$ 297,00",False,False,False,False,Mais de 200 compras no mês passado,Entrega GRÁTIS: 23 - 25 de jul.,False,,,,,
B0B6QDWS98,Redragon TECLADO GAMER MECANICO LAKSHMI RAINBOW PRETO SWITCH MARROM ABNT2,"R$ 192,75",,BRL,4.8,515,https://www.amazon.com.br/dp/B0B6QDWS98,https://m.media-amazon.com/images/I/61CPK7k3tEL._AC_UL960_FMwebp_QL65_.jpg,12,"R$ 192,75",False,False,False,False,Mais de 100 compras no mês passado,,False,,,,,
B0BSVK8Y3C,"Gshield Carregador Por Indução Wireless Magnético Sem Fio Tipo C 15W, Compatível com MagSafe Carregamento Rápido 1M, Branco","R$ 120,36","R$ 189,00",BRL,4.4,229,https://www.amazon.com.br/dp/B0BSVK8Y3C,https://m.media-amazon.com/images/I/41c87s4A0EL._AC_UL960_FMwebp_QL65_.jpg,1,"R$ 120,36",False,False,True,False,Mais de 200 compras no mês passado,,False,Oferta Prime Day,,,,
B07PRC8WPK,Kit Telefone Sem Fio Digital com Ramal Adicional TS 2512 Preto Intelbras,"R$ 241,25","R$ 253,95",BRL,4.7,206,https://www.amazon.com.br/dp/B07PRC8WPK,https://m.media-amazon.com/images/I/51hrnrIa6UL._AC_UL960_FMwebp_QL65_.jpg,1,"R$ 241,25",False,False,False,False,Mais de 200 compras no mês passado,"Entrega GRÁTIS: qua., 16 de jul.",False,,,,,
B07C55K2YS,"Combo Teclado e Mouse sem fio Logitech MK540 com Teclado com Apoio para as Mãos, Teclas de Mídia de Fácil Acesso, Mouse Ambidestro, Conexão USB, Pilhas Inclusas e Layout ABNT2","R$ 267,90",,BRL,4.7,4018,https://www.amazon.com.br/dp/B07C55K2YS,https://m.media-amazon.com/images/I/61J+g-r1uML._AC_UL960_FMwebp_QL65_.jpg,17,"R$ 249,90",False,False,False,False,Mais de 200 compras no mês passado,"Entrega GRÁTIS: seg., 14 de jul.",False,,,,,
B08Q1YQDHJ,Kit 2 cartucho HP 667 Preto e Colorido,"R$ 154,00",,BRL,4.7,1395,https://www.amazon.com.br/dp/B08Q1YQDHJ,https://m.media-amazon.com/images/I/61jMPgsGZYL._AC_UL960_FMwebp_QL65_.jpg,11,"R$ 125,00",False,False,False,False,Mais de 300 compras no mês passado,"Entrega GRÁTIS: seg., 21 de jul.",False,,,,,
B09YY5TCMX,"FIFINE Fone de ouvido jogos para PC - fones de ouvido USB com fio e microfone para computador com som surround 7.1 para PS4/PS5 no laptop/streaming, com modo EQ, RGB, almofadas macias - AmpliGame H6 Global Recycled Standard","R$ 213,34","R$ 265,99",BRL,4.6,1951,https://www.amazon.com.br/dp/B09YY5TCMX,https://m.media-amazon.com/images/I/71LP40TtRHL._AC_UL960_FMwebp_QL65_.jpg,1,"R$ 213,34",False,False,True,True,Mais de 200 compras no mês passado,Estimativa de envio de 5 a 6 dias,True,Com Prime,,,,
B0DG491596,CAMERA DE SEGURANCA 360º WI-FI 1080P TAPO TC70 NACIONAL,"R$ 171,90","R$ 189,99",BRL,4.7,176,https://www.amazon.com.br/dp/B0DG491596,https://m.media-amazon.com/images/I/41Qc8FjOz5L._AC_UL960_FMwebp_QL65_.jpg,1,"R$ 171,90",False,False,False,False,Mais de 100 compras no mês passado,"Entrega GRÁTIS: qua., 16 de jul.",False,Economize 9%,,,,
B08BP7GG3Y,Mouse sem fio e Bluetooth Dell MS3320W Preto,"R$ 129,00",,BRL,4.8,1268,https://www.amazon.com.br/dp/B08BP7GG3Y,https://m.media-amazon.com/images/I/41nGM8GhdZL._AC_UL960_FMwebp_QL65_.jpg,1,"R$ 129,00",False,False,False,False,Mais de 200 compras no mês passado,"Entrega GRÁTIS: seg., 14 de jul.",False,,,,,
B0F6YJVZ5L,Mini Projetor Portátil 5G Wi-Fi 6 Bluetooth 5.0 Android 11 4K 1080P Full HD 8000 Lumens LED Auto Correção Trapezoidal Horizontal Rotação 180° Ideal para Projeções Cinemáticas,"R$ 228,90",,BRL,3.9,27,https://www.amazon.com.br/dp/B0F6YJVZ5L,https://m.media-amazon.com/images/I/519TeoR49WL._AC_UL960_FMwebp_QL65_.jpg,1,"R$ 228,90",False,False,False,False,Mais de 300 compras no mês passado,"Entrega GRÁTIS: qua., 16 de jul.",False,,,,,
B09NMXWC1T,"Capa de tecido para Kindle 11ª Geração (2022 e 2024) - Cor Preta (não compatível com o Kindle 10ª geração, Kindle Paperwhite ou Kindle Oasis)","R$ 149,00",,BRL,4.9,5393,https://www.amazon.com.br/dp/B09NMXWC1T,https://m.media-amazon.com/images/I/91DKbmqPWrL._AC_UL960_FMwebp_QL65_.jpg,1,"R$ 149,00",False,False,False,False,Mais de 300 compras no mês passado,"Entrega GRÁTIS: seg., 14 de jul.",False,,,,,
B074FC9TV5,"Teclado sem fio Logitech K270 com 8 Teclas Multimídia, Conexão USB, Pilhas Inclusas e Layout ABNT2 - Compatível com PC e Notebook.","R$ 140,80",,BRL,4.7,2934,https://www.amazon.com.br/dp/B074FC9TV5,https://m.media-amazon.com/images/I/61kfWSNpyxL._AC_UL960_FMwebp_QL65_.jpg,16,"R$ 139,90",False,False,False,False,Mais de 300 compras no mês passado,"Entrega GRÁTIS: seg., 14 de jul.",False,,,,,
B0DL4XSFSR,Carregador Portátil (Power Bank) 20000Mah Turbo 22.5w Carregamento Ultra Rápido PD Visor Led com 2 Saídas Compatível com Android e IOS (Preto),"R$ 109,79",,BRL,4.7,206,https://www.amazon.com.br/dp/B0DL4XSFSR,https://m.media-amazon.com/images/I/71dhM1Kdg+L._AC_UL960_FMwebp_QL65_.jpg,1,"R$ 109,79",False,False,False,False,Mais de 200 compras no mês passado,"Entrega GRÁTIS: sex., 18 de jul.",False,,Economize 5% com o cupom,,,
B0FBCB4W7H,"Câmera de Segurança Externa Dupla 4K, 6MP, Sirene Policial, Visão Noturna, WiFi","R$ 172,70",,BRL,5,4,https://www.amazon.com.br/dp/B0FBCB4W7H,https://m.media-amazon.com/images/I/613eAp4cD5L._AC_UL960_FMwebp_QL65_.jpg,1,"R$ 172,70",False,False,False,False,Mais de 200 compras no mês passado,"Entrega GRÁTIS: seg., 21 de jul.",False,,,,,
B0BX8V5SDW,CAMERA INSTAX MINI 12 LILAS CANDY,"R$ 382,80","R$ 433,99",BRL,4.8,1252,https://www.amazon.com.br/dp/B0BX8V5SDW,https://m.media-amazon.com/images/I/61Aj10ec8KL._AC_UL960_FMwebp_QL65_.jpg,18,"R$ 389,90",False,False,False,False,Mais de 300 compras no mês passado,"Entrega GRÁTIS: seg., 14 de jul.",False,,,,,
B00K4DS5KU,"TP-Link Switch Gigabit de 8 portas | Fácil de gerenciar | Plug &amp; Play | Montagem em desktop/parede | Metal resistente com portas blindadas | Suporta QoS, Vlan, IGMP e LAG (TL-SG108E)","R$ 285,78",,BRL,4.7,5805,https://www.amazon.com.br/dp/B00K4DS5KU,https://m.media-amazon.com/images/I/71pVqkRwKsL._AC_UL960_FMwebp_QL65_.jpg,1,"R$ 285,78",False,False,False,False,Mais de 50 compras no mês passado,"Entrega R$ 8,90: sex., 8 de ago.",False,,,,,
B09LYTWQ7M,"Equipamento de vídeo com cabo ULANZI para smartphone, capa para filmagem LINO de liga de alumínio, estabilizador de vídeo, suporte para tripé com sapata fria para iPhone 13 Mini, Pro, Max 8 Plus","R$ 287,90","R$ 358,00",BRL,4.8,631,https://www.amazon.com.br/dp/B09LYTWQ7M,https://m.media-amazon.com/images/I/71vN4uLcmfL._AC_UL960_FMwebp_QL65_.jpg,1,"R$ 287,90",False,False,True,False,Mais de 200 compras no mês passado,,False,Com Prime,,,,
B0CC5RRGZ9,"Salange HY300 Mini Projetor Portatil, 5G WiFi 6 Bluetooth 5.0, Smart Projetor Android 11, 8500 Lumens Proyetor LED 4K 1080P Full HD Suporte (EU Plug)","R$ 243,90",,BRL,4.3,3343,https://www.amazon.com.br/dp/B0CC5RRGZ9,https://m.media-amazon.com/images/I/41BRhElFrdL._AC_UL960_FMwebp_QL65_.jpg,1,"R$ 243,90",False,False,False,False,Mais de 200 compras no mês passado,"Entrega GRÁTIS: qua., 16 de jul.",False,,,,,
B0D9PVYKNN,"Fones de Ouvido Bluetooth Sem Fio, 60h de Bateria, Esportivos com Gancho, IPX7 à Prova d&#x27;Água, Graves Potentes, Cancelamento de Ruído, Compatível com iOS, Android e Bluetooth 5.4 (Preto)","R$ 149,87",,BRL,4.6,72,https://www.amazon.com.br/dp/B0D9PVYKNN,https://m.media-amazon.com/images/I/71WzKTq-hAL._AC_UL960_FMwebp_QL65_.jpg,1,"R$ 149,87",False,False,False,False,Mais de 200 compras no mês passado,,False,,,,,
B0BWRXZZC8,TP-Link Adaptador Archer TX20E PCIe WiFi6 AX1800,"R$ 231,00",,BRL,4.4,1719,https://www.amazon.com.br/dp/B0BWRXZZC8,https://m.media-amazon.com/images/I/41qROlMXQeL._AC_UL960_FMwebp_QL65_.jpg,12,"R$ 229,00",False,False,False,False,Mais de 200 compras no mês passado,"Entrega GRÁTIS: seg., 14 de jul.",False,,,,,
B0BX8W9SPW,CAMERA INSTAX MINI 12 AZUL CANDY,"R$ 429,48",,BRL,4.8,899,https://www.amazon.com.br/dp/B0BX8W9SPW,https://m.media-amazon.com/images/I/61erc7ly+ZL._AC_UL960_FMwebp_QL65_.jpg,14,"R$ 425,00",False,False,False,False,Mais de 300 compras no mês passado,"Entrega GRÁTIS: seg., 14 de jul.",False,,,,,
B0F5G16NZY,Power Bank 10.000mAh Turbo Carregador Portátil Universal por Indução Carregamento Ultra Rápido Suporte Dobrável Compatível Com Todo Celular Com Carregamento Magnético - Linha Premium AGold - Branco,"R$ 169,90",,BRL,4.8,34,https://www.amazon.com.br/dp/B0F5G16NZY,https://m.media-amazon.com/images/I/515ZEIFbXJL._AC_UL960_FMwebp_QL65_.jpg,1,"R$ 169,90",False,False,False,False,Mais de 300 compras no mês passado,"Entrega GRÁTIS: sex., 18 de jul.",False,,,,,
B0BZT41V5Z,Roteador Wireless Mercusys MR30G AC1200 Dual Band,"R$ 137,00",,BRL,4.5,205,https://www.amazon.com.br/dp/B0BZT41V5Z,https://m.media-amazon.com/images/I/41K84gM47LL._AC_UL960_FMwebp_QL65_.jpg,1,"R$ 137,00",False,False,False,False,Mais de 200 compras no mês passado,"Entrega GRÁTIS: qua., 16 de jul.",False,,,,,
B0BBXCC713,Fonte Gamer ATX 500W Crusader Preta Fortrek,"R$ 139,70",,BRL,4.4,1070,https://www.amazon.com.br/dp/B0BBXCC713,https://m.media-amazon.com/images/I/71gbP+wMcKL._AC_UL960_FMwebp_QL65_.jpg,24,"R$ 122,89",False,False,False,False,Mais de 200 compras no mês passado,"Entrega GRÁTIS: dom., 20 de jul.",False,,,,,
B0B9D7LT36,Câmera Externa Inteligente iM7 Full Color Branco Intelbras,"R$ 464,55","R$ 552,03",BRL,4.7,1918,https://www.amazon.com.br/dp/B0B9D7LT36,https://m.media-amazon.com/images/I/41cgshAv-4L._AC_UL960_FMwebp_QL65_.jpg,1,"R$ 464,55",False,False,False,True,Mais de 200 compras no mês passado,"Entrega GRÁTIS: qua., 16 de jul.",False,,,,,
B07R3DQLVR,Kit 4 cores Refil Tinta Epson T544 Original L3110 L3150 - Lacrado,"R$ 136,47","R$ 160,55",BRL,4.8,4042,https://www.amazon.com.br/dp/B07R3DQLVR,https://m.media-amazon.com/images/I/71bqs3Ct9ML._AC_UL960_FMwebp_QL65_.jpg,1,"R$ 136,47",False,False,True,False,Mais de 100 compras no mês passado,,False,Oferta Prime Day,,,,
B09RNB1FKQ,"Epson Pacote com 4 tintas Ecotank preto, ciano, magenta e amarelo para L1110, L1210, L3110, L3210, L3150, L3250, L5190, L5290, Code T544520-4P","R$ 151,99",,BRL,4.7,2200,https://www.amazon.com.br/dp/B09RNB1FKQ,https://m.media-amazon.com/images/I/71J6JbK1DWL._AC_UL960_FMwebp_QL65_.jpg,21,"R$ 151,99",False,False,False,False,Mais de 500 compras no mês passado,,False,,,,,
B0CVSFTFGL,Baseus Bowie MA10 ANC Fone De Ouvido Bluetooth com Cancelamento de Ruído Ativo 140h de bateria IPX6 À Prova D&#x27;água,"R$ 298,00",,BRL,4.3,984,https://www.amazon.com.br/dp/B0CVSFTFGL,https://m.media-amazon.com/images/I/41DJ6q+TnyL._AC_UL960_FMwebp_QL65_.jpg,5,"R$ 285,76",False,False,False,False,Mais de 200 compras no mês passado,"Entrega GRÁTIS: sex., 18 de jul.",False,,,,,
B0DK3TBCRD,"JBL, Fone Bluetooth, JBLTFLEX2BLKBR","R$ 452,37",,BRL,4.2,241,https://www.amazon.com.br/dp/B0DK3TBCRD,https://m.media-amazon.com/images/I/51wS-euBmGL._AC_UL960_FMwebp_QL65_.jpg,15,"R$ 395,69",False,False,False,False,Mais de 200 compras no mês passado,"Entrega GRÁTIS: seg., 14 de jul.",False,,,,,
B0B143GC89,"Motorola, Carregador de Parede Turbo Power 68W, Cabo 1 Metro, Porta USB-C, Cabo USB-C","R$ 189,05","R$ 199,00",BRL,4.8,209,https://www.amazon.com.br/dp/B0B143GC89,https://m.media-amazon.com/images/I/41TEavLec5L._AC_UL960_FMwebp_QL65_.jpg,1,"R$ 189,05",False,False,False,False,Mais de 200 compras no mês passado,"Entrega GRÁTIS: seg., 14 de jul.",False,,,,,
B0CH3YSW3B,"Roku Express | Dispositivo de streaming para TV HD/Full HD compatível com Alexa, Siri e Google. Inclui Cabo HDMI Premium","R$ 249,90",,BRL,4.7,12636,https://www.amazon.com.br/dp/B0CH3YSW3B,https://m.media-amazon.com/images/I/71oplO8FwlL._AC_UL960_FMwebp_QL65_.jpg,1,"R$ 249,90",False,False,False,False,Mais de 300 compras no mês passado,"Entrega GRÁTIS: ter., 22 de jul.",False,,,,,
B00LEAU5KK,Carregador iPhone 12 Super Si Turbo Pd 20w Baseus + Cabo Pd 20w 1m Branco,"R$ 128,90",,BRL,4.8,1543,https://www.amazon.com.br/dp/B00LEAU5KK,https://m.media-amazon.com/images/I/41PxD5EtrdL._AC_UL960_FMwebp_QL65_.jpg,5,"R$ 127,99",False,False,False,False,Mais de 200 compras no mês passado,"Entrega GRÁTIS: qua., 16 de jul.",False,,,,,
B074WL3VZF,"Combo Teclado e Mouse sem fio Logitech MK270 com Teclas de Mídia de Fácil Acesso, Conexão USB, Pilhas Inclusas e Layout ABNT2","R$ 162,93",,BRL,4.7,4008,https://www.amazon.com.br/dp/B074WL3VZF,https://m.media-amazon.com/images/I/613QHjMbLwL._AC_UL960_FMwebp_QL65_.jpg,1,"R$ 162,93",False,False,False,False,Mais de 200 compras no mês passado,"Entrega GRÁTIS: seg., 14 de jul.",False,,,,,
B0CDQVV9QK,ROTEADOR GIGABIT WI-FI 6 AX1500 EX141 IMPORTADO,"R$ 164,05","R$ 178,00",BRL,4.7,78,https://www.amazon.com.br/dp/B0CDQVV9QK,https://m.media-amazon.com/images/I/41V5mkfW0pL._AC_UL960_FMwebp_QL65_.jpg,1,"R$ 164,05",False,False,False,False,Mais de 100 compras no mês passado,"Entrega GRÁTIS: qua., 16 de jul.",False,,,,,
B0F3Z8PVFB,"RDS - Officially Licensed Nintendo Switch 2, Nintendo Switch OLED &amp; Nintendo Switch Systems Game Traveler Deluxe Case – Holds 12 Game Cards &amp; microSD Card Case Holds 2pcs &amp; Each Holds 2 microSD Cards","R$ 225,74",,BRL,4.5,25,https://www.amazon.com.br/dp/B0F3Z8PVFB,https://m.media-amazon.com/images/I/81NygK40qHL._AC_UL960_FMwebp_QL65_.jpg,1,"R$ 225,74",False,False,False,False,Mais de 400 compras no mês passado,"Entrega R$ 8,90: 25 de jul. - 1 de ago.",False,,,Nintendo Switch 2,,
B0D7S21ZF7,"Smartwatch Relógio Inteligente Tela Full Touch 1.28&quot; Resistente à Água IP67 com Faz e Recebe Ligações, Modos Esportivos e Recebimento de Notificações‎(2 tiras) (preto)","R$ 157,49",,BRL,4,498,https://www.amazon.com.br/dp/B0D7S21ZF7,https://m.media-amazon.com/images/I/61aFW5HAlZL._AC_UL960_FMwebp_QL65_.jpg,10,"R$ 122,00",False,False,False,False,Mais de 300 compras no mês passado,Entrega GRÁTIS: 18 - 27 de ago.,False,,,,,
B079XC5PVV,"SSD, Kingston, SA400S37/960G","R$ 449,99",,BRL,4.8,21415,https://www.amazon.com.br/dp/B079XC5PVV,https://m.media-amazon.com/images/I/81+9rUcRVTL._AC_UL960_FMwebp_QL65_.jpg,38,"R$ 418,00",False,False,False,False,Mais de 300 compras no mês passado,"Entrega GRÁTIS: dom., 20 de jul.",False,,,,,
B0F43Z2FH2,"Fone de Ouvido Sem Fio Bluetooth com Microfone e Cancelamento de Ruído Ativo, à Prova D&#x27;água e com até 60 Horas de Reprodução - Melhor Escolha para Esportes e Atividades ao Ar Livre - Preto","R$ 77,91","R$ 159,00",BRL,4.1,57,https://www.amazon.com.br/dp/B0F43Z2FH2,https://m.media-amazon.com/images/I/6126gMLN2JL._AC_UL960_FMwebp_QL65_.jpg,1,"R$ 77,91",False,False,True,False,Mais de 200 compras no mês passado,,True,Com Prime,,,,
B0D8KXMCTC,"GameSir G7 SE Wired Controller for Xbox Series X|S, Xbox One &amp; Windows 10/11, Plug and Play Gaming Gamepad with Hall Effect Joysticks/Hall Trigger, 3.5mm Audio Jack (Orange)","R$ 399,00",,BRL,4.3,255,https://www.amazon.com.br/dp/B0D8KXMCTC,https://m.media-amazon.com/images/I/51psQhV+vPL._AC_UL960_FMwebp_QL65_.jpg,2,"R$ 285,00",False,False,False,False,Mais de 100 compras no mês passado,"Entrega R$ 10,04: 25 - 31 de jul.",False,,,Xbox One,,
B01B96M16E,Mouse Dell WM126,"R$ 105,73","R$ 109,00",BRL,4.7,9393,https://www.amazon.com.br/dp/B01B96M16E,https://m.media-amazon.com/images/I/61WrR7z-pGL._AC_UL960_FMwebp_QL65_.jpg,1,"R$ 105,73",False,False,False,False,Mais de 300 compras no mês passado,"Entrega GRÁTIS: seg., 14 de jul.",False,,,,,
B07LCM3LLW,Lenços Umedecidos Zeiss Caixa Com 200 Lenços Umedecidos,"R$ 124,90",,BRL,4.8,1141,https://www.amazon.com.br/dp/B07LCM3LLW,https://m.media-amazon.com/images/I/61R5sZaKKlL._AC_UL960_FMwebp_QL65_.jpg,3,"R$ 124,70",False,False,False,False,Mais de 300 compras no mês passado,"Entrega GRÁTIS: qua., 16 de jul.",False,,,,"R$ 0,62",201.0
B09NCG2YF1,"JBL, Caixa de Som Bluetooth, Go Essential, À Prova D&#x27;água - Vermelha","R$ 178,20",,BRL,4.7,635,https://www.amazon.com.br/dp/B09NCG2YF1,https://m.media-amazon.com/images/I/61K-5aAGKhL._AC_UL960_FMwebp_QL65_.jpg,18,"R$ 157,30",False,False,False,False,Mais de 500 compras no mês passado,"Entrega GRÁTIS: seg., 14 de jul.",False,,,,,
B0C2VSV1FP,"Bateria Externa SAMSUNG EB-P3400 Bege Portátil, Carga Super Rápida 25W, Duas Saídas USB-C 10000 MAH","R$ 149,00",,BRL,4.7,702,https://www.amazon.com.br/dp/B0C2VSV1FP,https://m.media-amazon.com/images/I/41FgVlH1ezL._AC_UL960_FMwebp_QL65_.jpg,1,"R$ 149,00",False,False,False,False,Mais de 100 compras no mês passado,Entrega GRÁTIS: 28 de jul. - 4 de ago.,False,,,,,
B0DWJLWVX8,RDS Nintendo Switch Game Card Case - The Legend of Zelda Tears of the Kingdom - Holds 24 Game Cards and 4 microSD Cards,"R$ 65,62","R$ 77,84",BRL,5,2,https://www.amazon.com.br/dp/B0DWJLWVX8,https://m.media-amazon.com/images/I/81SvD5EUqxL._AC_UL960_FMwebp_QL65_.jpg,1,"R$ 65,62",False,False,True,False,Mais de 50 compras no mês passado,,False,Oferta Prime Day,,Nintendo Switch,,
B0BTJC5BGR,"Headset Fone de Ouvido Havit HV-H2002d Purple, Gamer, com Microfone, Falante 53mm, Plug 3, 5mm: compatível com XBOX ONE e PS4, HAVIT, HV-H2002d Cor Roxo e Branco","R$ 229,00",,BRL,4.7,1053,https://www.amazon.com.br/dp/B0BTJC5BGR,https://m.media-amazon.com/images/I/61CIubm4EBL._AC_UL960_FMwebp_QL65_.jpg,1,"R$ 229,00",False,True,False,False,Mais de 400 compras no mês passado,"Entrega GRÁTIS: seg., 14 de jul.",False,Escolha,,,,
B08LMXMHBS,"Fone de Ouvido P/Estúdio DJ OneOdio Pro-10 Black, Falante 50mm Neodimio Conexão P2 ou P10 Com Microfone, Cabo Destacável, Preto, Grande","R$ 197,77","R$ 233,73",BRL,4.8,931,https://www.amazon.com.br/dp/B08LMXMHBS,https://m.media-amazon.com/images/I/61BqRe-YJpL._AC_UL960_FMwebp_QL65_.jpg,5,"R$ 140,28",False,False,False,False,Mais de 300 compras no mês passado,"Entrega GRÁTIS: seg., 14 de jul.",False,,,,,
B0B6KFCC19,Redragon TECLADO MECANICO GAMER FIZZ RGB PRETO SWITCH MARROM,"R$ 196,73",,BRL,4.8,777,https://www.amazon.com.br/dp/B0B6KFCC19,https://m.media-amazon.com/images/I/619eg3PVlsL._AC_UL960_FMwebp_QL65_.jpg,7,"R$ 166,90",False,False,False,False,Mais de 200 compras no mês passado,"Entrega GRÁTIS: seg., 14 de jul.",False,,,,,
B081Z6FQSW,"Vitrola Chrome Black com Usb e Bluetooth, Bivolt","R$ 432,16",,BRL,4.7,3433,https://www.amazon.com.br/dp/B081Z6FQSW,https://m.media-amazon.com/images/I/51wiTLTzDpL._AC_UL960_FMwebp_QL65_.jpg,1,"R$ 432,16",False,False,False,False,Mais de 200 compras no mês passado,"Entrega GRÁTIS: seg., 14 de jul.",False,,,,,
B0C59PPC2V,GABINETE GAMER FORCEFIELD BLACK VULCAN - FRONTAL E LATERAL EM VIDRO - PCYES - GFFBVP – PCYES,"R$ 377,97",,BRL,4.7,145,https://www.amazon.com.br/dp/B0C59PPC2V,https://m.media-amazon.com/images/I/61vXeoaiBoL._AC_UL960_FMwebp_QL65_.jpg,1,"R$ 377,97",False,False,False,False,Mais de 50 compras no mês passado,"Entrega GRÁTIS: sex., 25 de jul.",False,,,,,
B09HL8HBRJ,"Cooler Processador Redragon Tyr - 120mm, LED Azul, Intel + AMD","R$ 89,90","R$ 105,76",BRL,4.8,601,https://www.amazon.com.br/dp/B09HL8HBRJ,https://m.media-amazon.com/images/I/81yW8mHO2lL._AC_UL960_FMwebp_QL65_.jpg,4,"R$ 104,90",False,False,False,False,Mais de 200 compras no mês passado,"Entrega GRÁTIS: seg., 14 de jul.",False,,,,,
B0DDTYB5KT,Samsung Carregador de parede Super Rápido 45W (Cabo USB-C),"R$ 189,90",,BRL,4.7,70,https://www.amazon.com.br/dp/B0DDTYB5KT,https://m.media-amazon.com/images/I/51jFYUuAZwL._AC_UL960_FMwebp_QL65_.jpg,1,"R$ 189,90",False,False,False,False,Mais de 200 compras no mês passado,Entrega GRÁTIS: 12 - 19 de ago.,False,,,,,
B09WJD17ZS,Suporte Articulado de Mesa com Pistão a Gás para Monitores de 17&#x27; a 35&#x27; Branco - F80W ELG,"R$ 206,12","R$ 219,90",BRL,4.9,2127,https://www.amazon.com.br/dp/B09WJD17ZS,https://m.media-amazon.com/images/I/61xh-XgujGL._AC_UL960_FMwebp_QL65_.jpg,6,"R$ 200,00",False,False,False,True,Mais de 200 compras no mês passado,"Entrega GRÁTIS: seg., 14 de jul.",False,,,,,
B09DPQNLQ7,"ULANZI BASTÃO LUMINOSO MAGNÉTICO, Luz LED RGB 360° Cor Completa CRI95+ para Fotografia/Vlog, Bateria 2000mAh Recarregável, Mini Tubo Portátil 2500-9000K Ajustável com LCD para TikTok YouTube","R$ 127,50","R$ 150,00",BRL,4.6,1165,https://www.amazon.com.br/dp/B09DPQNLQ7,https://m.media-amazon.com/images/I/71HbpyD2M+L._AC_UL960_FMwebp_QL65_.jpg,1,"R$ 127,50",False,False,True,False,Mais de 200 compras no mês passado,,False,Com Prime,,,,
B0DGFN8MYN,Roteador TP-Link Archer AX12 WI-FI 6 AX1500 Dual Band Gigabit 4 Ant,"R$ 209,00","R$ 220,90",BRL,4.6,70,https://www.amazon.com.br/dp/B0DGFN8MYN,https://m.media-amazon.com/images/I/41ypQaH09dL._AC_UL960_FMwebp_QL65_.jpg,9,"R$ 213,00",False,False,False,False,Mais de 200 compras no mês passado,"Entrega GRÁTIS: sex., 18 de jul.",False,,,,,
B0975WWR2C,"Babá Eletrônica, TakTark Câmera para Bebês com Tela de 3.2&quot;, Visão Noturna Infravermelha, Áudio Bidirecional, Detecção de Som VOX, Monitoramento Temperatura, Canção de Ninar","R$ 399,99",,BRL,4.6,1355,https://www.amazon.com.br/dp/B0975WWR2C,https://m.media-amazon.com/images/I/61h2x-zBZIL._AC_UL960_FMwebp_QL65_.jpg,1,"R$ 399,99",False,False,False,False,Mais de 300 compras no mês passado,Entrega GRÁTIS: 12 - 21 de ago.,False,,,,,
B0CJT7RXLM,"Headset Sem Fio Logitech Zone 300 Com Microfone Flip-to-Mute com Cancelamento de Ruído, Conexão Bluetooth, Bateria Recarregável via USB-C e Almofadas Confortáveis - Grafite","R$ 429,98","R$ 479,90",BRL,4.6,518,https://www.amazon.com.br/dp/B0CJT7RXLM,https://m.media-amazon.com/images/I/61BXENUz1lL._AC_UL960_FMwebp_QL65_.jpg,1,"R$ 429,98",False,False,False,False,Mais de 100 compras no mês passado,"Entrega GRÁTIS: seg., 14 de jul.",True,,,,,
B0BHDMHHM9,"JBL, Fone de Ouvido Sem Fio, Bluetooth, Wave Buds TWS - Preto","R$ 319,00",,BRL,4.6,14397,https://www.amazon.com.br/dp/B0BHDMHHM9,https://m.media-amazon.com/images/I/51lhZsdupGL._AC_UL960_FMwebp_QL65_.jpg,10,"R$ 299,90",False,False,False,False,Mais de 50 compras no mês passado,"Entrega GRÁTIS: ter., 22 de jul.",False,,,,,
B07VC41CXJ,Switch Gigabit De Mesa Com 8 Portas 10/100/1000 Ls1008G Smb,"R$ 153,75",,BRL,4.8,29893,https://www.amazon.com.br/dp/B07VC41CXJ,https://m.media-amazon.com/images/I/514VZqWEmfL._AC_UL960_FMwebp_QL65_.jpg,25,"R$ 131,79",False,False,False,False,Mais de 200 compras no mês passado,"Entrega GRÁTIS: seg., 14 de jul.",False,,,,,
B08ZGYHBJ7,"Suporte de Parede Multiarticulado com Pistão a Gás, Produto Ergonômico, Capacidade 2 a 9kg, Para Monitor ou TVs de 17&quot;a 34&quot;, Preto, F410, ELG","R$ 223,98","R$ 230,66",BRL,4.8,1527,https://www.amazon.com.br/dp/B08ZGYHBJ7,https://m.media-amazon.com/images/I/51EZCmKZ0JL._AC_UL960_FMwebp_QL65_.jpg,12,"R$ 229,00",False,False,False,True,Mais de 200 compras no mês passado,"Entrega GRÁTIS: ter., 15 de jul.",False,,,,,
B075Y6Y9H5,"Bolsa carteiro Lenovo T210, para laptops de até 15,6&quot;, preto (GX40Q17229)","R$ 120,24","R$ 129,00",BRL,4.7,45502,https://www.amazon.com.br/dp/B075Y6Y9H5,https://m.media-amazon.com/images/I/817Da7pNmfL._AC_UL960_FMwebp_QL65_.jpg,1,"R$ 120,24",False,False,False,False,Mais de 100 compras no mês passado,"Entrega GRÁTIS: seg., 14 de jul.",False,,,,,
B09YDNFPFT,Intelbras Câmera de Vídeo Wi-Fi Full HD iM5 SC com cartão MicroSD 32GB Branco,"R$ 373,50","R$ 415,03",BRL,4.7,1960,https://www.amazon.com.br/dp/B09YDNFPFT,https://m.media-amazon.com/images/I/41i486K47TL._AC_UL960_FMwebp_QL65_.jpg,15,"R$ 352,78",False,False,False,False,Mais de 100 compras no mês passado,"Entrega GRÁTIS: seg., 14 de jul.",False,,,,,
B07DHSHXVP,"Power Bank Pro 20000mAH, Bateria Portátil Universal, Carga Rápida, Display Indicador, Entradas Micro USB e USB-C, 2 Portas USB-A, Preto, PB200BK, ELG","R$ 159,74",,BRL,4.6,198,https://www.amazon.com.br/dp/B07DHSHXVP,https://m.media-amazon.com/images/I/71vKDr03jgL._AC_UL960_FMwebp_QL65_.jpg,1,"R$ 159,74",False,False,False,True,Mais de 300 compras no mês passado,"Entrega GRÁTIS: seg., 14 de jul.",False,,,,,
B0BVKYFKXX,"Carregador Portátil Baseus Bipow Digital Display Power Bank 30000mAh 15W Preto,modelo PPBD30","R$ 265,00",,BRL,4.7,1475,https://www.amazon.com.br/dp/B0BVKYFKXX,https://m.media-amazon.com/images/I/61-ct8DyGUL._AC_UL960_FMwebp_QL65_.jpg,1,"R$ 265,00",False,False,False,False,Mais de 100 compras no mês passado,"Entrega GRÁTIS: sex., 18 de jul.",False,,,,,
B0CQMDJR1F,"Rack 1,33 mt para TV até 60&quot; com estrutura usinada MDF 15mm THEO cor Cinamomo/Off White - Artely","R$ 288,88",,BRL,4.7,226,https://www.amazon.com.br/dp/B0CQMDJR1F,https://m.media-amazon.com/images/I/817jVPzSW2L._AC_UL960_FMwebp_QL65_.jpg,7,"R$ 275,54",False,False,False,False,Mais de 200 compras no mês passado,Entrega R$ 23: 7 - 13 de ago.,False,,,,,
B0F5SHX44D,Mini Projetor Portatil 4K 1080 Full HD 5g Wifi 6 Bluetooth 5.0 Android HY300 Suporte 8000 Lumens Para Celular LED Projete até 130 polegadas,"R$ 229,90",,BRL,4.1,54,https://www.amazon.com.br/dp/B0F5SHX44D,https://m.media-amazon.com/images/I/51ExhTaazLL._AC_UL960_FMwebp_QL65_.jpg,1,"R$ 229,90",False,False,False,False,Mais de 200 compras no mês passado,"Entrega GRÁTIS: qua., 16 de jul.",False,,,,,
B0DGMVGY15,PCYES ForceField TWR Black Vulcan - GFFTWRBV: Gabinete Gamer Mid-tower com Vidro Temperado e Suporte para até 9 Fans de 120mm,"R$ 296,84",,BRL,4.8,25,https://www.amazon.com.br/dp/B0DGMVGY15,https://m.media-amazon.com/images/I/61J9teSxB+L._AC_UL960_FMwebp_QL65_.jpg,1,"R$ 296,84",False,False,False,False,Mais de 100 compras no mês passado,"Entrega GRÁTIS: sex., 25 de jul.",False,,,,,
B0DGPVPW72,"Smartwatch PEJE Relógio Smartwatch com Pulseira Extra - Tela Touch HD 1.28&quot;,À Prova d&#x27;Água IP68,Faz Chamadas Bluetooth,123+ Modos Esportivos,Bateria de 5-7 Dias,Compatível com iOS/Android.(Preto)","R$ 143,76","R$ 169,08",BRL,4.5,27,https://www.amazon.com.br/dp/B0DGPVPW72,https://m.media-amazon.com/images/I/61ZU6aPKGyL._AC_UL960_FMwebp_QL65_.jpg,1,"R$ 143,76",False,False,True,False,Mais de 100 compras no mês passado,,False,Com Prime,,,,
B0DLZP8ZYN,TECKKIN Cartucho de Tinta Compatível para HP 667 667XL Compatível com HP DeskJet Ink Advantage 2374 1275 2376 2775 2776 DeskJet Plus 6475 6476 6075 (1 Preto 1 Colorido),"R$ 189,99","R$ 259,99",BRL,4.2,4759,https://www.amazon.com.br/dp/B0DLZP8ZYN,https://m.media-amazon.com/images/I/71+4h0jQErL._AC_UL960_FMwebp_QL65_.jpg,1,"R$ 189,99",False,False,False,False,Mais de 200 compras no mês passado,"Entrega GRÁTIS: qua., 16 de jul.",False,Oferta,,,,
B09YRVD2VW,"Mochila feminina de viagem grande, impermeável, aprovada como bagagem de mão, para trilha e esportes ao ar livre, B8 - Preto, X- Large","R$ 125,00","R$ 140,00",BRL,4.6,16013,https://www.amazon.com.br/dp/B09YRVD2VW,https://m.media-amazon.com/images/I/61-4YlU1dML._AC_UL960_FMwebp_QL65_.jpg,1,"R$ 125,00",False,False,False,False,Mais de 200 compras no mês passado,Entrega R$ 30: 23 - 25 de jul.,True,,,,,
B097TN561M,"KF432S20IB/8 - Memória 8GB SODIMM DDR4 3200Mhz FURY Impact 1,35V 1Rx8 260 pinos para notebook, Preto","R$ 149,99",,BRL,4.7,2640,https://www.amazon.com.br/dp/B097TN561M,https://m.media-amazon.com/images/I/61Ro+Ua5hKS._AC_UL960_FMwebp_QL65_.jpg,19,"R$ 140,00",False,False,False,False,Mais de 200 compras no mês passado,"Entrega GRÁTIS: sex., 1 de ago.",False,,,,,
B07Y33FYZS,Caixas de Som e Soundbar Redragon Orpheus GS550 Estéreo 2.0 com LEDs Preto,"R$ 133,18","R$ 157,00",BRL,4.5,887,https://www.amazon.com.br/dp/B07Y33FYZS,https://m.media-amazon.com/images/I/71mWUtcfPwL._AC_UL960_FMwebp_QL65_.jpg,1,"R$ 133,18",False,True,False,False,Mais de 100 compras no mês passado,"Entrega GRÁTIS: dom., 20 de jul.",False,Escolha,,,,
B07M69276N,"Adaptador USB 3.0 Mini TP-Link Archer T3U Wireless AC1300 Dual Band 2.4/5 GHz MU-MIMO, Preto.","R$ 154,90",,BRL,4.7,32439,https://www.amazon.com.br/dp/B07M69276N,https://m.media-amazon.com/images/I/41s+w3cC3JL._AC_UL960_FMwebp_QL65_.jpg,17,"R$ 123,98",False,False,False,False,Mais de 200 compras no mês passado,Entrega GRÁTIS: 21 - 22 de jul.,False,,,,,
B076HV3FH3,"Boom Box Up USB, Mondial, Preto, 6W, Bivolt - NBX-13","R$ 399,00",,BRL,4.4,1063,https://www.amazon.com.br/dp/B076HV3FH3,https://m.media-amazon.com/images/I/81Zn2JkMrsL._AC_UL960_FMwebp_QL65_.jpg,9,"R$ 329,00",False,False,False,False,Mais de 400 compras no mês passado,"Entrega R$ 32,03: 23 - 25 de jul.",False,,,,,
B09NC4SSSQ,"Roteador TP-Link Archer AX53, WiFi 6, Gigabit Dual Band Wireless Cable, Velocidade WiFi até 2402Mbps/5GHz+574Mbps/2.4GHz, 4 Gigabit LAN Ports, Ideal para jogos Xbox/PS4/Steam &amp; 4K/8K","R$ 369,99",,BRL,4.8,5935,https://www.amazon.com.br/dp/B09NC4SSSQ,https://m.media-amazon.com/images/I/61PEyrVDs-L._AC_UL960_FMwebp_QL65_.jpg,15,"R$ 367,31",False,False,False,False,Mais de 200 compras no mês passado,"Entrega GRÁTIS: dom., 20 de jul.",False,,,,,
B0CMCPY4VG,"GameSir Nova Lite Controlador sem fio 2.4g para PC com Windows, iPhone, Android, Switch e Steam Deck, Controle Bluetooth Gamepad com gatilho de efeito Hall, Turbo, vibração Rumble(roxo escuro)","R$ 183,20","R$ 239,00",BRL,4.3,491,https://www.amazon.com.br/dp/B0CMCPY4VG,https://m.media-amazon.com/images/I/61RfqSvlqqL._AC_UL960_FMwebp_QL65_.jpg,1,"R$ 183,20",False,False,True,False,Mais de 100 compras no mês passado,Estimativa de envio de 2 a 3 dias,True,Com Prime,,Windows,,
B0BDMNMFP1,Fones de Ouvido Sem Fio Bluetooth 96 Horas para ReproduçãO Esportiva com Display de Led Fones de Ouvido com Ganchos Fone de Ouvido com Microfone Embutido para Treino Preto,"R$ 169,00",,BRL,4.4,1578,https://www.amazon.com.br/dp/B0BDMNMFP1,https://m.media-amazon.com/images/I/71UYU4qvBPL._AC_UL960_FMwebp_QL65_.jpg,1,"R$ 169,00",False,False,False,False,Mais de 200 compras no mês passado,Entrega GRÁTIS: 31 de jul. - 8 de ago.,False,,,,,
B0DBVK8S6F,"Basike Fones de Ouvido Sem Fio, Headphone Bluetooth on-ear com Microfone, ANC Cancelamento do Ruído, Até 50 Horas de Música, HQ001B (Branco)","R$ 141,95","R$ 167,00",BRL,4.4,532,https://www.amazon.com.br/dp/B0DBVK8S6F,https://m.media-amazon.com/images/I/514n0rnHIgL._AC_UL960_FMwebp_QL65_.jpg,1,"R$ 141,95",False,False,True,False,Mais de 200 compras no mês passado,,True,Com Prime,,,,
B0CJJR6WK4,Kit 4 Câmera Ip Yoosee Prova D&#x27;água Infravermelho Lâmpada Hd,"R$ 215,90",,BRL,4.4,105,https://www.amazon.com.br/dp/B0CJJR6WK4,https://m.media-amazon.com/images/I/71LkSP-orSL._AC_UL960_FMwebp_QL65_.jpg,10,"R$ 188,98",False,False,False,False,Mais de 200 compras no mês passado,"Entrega GRÁTIS: qui., 24 de jul.",False,,,,,
B075BKXSCQ,HD SSD Kingston SA400S37 480GB,"R$ 305,00",,BRL,4.8,14329,https://www.amazon.com.br/dp/B075BKXSCQ,https://m.media-amazon.com/images/I/71veNz-BVNL._AC_UL960_FMwebp_QL65_.jpg,11,"R$ 259,98",False,False,False,False,Mais de 100 compras no mês passado,"Entrega GRÁTIS: ter., 22 de jul.",False,,,,,
B0CKK4XLTB,Carregador Portátil (Power Bank) i2GO Pocket 5000mAh - Modelo USB-C- Bivolt,"R$ 137,69","R$ 142,20",BRL,4.4,440,https://www.amazon.com.br/dp/B0CKK4XLTB,https://m.media-amazon.com/images/I/61wg5LVdnOL._AC_UL960_FMwebp_QL65_.jpg,1,"R$ 137,69",False,False,False,False,Mais de 200 compras no mês passado,"Entrega GRÁTIS: seg., 14 de jul.",False,,,,,
B0BJKGQSGQ,"Fone de Ouvido Stage Hero6 TWS com cancelamento de ruído ativo (ANC), fone sem fio Bluetooth 5.2 com 4 microfones para chamada, 35H tempo de reprodução, modos duplo, IPX5 à prova d&#x27;água","R$ 199,00",,BRL,4.4,1757,https://www.amazon.com.br/dp/B0BJKGQSGQ,https://m.media-amazon.com/images/I/61d03Y2E89L._AC_UL960_FMwebp_QL65_.jpg,1,"R$ 199,00",False,False,False,False,Mais de 300 compras no mês passado,"Entrega GRÁTIS: sex., 18 de jul.",False,,"Economize R$ 30,00 com o cupom",,,
B0CCSTWB9R,CONTROLE SEM FIO XBOX - ASTRAL PURPLE,"R$ 429,90",,BRL,4.7,6027,https://www.amazon.com.br/dp/B0CCSTWB9R,https://m.media-amazon.com/images/I/61B4klaWctL._AC_UL960_FMwebp_QL65_.jpg,7,"R$ 405,00",False,False,False,False,Mais de 200 compras no mês passado,"Entrega GRÁTIS: qua., 16 de jul.",True,,,Xbox One,,
B0DMSZPHBJ,"Câmera Digital Infantil Portátil 20MP, Tela de 2 Polegadas, 200 dpi, Resolução 1080P, Impressão Instantânea, Conexão com Celular, com Papel de Impressão (CAM-12607-rosa)","R$ 131,98","R$ 146,00",BRL,4.7,51,https://www.amazon.com.br/dp/B0DMSZPHBJ,https://m.media-amazon.com/images/I/61Fy+xIS9NL._AC_UL960_FMwebp_QL65_.jpg,4,"R$ 126,60",False,False,False,False,Mais de 200 compras no mês passado,"Entrega GRÁTIS: dom., 20 de jul.",False,,,,,
B088LY8R1H,Controle LG Magic Remote MR20GA - Tv&#x27;s 2020 Série UN,"R$ 185,79",,BRL,4.7,13905,https://www.amazon.com.br/dp/B088LY8R1H,https://m.media-amazon.com/images/I/71paofyHD2L._AC_UL960_FMwebp_QL65_.jpg,9,"R$ 183,56",False,False,False,False,Mais de 200 compras no mês passado,"Entrega GRÁTIS: qua., 16 de jul.",False,,,,,
B0CWNQP4RG,"HAYLOU S30 Fone de ouvido Bluetooth com Cancelamento Ativo de Ruído, Over Ear Headphones com Extraível Individualmente Microfone, Suporta conexão com consoles","R$ 259,99",,BRL,4.7,745,https://www.amazon.com.br/dp/B0CWNQP4RG,https://m.media-amazon.com/images/I/61FW2WQkTpL._AC_UL960_FMwebp_QL65_.jpg,2,"R$ 259,99",False,False,False,False,Mais de 100 compras no mês passado,,True,,,,,
B0CCJWZR39,"Celular POSITIVO P51, Flip, Função Modem, 4G, Câmera Traseira, Tela 2,4” LCD, Rádio FM, Botão SOS, Dual SIM Preto","R$ 205,97",,BRL,4.2,204,https://www.amazon.com.br/dp/B0CCJWZR39,https://m.media-amazon.com/images/I/41Plga0dByL._AC_UL960_FMwebp_QL65_.jpg,18,"R$ 199,00",False,False,False,False,Mais de 200 compras no mês passado,"Entrega GRÁTIS: ter., 26 de ago.",False,,,,,
B0BH8ZN7ZH,Gabinete Gamer Mancer Hexer | Rainbow | Mid-Tower | Lateral de Vidro | Com 3 Fans | Preto | MCR-HEX-RB01,"R$ 187,19","R$ 258,90",BRL,4.6,923,https://www.amazon.com.br/dp/B0BH8ZN7ZH,https://m.media-amazon.com/images/I/61oKZETJXIL._AC_UL960_FMwebp_QL65_.jpg,1,"R$ 187,19",False,False,False,False,Mais de 100 compras no mês passado,"Entrega GRÁTIS: sex., 8 de ago.",False,Oferta,,,,
B0DGLB45RM,"Basike Fone de Ouvido Bluetooth, ANC Cancelamento de Ruído Ativo Headphone Bluetooth 5.3+EDR, Som Surround 3D, Headset com Microfone, Certificação Hi-Pure Audio, 30 horas reprodução, Y6 (Rosa)","R$ 136,85","R$ 161,00",BRL,4.5,528,https://www.amazon.com.br/dp/B0DGLB45RM,https://m.media-amazon.com/images/I/51Joz1qakPL._AC_UL960_FMwebp_QL65_.jpg,1,"R$ 136,85",False,False,True,False,Mais de 200 compras no mês passado,,True,Com Prime,,,,
B0CN3T8HNM,FONE DE OUVIDO TWS BLUETOOTH 5.3 EDIFIER W160T - PRETO Pequeno,"R$ 186,16",,BRL,4.4,484,https://www.amazon.com.br/dp/B0CN3T8HNM,https://m.media-amazon.com/images/I/41foHpXL7cL._AC_UL960_FMwebp_QL65_.jpg,3,"R$ 156,37",False,False,False,False,Mais de 200 compras no mês passado,"Entrega GRÁTIS: seg., 14 de jul.",True,,,,,
B08L62FZ5D,"JBL, Fone de Ouvido Bluetooth, Tune 125BT, Intra Auricular, Sem Fio, Microfone Integrado - Branco","R$ 177,84",,BRL,4.6,2406,https://www.amazon.com.br/dp/B08L62FZ5D,https://m.media-amazon.com/images/I/31+8XowsXIL._AC_UL960_FMwebp_QL65_.jpg,14,"R$ 157,90",False,False,False,False,Mais de 200 compras no mês passado,"Entrega GRÁTIS: seg., 14 de jul.",False,,,,,
B0CFG44Q5D,Telefone Sem Fio TS 7510 Branco Intelbras,"R$ 129,90","R$ 144,33",BRL,4.7,1389,https://www.amazon.com.br/dp/B0CFG44Q5D,https://m.media-amazon.com/images/I/31vi0lrMsEL._AC_UL960_FMwebp_QL65_.jpg,1,"R$ 129,90",False,False,True,False,Mais de 100 compras no mês passado,,False,Oferta Prime Day,,,,
B01LF37K80,"Mouse sem fio Logitech M720 Triathlon com Conexão USB Unifying ou Bluetooth com Easy-Switch para até 3 Dispositivos, 1000 DPI, 6 Botões Programáveis e Pilha Inclusa","R$ 278,40",,BRL,4.8,8780,https://www.amazon.com.br/dp/B01LF37K80,https://m.media-amazon.com/images/I/51pMqozCpML._AC_UL960_FMwebp_QL65_.jpg,11,"R$ 248,34",False,False,False,False,Mais de 200 compras no mês passado,"Entrega GRÁTIS: seg., 14 de jul.",False,,,,,
B0DT6TG9YH,"Basike Fone de Ouvido Sem Fio Esportivo BLuetooth 5.3 TWS，Tela LED Dupla, 3 Tamanhos Tampões Ouvido Intercambiáveis, Suporta chamadas de voz, adequadas para Android e IOS (Preto)","R$ 135,15","R$ 159,00",BRL,4.4,138,https://www.amazon.com.br/dp/B0DT6TG9YH,https://m.media-amazon.com/images/I/61iWQN6371L._AC_UL960_FMwebp_QL65_.jpg,1,"R$ 135,15",False,False,True,False,Mais de 200 compras no mês passado,,True,Com Prime,,,,
B0F2474CLH,"Power Bank 20000mAh Carregador Portátil, 2 USB-A (até 22.5W, PD) + 1 USB-C (até 20W, PD) + 1 Micro USB (até 18W), Carregamento Rápido, Proteção Inteligente, Compatível com Android e iOS – Preto","R$ 109,99",,BRL,4,84,https://www.amazon.com.br/dp/B0F2474CLH,https://m.media-amazon.com/images/I/61uTIun0myL._AC_UL960_FMwebp_QL65_.jpg,3,"R$ 95,99",False,False,False,False,Mais de 400 compras no mês passado,"Entrega GRÁTIS: sex., 18 de jul.",False,,Economize 5% com o cupom,,,
B0BSVMZ2R5,Rack para Tv ate 75&quot; com 2 portas CHARLOTTE cor Pinho/Off White - Artely,"R$ 429,90",,BRL,4.5,304,https://www.amazon.com.br/dp/B0BSVMZ2R5,https://m.media-amazon.com/images/I/51PNtAxCrLL._AC_UL960_FMwebp_QL65_.jpg,9,"R$ 357,00",False,False,False,False,Mais de 100 compras no mês passado,"Entrega R$ 32,84: 7 - 13 de ago.",False,,,,,
B07SQTTPWD,"UGREEN Capa para laptop de 13,3 polegadas, couro de camurça PU, macia, acolchoada com zíper, capa compatível com MacBook Air Pro 2021, 2020 e 2019, resistente à água, pasta protetora, cinza","R$ 133,46",,BRL,4.9,1169,https://www.amazon.com.br/dp/B07SQTTPWD,https://m.media-amazon.com/images/I/61EGtFF-PwL._AC_UL960_FMwebp_QL65_.jpg,14,"R$ 133,19",False,True,False,False,Mais de 100 compras no mês passado,"Entrega GRÁTIS: qua., 16 de jul.",False,Escolha,,,,
B0C6TVR37N,Roteador WI-FI MESH TWIBI FORCE AX,"R$ 275,63",,BRL,4.5,338,https://www.amazon.com.br/dp/B0C6TVR37N,https://m.media-amazon.com/images/I/41YDyRT1oEL._AC_UL960_FMwebp_QL65_.jpg,24,"R$ 270,00",False,False,False,False,Mais de 100 compras no mês passado,"Entrega GRÁTIS: qua., 16 de jul.",False,,,,,
B08CBNXKPG,Webcam USB Full HD 1080P WB com Microfone Ângulo 110° e Tripé,"R$ 169,90",,BRL,4.4,4587,https://www.amazon.com.br/dp/B08CBNXKPG,https://m.media-amazon.com/images/I/51HGTtcwklL._AC_UL960_FMwebp_QL65_.jpg,1,"R$ 169,90",False,False,False,False,Mais de 200 compras no mês passado,"Entrega GRÁTIS: qua., 16 de jul.",False,,,,,
B09X7DMBVF,"SanDisk Cartão 256GB Extreme PRO® microSD™ UHS-I com adaptador C10, U3, V30, A2, 200MB/s leitura 140MB/s escrita SDSQXCD-256G-GN6MA","R$ 249,00",,BRL,4.8,16903,https://www.amazon.com.br/dp/B09X7DMBVF,https://m.media-amazon.com/images/I/615YdkNEs1L._AC_UL960_FMwebp_QL65_.jpg,18,"R$ 244,99",False,False,False,False,Mais de 200 compras no mês passado,"Entrega GRÁTIS: seg., 21 de jul.",False,,,,,
B0CT9TKZ7R,Câmera de Segurança Dupla Wi-fi Smart Angulo Duplo A28B 3mp Icsee,"R$ 138,99",,BRL,4.4,306,https://www.amazon.com.br/dp/B0CT9TKZ7R,https://m.media-amazon.com/images/I/41A9hMVWfbL._AC_UL960_FMwebp_QL65_.jpg,26,"R$ 118,75",False,False,False,False,Mais de 200 compras no mês passado,"Entrega GRÁTIS: dom., 20 de jul.",False,,,,,
B083QYHX3K,"ULANZI Tripé para câmera, mini suporte flexível com suporte de telefone oculto com suporte para sapata fria, parafuso de 1/4 polegada para braço mágico, universal para câmeras iPhone","R$ 109,65","R$ 124,00",BRL,4.5,5145,https://www.amazon.com.br/dp/B083QYHX3K,https://m.media-amazon.com/images/I/61IX5oA3cKL._AC_UL960_FMwebp_QL65_.jpg,1,"R$ 109,65",False,False,True,False,Mais de 100 compras no mês passado,,False,Com Prime,,,,
B075KBBY8C,Telefone Sem Fio Digital Com Secretária Eletrônica TS 3130 Preto Intelbras,"R$ 188,89","R$ 209,90",BRL,4.7,2140,https://www.amazon.com.br/dp/B075KBBY8C,https://m.media-amazon.com/images/I/51fyUFWgjjL._AC_UL960_FMwebp_QL65_.jpg,18,"R$ 140,31",False,True,False,False,Mais de 100 compras no mês passado,"Entrega GRÁTIS: seg., 14 de jul.",False,Escolha,,,,
B07N7JDF9C,Cartão de Memória MicroSDXC 256GB Sandisk Ultra Classe 10 100MB/s,"R$ 159,90",,BRL,4.8,363,https://www.amazon.com.br/dp/B07N7JDF9C,https://m.media-amazon.com/images/I/51YXzpAbXmL._AC_UL960_FMwebp_QL65_.jpg,18,"R$ 122,90",False,False,False,False,Mais de 200 compras no mês passado,"Entrega GRÁTIS: dom., 20 de jul.",False,,,,,
B0BZMLBSYN,"FONE COM CANCELAMENTO DE RUÍDO E HI-RES W820NB PLUS - PRETO, Pequeno","R$ 463,60","R$ 529,00",BRL,4.6,719,https://www.amazon.com.br/dp/B0BZMLBSYN,https://m.media-amazon.com/images/I/61-1QzwDzCL._AC_UL960_FMwebp_QL65_.jpg,1,"R$ 463,60",False,False,True,False,Mais de 100 compras no mês passado,,True,Com Prime,,,,
B0CZQ55VPQ,Tripé para Câmera e Celular com Nível Bolsa e Suporte de celular Kit Tripod com controle remoto sem fio,"R$ 119,90",,BRL,4.7,144,https://www.amazon.com.br/dp/B0CZQ55VPQ,https://m.media-amazon.com/images/I/61p57sVtxXL._AC_UL960_FMwebp_QL65_.jpg,1,"R$ 119,90",False,False,False,False,Mais de 200 compras no mês passado,"Entrega GRÁTIS: sex., 18 de jul.",False,,,,,
B08LQQ824D,Mousepad Gamer Redragon Flicker 90 x 40 XL P032,"R$ 111,91","R$ 122,00",BRL,4.8,839,https://www.amazon.com.br/dp/B08LQQ824D,https://m.media-amazon.com/images/I/51MSieMa54L._AC_UL960_FMwebp_QL65_.jpg,5,"R$ 99,90",False,False,False,False,Mais de 50 compras no mês passado,"Entrega GRÁTIS: seg., 14 de jul.",False,,,,,
B0CKP1K97P,"Tripé Extensível de Alumínio ULANZI MT-79, Suporte de Luz Ajustável Portátil de 81&quot;, com Parafuso de 1/4&quot;, Tripé com Cabeça de Bola de 360° para Câmera, Luz de Vídeo e Smartphone, Leve para Viagens","R$ 141,95","R$ 167,00",BRL,4.5,472,https://www.amazon.com.br/dp/B0CKP1K97P,https://m.media-amazon.com/images/I/61E2fDOApzL._AC_UL960_FMwebp_QL65_.jpg,1,"R$ 141,95",False,False,True,False,Mais de 100 compras no mês passado,,False,Com Prime,,,,
B0DFWWKK2C,"Controle Remoto Smart TV Solarcell para TV Samsung UN43CU8000, Original","R$ 176,00",,BRL,4.7,93,https://www.amazon.com.br/dp/B0DFWWKK2C,https://m.media-amazon.com/images/I/51K2eZfH6fL._AC_UL960_FMwebp_QL65_.jpg,1,"R$ 176,00",False,False,False,True,Mais de 200 compras no mês passado,"Entrega GRÁTIS: qua., 16 de jul.",False,,,,,
B0D4PN8K52,Mochila Masculina Reforçada Grande para Notebook Trabalho Viagem Executiva Cabo de Aço Impermeável Antifurto com Saídas USB/Fone de Ouvido Unissex,"R$ 135,00",,BRL,4.7,722,https://www.amazon.com.br/dp/B0D4PN8K52,https://m.media-amazon.com/images/I/51ERRcFyAlL._AC_UL960_FMwebp_QL65_.jpg,1,"R$ 135,00",False,False,False,False,Mais de 100 compras no mês passado,Entrega R$ 30: 23 - 25 de jul.,False,,,,,
B088TVHP1F,Fone De Ouvido Gamer Headset Havit H2015D Pc/Xbox/Ps4/Ps5,"R$ 182,90",,BRL,4.6,1301,https://www.amazon.com.br/dp/B088TVHP1F,https://m.media-amazon.com/images/I/51L4C1i5kEL._AC_UL960_FMwebp_QL65_.jpg,1,"R$ 182,90",False,False,False,False,Mais de 200 compras no mês passado,"Entrega GRÁTIS: qua., 16 de jul.",False,,,,,
B0CVNMR68Z,"Combo de Teclado e Mouse Ergonômico Sem Fio HP 230 - com Dongle USB Wireless, Digitação Silenciosa, Design Elegante, Até 12 Meses de Bateria, Layout BR, Preto (18H24AA#AC4)","R$ 142,90",,BRL,4.7,562,https://www.amazon.com.br/dp/B0CVNMR68Z,https://m.media-amazon.com/images/I/71MW8ZR1vUL._AC_UL960_FMwebp_QL65_.jpg,1,"R$ 142,90",False,False,False,False,Mais de 100 compras no mês passado,"Entrega GRÁTIS: qua., 16 de jul.",False,,,,,
B0DKQHXC9P,Caixa de Som Speaker AIWA SP-03-B Bluetooth IPX4 RGB,"R$ 189,05",,BRL,4.4,14,https://www.amazon.com.br/dp/B0DKQHXC9P,https://m.media-amazon.com/images/I/91374fRziSL._AC_UL960_FMwebp_QL65_.jpg,7,"R$ 170,15",False,False,False,False,Mais de 100 compras no mês passado,"Entrega GRÁTIS: sex., 18 de jul.",False,,,,,
B0CXZ6KJ8Y,"Gabinete Gamer Redragon Wideload Pro - Mid Tower, USB 3.0+2.0, Aquário, Vidro Panorâmico - Branco","R$ 408,41","R$ 494,11",BRL,4.8,890,https://www.amazon.com.br/dp/B0CXZ6KJ8Y,https://m.media-amazon.com/images/I/61EFNhsLQ7L._AC_UL960_FMwebp_QL65_.jpg,1,"R$ 408,41",False,False,True,False,Mais de 100 compras no mês passado,,False,Oferta Prime Day,,,,
B0DX765QV9,"Smartwatch Militar Masculino,Relógio Inteligente com Chamadas,Tela HD de 1.39&quot;,2 Alças,100+ Modos Esportivos,Resistente à Água e Compatível com iOS e Android","R$ 254,00","R$ 299,00",BRL,4.4,812,https://www.amazon.com.br/dp/B0DX765QV9,https://m.media-amazon.com/images/I/71kU5N5GiKL._AC_UL960_FMwebp_QL65_.jpg,1,"R$ 254,00",False,False,True,False,Mais de 200 compras no mês passado,,False,Com Prime,,,,
B0CRKS5L4N,"ZDSSY HY320 Mini, Projetor Portatil 5G Wifi 6, Bluetooth 5.0 e Android 11, Suporte 4K e 720P Nativo, 12,000 Lumens, Projetor Led com 4D/4P e Auto de Correccao, 180° Giratorio, Zoom Eletronico","R$ 338,00",,BRL,4.2,1051,https://www.amazon.com.br/dp/B0CRKS5L4N,https://m.media-amazon.com/images/I/61iI1YYiJRL._AC_UL960_FMwebp_QL65_.jpg,31,"R$ 297,99",False,False,False,False,Mais de 200 compras no mês passado,"Entrega GRÁTIS: ter., 29 de jul.",False,,,,,
B0DP7NDDQJ,Teclado Membrana Gamer Redragon Netherbane Preto RGB K521-RGB,"R$ 108,98","R$ 121,29",BRL,4.6,105,https://www.amazon.com.br/dp/B0DP7NDDQJ,https://m.media-amazon.com/images/I/61hnQVBdBhL._AC_UL960_FMwebp_QL65_.jpg,8,"R$ 113,44",False,False,False,False,Mais de 100 compras no mês passado,"Entrega GRÁTIS: seg., 14 de jul.",False,,,,,
B0D4ZKJKBB,CAMERA DE SEGURANCA WI-FI 1080P FULL HD TP-LINK TAPO C100 BRANCO,"R$ 159,99",,BRL,4.6,345,https://www.amazon.com.br/dp/B0D4ZKJKBB,https://m.media-amazon.com/images/I/519Hw6bn8UL._AC_UL960_FMwebp_QL65_.jpg,6,"R$ 157,00",False,False,False,True,Mais de 100 compras no mês passado,"Entrega GRÁTIS: dom., 20 de jul.",False,,,,,
B0BSMGCWCL,SUPORTE PARA MONITOR 14&quot; A 32&quot; VESA 100X100 - SM420C – VINIK,"R$ 131,57",,BRL,4.6,580,https://www.amazon.com.br/dp/B0BSMGCWCL,https://m.media-amazon.com/images/I/41ZW1bRGKTL._AC_UL960_FMwebp_QL65_.jpg,15,"R$ 116,54",False,False,False,False,Mais de 100 compras no mês passado,"Entrega GRÁTIS: seg., 14 de jul.",False,,,,,
B0D5HSMNBM,Kit Mouse e teclado mecânico sem fio Redragon BS-8772 GC Verde,"R$ 136,31","R$ 211,40",BRL,3.6,15,https://www.amazon.com.br/dp/B0D5HSMNBM,https://m.media-amazon.com/images/I/61usvvBiy4L._AC_UL960_FMwebp_QL65_.jpg,1,"R$ 136,31",False,False,True,False,Mais de 50 compras no mês passado,,False,Oferta Prime Day,,,,
B0DYP42P73,"Gravador DVD Externo USB 3.0, Leitor Portátil Slim para PC e Notebook, Preto","R$ 107,99",,BRL,4.3,18,https://www.amazon.com.br/dp/B0DYP42P73,https://m.media-amazon.com/images/I/61kh7cgNWiL._AC_UL960_FMwebp_QL65_.jpg,1,"R$ 107,99",False,False,False,False,Mais de 200 compras no mês passado,"Entrega GRÁTIS: qua., 16 de jul.",False,,,,,
B0765LSCFY,"Suporte de TV Articulado de Parede, Função Avanço e Recuo, Giro Horizontal de Até 90°, VESA 100x100 a 400x400mm, 26&quot; a 75&quot;, Preto, A02V4N, ELG","R$ 189,00",,BRL,4.8,6140,https://www.amazon.com.br/dp/B0765LSCFY,https://m.media-amazon.com/images/I/51g1Li-cPPL._AC_UL960_FMwebp_QL65_.jpg,19,"R$ 156,00",False,False,False,True,Mais de 200 compras no mês passado,"Entrega GRÁTIS: qua., 16 de jul.",False,,,,,
B0D6NKHNRP,"Fone de Ouvido Com Fio, JBL, Quantum 100M2, Headset Gamer, Over Ear, Microfone Removível - Rosa","R$ 185,00",,BRL,4.6,89,https://www.amazon.com.br/dp/B0D6NKHNRP,https://m.media-amazon.com/images/I/61fSwY6XEiL._AC_UL960_FMwebp_QL65_.jpg,1,"R$ 185,00",False,False,False,False,Mais de 100 compras no mês passado,"Entrega GRÁTIS: qui., 7 de ago.",False,,,,,
B0BX8XKNYK,CAMERA INSTAX MINI 12 BRANCO MARFIM,"R$ 382,80","R$ 430,23",BRL,4.8,745,https://www.amazon.com.br/dp/B0BX8XKNYK,https://m.media-amazon.com/images/I/61WXXeDFcnL._AC_UL960_FMwebp_QL65_.jpg,12,"R$ 429,90",False,False,False,False,Mais de 200 compras no mês passado,"Entrega GRÁTIS: seg., 14 de jul.",False,,,,,
B0C6V4JGBW,Roteador Wi-Fi 6 Dual band W6-1500 Intelbras,"R$ 207,72","R$ 218,66",BRL,4.7,168,https://www.amazon.com.br/dp/B0C6V4JGBW,https://m.media-amazon.com/images/I/41t8aeGaMCL._AC_UL960_FMwebp_QL65_.jpg,1,"R$ 207,72",False,False,False,False,Mais de 300 compras no mês passado,"Entrega GRÁTIS: qua., 16 de jul.",False,,,,,
B08NC3GDC7,"ELG, HS8K30, Cabo HDMI 2.1V, Áudio e Vídeo, 8K, UltraHD, 3D Ready, 3 metros, High Speed Bandwidth 48Gbps, Conectores Banhados a Ouro 24k, Preto","R$ 104,58","R$ 122,64",BRL,4.8,3913,https://www.amazon.com.br/dp/B08NC3GDC7,https://m.media-amazon.com/images/I/510aqDzOZKL._AC_UL960_FMwebp_QL65_.jpg,4,"R$ 99,02",False,False,False,True,Mais de 100 compras no mês passado,"Entrega GRÁTIS: seg., 14 de jul.",False,,,,,
B0D9YYQ7X9,"Xiaomi Fones De Ouvido Intra-Auriculares Redmi Buds 6 Lite, Cancelamento De Ruído Ativo Dinâmico De 40 Db, Bateria Com Duração De Até 37 Horas, Membrana De Titânio Com 4 Configurações De Som, Cancel","R$ 179,00",,BRL,4.3,2384,https://www.amazon.com.br/dp/B0D9YYQ7X9,https://m.media-amazon.com/images/I/61pzQJFZBAL._AC_UL960_FMwebp_QL65_.jpg,7,"R$ 178,90",False,False,False,False,Mais de 200 compras no mês passado,"Entrega GRÁTIS: dom., 20 de jul.",False,,,,,
B07WD5VKVL,"HX432C16FB3K2/16 - Kit de Memórias HyperX Fury (2 de 8GB) DIMM DDR4 3200Mhz 1,2V para desktop","R$ 319,99",,BRL,4.3,2280,https://www.amazon.com.br/dp/B07WD5VKVL,https://m.media-amazon.com/images/I/61aDeyMWIsL._AC_UL960_FMwebp_QL65_.jpg,1,"R$ 319,99",False,False,False,False,Mais de 200 compras no mês passado,"Entrega GRÁTIS: sex., 1 de ago.",False,,,,,
B0D9P2X79L,"Fone de Ouvido Bluetooth, Basike BT21 Headphone Bluetooth, Redução de Ruído do ANC com Microfone, Certificação Hi-Pure Audio, 30 Horas de Duração da Bateria (Preto)","R$ 140,25","R$ 165,00",BRL,4.5,496,https://www.amazon.com.br/dp/B0D9P2X79L,https://m.media-amazon.com/images/I/71DkYuAlb1L._AC_UL960_FMwebp_QL65_.jpg,1,"R$ 140,25",False,False,True,False,Mais de 100 compras no mês passado,,True,Com Prime,,,,
B0CMZ3ZGRH,ROTEADOR GIGABIT WI-FI 6 AX3000 EX511 NACIONAL,"R$ 279,48","R$ 296,90",BRL,4.7,397,https://www.amazon.com.br/dp/B0CMZ3ZGRH,https://m.media-amazon.com/images/I/41bNFfmfejL._AC_UL960_FMwebp_QL65_.jpg,13,"R$ 242,25",False,False,False,False,Mais de 100 compras no mês passado,"Entrega GRÁTIS: seg., 14 de jul.",False,,,,,
B0DPSKVCQP,"Larmao Adaptador CarPlay Sem Fio, 2 em 1, Compatível com iOS e Android, Para Carro","R$ 129,99",,BRL,4.1,8,https://www.amazon.com.br/dp/B0DPSKVCQP,https://m.media-amazon.com/images/I/51rkndtZagL._AC_UL960_FMwebp_QL65_.jpg,4,"R$ 126,90",False,False,False,False,Mais de 50 compras no mês passado,"Entrega GRÁTIS: qua., 16 de jul.",False,,,,,
B08P7X6XNG,"Celular Positivo P28 Desbloqueado, Dual Chip, 2G, 32MB, Bluetooth, Tela Grande, Teclas Fáceis, Som Alto, Rádio FM, Bateria de Longa Duração – Preto","R$ 176,60",,BRL,4.4,1757,https://www.amazon.com.br/dp/B08P7X6XNG,https://m.media-amazon.com/images/I/512Ne+zYFAL._AC_UL960_FMwebp_QL65_.jpg,1,"R$ 176,60",False,False,False,False,Mais de 200 compras no mês passado,,False,,,,,
B0D95QVRJS,"Relogio Smartwatch Masculino e Feminino,Tela HD de 1,8&quot; Relógio Smartwatch com Alexa, 100 Esportes,Frequência Cardíaca e Monitoramento do Sono,IP68 à rova d&#x27;água,Compatível com Android iOS,2 Pulseiras","R$ 299,98",,BRL,4.5,30,https://www.amazon.com.br/dp/B0D95QVRJS,https://m.media-amazon.com/images/I/61+PYz3R4sL._AC_UL960_FMwebp_QL65_.jpg,1,"R$ 299,98",False,False,False,False,Mais de 100 compras no mês passado,"Entrega GRÁTIS: sex., 18 de jul.",False,,"Economize R$ 80,00 com o cupom",,,
B0CXHVCTW9,"GameSir G8 Galileo Phone Controller para Android e iPhone Série 15 (USB-C), controlador de jogos para celular com joysticks de efeito Hall, para jogar Xbox, Call of Duty, Fortnite e muito mais","R$ 305,10","R$ 339,00",BRL,4.6,10519,https://www.amazon.com.br/dp/B0CXHVCTW9,https://m.media-amazon.com/images/I/61FUXjnhfXL._AC_UL960_FMwebp_QL65_.jpg,1,"R$ 305,10",False,False,False,False,Mais de 200 compras no mês passado,Entrega GRÁTIS: 22 de jul. - 1 de ago.,True,Oferta,,Android,,
B0C9YPMDL6,"Baseus Bowie H1i ANC Headphone, Fone de Ouvido Bluetooth, Cancelamento de Ruído do ANC com Microfone, Certificação Hi-Res Audio, 100 Horas de Duração da Bateria (Preto)","R$ 269,90",,BRL,4.6,160,https://www.amazon.com.br/dp/B0C9YPMDL6,https://m.media-amazon.com/images/I/51rZ9K0TroL._AC_UL960_FMwebp_QL65_.jpg,1,"R$ 269,90",False,True,False,False,Mais de 200 compras no mês passado,"Entrega GRÁTIS: sex., 18 de jul.",True,Escolha,,,,
B094PS5RZQ,"Mouse gamer Razer DeathAdder Essential, Classic Black ECOLOGO","R$ 144,12","R$ 177,60",BRL,4.6,8723,https://www.amazon.com.br/dp/B094PS5RZQ,https://m.media-amazon.com/images/I/8189uwDnMkL._AC_UL960_FMwebp_QL65_.jpg,1,"R$ 144,12",False,False,False,True,Mais de 50 compras no mês passado,"Entrega GRÁTIS: qui., 14 de ago.",False,,,,,
B0DVLK9HCV,Teclado Membrana Gamer Redragon Netherbane Iluminação Rainbow Preto ABNT2 K521-R PT,"R$ 89,99","R$ 105,87",BRL,4.6,70,https://www.amazon.com.br/dp/B0DVLK9HCV,https://m.media-amazon.com/images/I/61M0y+s7sCL._AC_UL960_FMwebp_QL65_.jpg,9,"R$ 96,00",False,False,False,False,Mais de 300 compras no mês passado,"Entrega GRÁTIS: sex., 18 de jul.",False,,,,,
B098LG3N6R,"MageGee Teclado portátil 60% mecânico para jogos, MK-Box LED retroiluminado compacto de 68 teclas, mini teclado de escritório com fio com interruptor vermelho para Windows, laptop, PC, Mac -","R$ 210,00",,BRL,4.4,8878,https://www.amazon.com.br/dp/B098LG3N6R,https://m.media-amazon.com/images/I/61Q56A7UfNL._AC_UL960_FMwebp_QL65_.jpg,1,"R$ 210,00",False,False,False,False,Mais de 200 compras no mês passado,"Entrega GRÁTIS: qua., 16 de jul.",False,,,,,
B0BM4SD7CK,"Receptor Digital Vivensis TV, Full HD Smart via Satélite VX10, Preto Bivolt","R$ 106,17","R$ 116,27",BRL,4.7,585,https://www.amazon.com.br/dp/B0BM4SD7CK,https://m.media-amazon.com/images/I/61qK-CBtznL._AC_UL960_FMwebp_QL65_.jpg,1,"R$ 106,17",False,False,False,False,Mais de 200 compras no mês passado,"Entrega GRÁTIS: ter., 5 de ago.",False,Economize 8%,,,,
B0DB4LXDP7,"8BitDo Ultimate 2C Wireless Controller for Windows PC and Android, with Hall Effect Joysticks and Hall Triggers, 1000Hz Polling Rate, and Remappable L4/R4 Bumpers - Black Myth: Wukong","R$ 239,70",,BRL,4.5,787,https://www.amazon.com.br/dp/B0DB4LXDP7,https://m.media-amazon.com/images/I/61PP+GB7h3L._AC_UL960_FMwebp_QL65_.jpg,1,"R$ 239,70",False,False,False,False,Mais de 100 compras no mês passado,Entrega GRÁTIS: 12 - 25 de ago.,True,,,Windows,,
B08ZJWR4YM,"Redragon, K568W-R (PT-BLUE), Teclado Mecânico Gamer Dark Avenger, Rainbow Switch, Branco Lunar White","R$ 170,91",,BRL,4.8,402,https://www.amazon.com.br/dp/B08ZJWR4YM,https://m.media-amazon.com/images/I/61lYT1Wx+6L._AC_UL960_FMwebp_QL65_.jpg,9,"R$ 153,82",False,False,False,False,Mais de 100 compras no mês passado,"Entrega GRÁTIS: seg., 14 de jul.",False,,,,,
B09V6N8W48,"Smart Câmera Bot Wi-Fi 360° Positivo Casa Inteligente 2ª Geração, 1080p Full HD, 15 FPS, Detecção de Movimentos, Visão Noturna, Áudio Bidirecional - Bivolt, Compatível com Alexa","R$ 229,00","R$ 250,32",BRL,4.5,3298,https://www.amazon.com.br/dp/B09V6N8W48,https://m.media-amazon.com/images/I/41X6azTI94L._AC_UL960_FMwebp_QL65_.jpg,1,"R$ 229,00",False,False,False,False,Mais de 100 compras no mês passado,"Entrega GRÁTIS: seg., 14 de jul.",False,,,,,
B0D483S6YY,Suporte Braço Articulado ON-F90 para Monitor 17 A 30 Pol Ajustável,"R$ 139,99",,BRL,4.7,633,https://www.amazon.com.br/dp/B0D483S6YY,https://m.media-amazon.com/images/I/51tyQCy8CGL._AC_UL960_FMwebp_QL65_.jpg,1,"R$ 139,99",False,False,False,False,Mais de 50 compras no mês passado,"Entrega GRÁTIS: seg., 21 de jul.",False,,,,,
B0DC9RVRGL,"Basike Fone de Ouvido Bluetooth 5.4, ANC Cancelamento de Ruído Ativo Headphone com Microfone, Certificação Hi-Pure Audio, 30h Bateria, LE29 (Preto)","R$ 142,80","R$ 168,00",BRL,4.6,195,https://www.amazon.com.br/dp/B0DC9RVRGL,https://m.media-amazon.com/images/I/61Z2WBoVs1L._AC_UL960_FMwebp_QL65_.jpg,1,"R$ 142,80",False,False,True,False,Mais de 100 compras no mês passado,,True,Com Prime,,,,
B07BB4BY7Z,"Repetidor TP-Link Wi-Fi AC1750, RE450","R$ 365,99","R$ 390,00",BRL,4.7,1415,https://www.amazon.com.br/dp/B07BB4BY7Z,https://m.media-amazon.com/images/I/41MRgtnOPCL._AC_UL960_FMwebp_QL65_.jpg,1,"R$ 365,99",False,False,False,False,Mais de 200 compras no mês passado,"Entrega GRÁTIS: dom., 20 de jul.",False,Economize 6%,,,,
B0DBBFFVG2,"Celular Positivo P26 4G Tela 1,8&quot;, Câmera traseira, 48MB RAM 128MB, Bluetooth, Modem Tethering - Preto","R$ 139,65","R$ 154,90",BRL,3.9,35,https://www.amazon.com.br/dp/B0DBBFFVG2,https://m.media-amazon.com/images/I/41ZIGp2ZujL._AC_UL960_FMwebp_QL65_.jpg,1,"R$ 139,65",False,False,False,False,Mais de 100 compras no mês passado,"Entrega GRÁTIS: sex., 18 de jul.",False,,,,,
B0DLLHSJTZ,Aiwa Caixa de Som Speaker SP-03-BL Bluetooth IPX4 RGB,"R$ 175,23","R$ 194,70",BRL,4.9,18,https://www.amazon.com.br/dp/B0DLLHSJTZ,https://m.media-amazon.com/images/I/9155sk9Ux+L._AC_UL960_FMwebp_QL65_.jpg,1,"R$ 175,23",False,False,False,False,Mais de 100 compras no mês passado,"Entrega GRÁTIS: dom., 20 de jul.",False,,,,,
B0DWZXHKJB,"Smartwatch Feminino, Tela HD de 1,83&quot; Relógio Fitness com Alexa, 100 Esportes, Frequência Cardíaca e Monitoramento do Sono, IP68 à rova d&#x27;água, Compatível com Android iOS, 2 Pulseiras (Rosa)","R$ 219,98","R$ 299,98",BRL,4.6,11,https://www.amazon.com.br/dp/B0DWZXHKJB,https://m.media-amazon.com/images/I/71nfgNZul2L._AC_UL960_FMwebp_QL65_.jpg,1,"R$ 219,98",False,False,True,False,Mais de 100 compras no mês passado,,False,Com Prime,,,,
B0DYW695S1,Vídeo Game Retrô Game Stick Lite 4k Hdmi 64gb 20.000 Mil Jogos Com 2 Controles Sem Fio,"R$ 152,90",,BRL,3.7,32,https://www.amazon.com.br/dp/B0DYW695S1,https://m.media-amazon.com/images/I/618BmYD9yRL._AC_UL960_FMwebp_QL65_.jpg,1,"R$ 152,90",False,False,False,False,Mais de 200 compras no mês passado,"Entrega GRÁTIS: qua., 16 de jul.",False,,,,,
B0DFYMT56K,"Fones de Ouvido Abertos QCY Crossky C30, Fones Bluetooth 5.4 com Clipe, Conforto Leve, Ajuste Estável, 25 Horas de Reprodução (Preto)","R$ 228,65","R$ 269,00",BRL,4.3,116,https://www.amazon.com.br/dp/B0DFYMT56K,https://m.media-amazon.com/images/I/51s23mxRiYL._AC_UL960_FMwebp_QL65_.jpg,1,"R$ 228,65",False,False,True,False,Mais de 100 compras no mês passado,,True,Com Prime,,,,
B0D2Q5XJY9,"UGREEN Uno Estação de Ancoragem para Laptop, 6 em 1 Hub USB C com 4K 60Hz HDMI, 4 USB C &amp; A 3.2 de 10 Gbps, 100W PD, Docking Station Compatíveis com MacBook Pro/Air, iPad Pro, Surface, XPS, Thinkpad","R$ 208,97",,BRL,4.4,1329,https://www.amazon.com.br/dp/B0D2Q5XJY9,https://m.media-amazon.com/images/I/71s8EgY1riL._AC_UL960_FMwebp_QL65_.jpg,6,"R$ 179,00",False,False,False,False,Mais de 100 compras no mês passado,Entrega GRÁTIS: 23 - 25 de jul.,False,,,,,
B0BDGMNF6V,"Headset Gamer HyperX Cloud Stinger 2 Core PS5 - para PlayStation, Headset Leve, Microfone com Função de Girar para Silenciar, Drivers de 40 mm, Branco (6H9B5AA)","R$ 294,11",,BRL,4.7,1048,https://www.amazon.com.br/dp/B0BDGMNF6V,https://m.media-amazon.com/images/I/61GywIq-pwL._AC_UL960_FMwebp_QL65_.jpg,5,"R$ 219,11",False,False,False,False,Mais de 200 compras no mês passado,"Entrega GRÁTIS: seg., 14 de jul.",False,,,,,
B0CFZST5DV,"QCY H3 ANC Fone de Ouvido Bluetooth, Headphone com Cancelamento de Ruido, Hi-Res Audio, 60 horas Reprodução, Preto","R$ 254,15","R$ 299,00",BRL,4.8,2026,https://www.amazon.com.br/dp/B0CFZST5DV,https://m.media-amazon.com/images/I/61LRJL3l2fL._AC_UL960_FMwebp_QL65_.jpg,1,"R$ 254,15",False,False,True,False,Mais de 50 compras no mês passado,,True,Com Prime,,,,
B0DCP88ZLQ,"Gshield Adaptador Universal de Tomada para Viagem Internacional e Carregador Turbo Power Delivery com USB C 20W + USB A, Bivolt, Preto","R$ 99,45","R$ 117,00",BRL,4.3,55,https://www.amazon.com.br/dp/B0DCP88ZLQ,https://m.media-amazon.com/images/I/51oIfIXPhjL._AC_UL960_FMwebp_QL65_.jpg,1,"R$ 99,45",False,False,True,False,Mais de 100 compras no mês passado,,False,Oferta Prime Day,,,,
B0C6B19HQ9,Câmera Inteligente Full HD iM5 SC Preta Intelbras,"R$ 373,50","R$ 415,03",BRL,4.7,318,https://www.amazon.com.br/dp/B0C6B19HQ9,https://m.media-amazon.com/images/I/41yXOc9-9HL._AC_UL960_FMwebp_QL65_.jpg,21,"R$ 337,97",False,False,False,True,Mais de 100 compras no mês passado,"Entrega GRÁTIS: seg., 14 de jul.",False,,,,,
B0C94RRP2H,Case Bolsa Bag Polo Culture Compatível com Jbl Partybox Encore C/Bolso P/Microfones,"R$ 195,90",,BRL,4.8,792,https://www.amazon.com.br/dp/B0C94RRP2H,https://m.media-amazon.com/images/I/614VhJSGUfL._AC_UL960_FMwebp_QL65_.jpg,1,"R$ 195,90",False,False,False,True,Mais de 100 compras no mês passado,"Entrega GRÁTIS: seg., 21 de jul.",False,,,,,
B0B6KGZ2RK,Teclado Mecanico Gamer Fizz Rainbow Preto Switch Marrom,"R$ 169,92",,BRL,4.7,364,https://www.amazon.com.br/dp/B0B6KGZ2RK,https://m.media-amazon.com/images/I/61ygOAYPNVL._AC_UL960_FMwebp_QL65_.jpg,12,"R$ 143,65",False,False,False,False,Mais de 100 compras no mês passado,"Entrega GRÁTIS: seg., 14 de jul.",False,,,,,
B0DHYJGPL5,"Gshield Carregador de Parede Universal 3 em 1 Power Delivery 23W Tipo C Ultra Rápido + USB A e Base de Carregamento Magnética Sem Fio para Apple Watch Integrada, Survivor, Branco","R$ 179,99",,BRL,4.6,158,https://www.amazon.com.br/dp/B0DHYJGPL5,https://m.media-amazon.com/images/I/51KJv2qLMmL._AC_UL960_FMwebp_QL65_.jpg,1,"R$ 179,99",False,False,False,False,Mais de 100 compras no mês passado,"Entrega GRÁTIS: qua., 16 de jul.",False,,,,,
B0FC5Q71Y4,"Memória RAM Кingston Fury Beast 16GB DDR4 3200MHz CL16 para Desktop – Preto, 1.35V, Alto Desempenho para PC Gamer – KF432C16BB/16","R$ 279,99",,BRL,5,3,https://www.amazon.com.br/dp/B0FC5Q71Y4,https://m.media-amazon.com/images/I/41wLqGNlJPL._AC_UL960_FMwebp_QL65_.jpg,1,"R$ 279,99",False,False,False,False,Mais de 100 compras no mês passado,"Entrega GRÁTIS: sex., 1 de ago.",False,,,,,
B08BXJS4GC,Microsoft 365 Personal,"R$ 349,97",,BRL,4.8,4653,https://www.amazon.com.br/dp/B08BXJS4GC,https://m.media-amazon.com/images/I/71kXAlPx+1L._AC_UL960_FMwebp_QL65_.jpg,1,"R$ 349,97",False,False,False,False,Mais de 200 compras no mês passado,"Entrega GRÁTIS: dom., 20 de jul.",False,,,,,
B0CX5D3MZ9,"Caixa de Som, JBL, Go 4, Bluetooth, Portátil, Auracast, À Prova D&#x27;água e Poeira - Branca Recycled Content Certification for Electrical and Electronic Equipment","R$ 273,46",,BRL,4.8,792,https://www.amazon.com.br/dp/B0CX5D3MZ9,https://m.media-amazon.com/images/I/714QGfHBB9L._AC_UL960_FMwebp_QL65_.jpg,32,"R$ 226,87",False,False,False,True,Mais de 100 compras no mês passado,"Entrega GRÁTIS: seg., 14 de jul.",False,,,,,
B0C3LM97TM,"FIFNE Fone de ouvido para jogos de PC, fone de ouvido USB com som surround 7.1, microfone removível, caixa de controle, conector de 3,5 mm,com fio sobre a orelha para PS5/Xbox/Switch-H9 preto Global Recycled Standard","R$ 212,49","R$ 249,99",BRL,4.6,1736,https://www.amazon.com.br/dp/B0C3LM97TM,https://m.media-amazon.com/images/I/71Gg5anubrL._AC_UL960_FMwebp_QL65_.jpg,1,"R$ 212,49",False,False,True,True,Mais de 100 compras no mês passado,Estimativa de envio de 3 a 4 dias,True,Com Prime,,,,
B082HNHGKC,"Geonav Power Bank, Carregador Portátil Universal 20.000mAh, 2 saídas USB QC 3.0 para carregamento rápido + 1 saída USB-C (PD) até 18W, até 7 recargas, PB20KBK, Preto","R$ 185,33",,BRL,4.6,2841,https://www.amazon.com.br/dp/B082HNHGKC,https://m.media-amazon.com/images/I/516rnC-gf8L._AC_UL960_FMwebp_QL65_.jpg,5,"R$ 149,00",False,False,False,False,Mais de 50 compras no mês passado,"Entrega GRÁTIS: seg., 14 de jul.",False,,,,,
B0CSDYXNPD,"Roteador, HUAWEI WiFi AX3S, Wi-Fi 6 Plus 3000MPS, Vizualização de diagnósticos WI-Fi, Controle dos Pais, Preto","R$ 215,00","R$ 254,13",BRL,4.6,181,https://www.amazon.com.br/dp/B0CSDYXNPD,https://m.media-amazon.com/images/I/61S7iDOpqbL._AC_UL960_FMwebp_QL65_.jpg,8,"R$ 240,00",False,False,False,False,Mais de 100 compras no mês passado,"Entrega GRÁTIS: seg., 14 de jul.",False,,,,,
B0DRFBDDQP,"Power Bank, Carregador Portátil de 20000mAh com Carga Rápida, Múltiplas Portas, Led Indicador de Bateria, Design Leve e Proteção Inteligente para Dispositivos iOS e Android USB Type-C, Preto","R$ 132,98","R$ 199,99",BRL,4.6,22,https://www.amazon.com.br/dp/B0DRFBDDQP,https://m.media-amazon.com/images/I/61M3YwxcweL._AC_UL960_FMwebp_QL65_.jpg,1,"R$ 132,98",False,False,True,False,Mais de 50 compras no mês passado,,False,Oferta Prime Day,,,,
B0CX22K9TP,Cabo Apple Lightning para USB (1 m),"R$ 189,00","R$ 202,98",BRL,4.7,2032,https://www.amazon.com.br/dp/B0CX22K9TP,https://m.media-amazon.com/images/I/614z32X4dQL._AC_UL960_FMwebp_QL65_.jpg,4,"R$ 172,53",False,False,False,False,Mais de 100 compras no mês passado,"Entrega GRÁTIS: seg., 14 de jul.",False,,,,,
B0CXTB45X4,"HAYLOU Solar Pro Smartwatch,1.43&quot;AMOLED Display Bluetooth Telefone Chamada Relógio Inteligente para Homens,Assistente de Voz,IP68","R$ 226,99",,BRL,4.5,355,https://www.amazon.com.br/dp/B0CXTB45X4,https://m.media-amazon.com/images/I/71ZZN-aPvKL._AC_UL960_FMwebp_QL65_.jpg,5,"R$ 215,99",False,False,False,False,Mais de 100 compras no mês passado,"Entrega GRÁTIS: ter., 26 de ago.",False,,,,,
B08JKJDM62,TOSHIBA HD Externo Portátil 1TB Canvio Advance USB 3.0 Verde - HDTCA10XG3AA,"R$ 399,00",,BRL,4.8,15424,https://www.amazon.com.br/dp/B08JKJDM62,https://m.media-amazon.com/images/I/716rLc3XwyL._AC_UL960_FMwebp_QL65_.jpg,1,"R$ 399,00",False,False,False,False,Mais de 200 compras no mês passado,"Entrega GRÁTIS: ter., 15 de jul.",False,,,,,
B0CZPK4JBV,Samsung Carregador de parede Super Fast Charging 25W (COM CABO),"R$ 141,78","R$ 158,90",BRL,4.8,298,https://www.amazon.com.br/dp/B0CZPK4JBV,https://m.media-amazon.com/images/I/519yjiwEQDL._AC_UL960_FMwebp_QL65_.jpg,13,"R$ 123,00",False,False,False,False,Mais de 100 compras no mês passado,"Entrega GRÁTIS: dom., 20 de jul.",False,,,,,
B0D5DR4HMR,"Carregador Portátil Samsung EB-P3400 de 10.000mah, 2 entradas USB-C Super Rápido - 25W","R$ 165,00",,BRL,4.2,232,https://www.amazon.com.br/dp/B0D5DR4HMR,https://m.media-amazon.com/images/I/410XKlKHNAL._AC_UL960_FMwebp_QL65_.jpg,2,"R$ 165,00",False,False,False,False,Mais de 200 compras no mês passado,,False,,,,,
B0DLZGQM4W,"Carregador Solar Portátil 20000mAh, Banco de Energia BLACKULTRA com Lanterna LED, Power Bank para Celulares, Tablets, Camping, Viagens, Emergências, Resistente e Durável, Preto","R$ 107,98","R$ 119,98",BRL,3.9,57,https://www.amazon.com.br/dp/B0DLZGQM4W,https://m.media-amazon.com/images/I/51e4YJDfimL._AC_UL960_FMwebp_QL65_.jpg,14,"R$ 88,00",False,False,False,False,Mais de 100 compras no mês passado,"Entrega GRÁTIS: sex., 18 de jul.",False,Oferta,,,,
B0F6D2CWS7,"Relógio Digital Feminino Masculino Smartwatch Inteligente Bluetooth, Full Touch a Prova d &#x27;água IP68 com 120+ Modos de Exercício e Esporte, Preto","R$ 129,99","R$ 149,99",BRL,4.6,13,https://www.amazon.com.br/dp/B0F6D2CWS7,https://m.media-amazon.com/images/I/61oxx+xFfuL._AC_UL960_FMwebp_QL65_.jpg,1,"R$ 129,99",False,False,True,False,,,False,Com Prime,"Economize R$ 10,00 com o cupom",,,
B0CJMPGK2N,"FONE TWS BLUETOOTH 5.3 A.I EDIFIER W110T - PRETO, Pequeno","R$ 164,00",,BRL,4.5,1017,https://www.amazon.com.br/dp/B0CJMPGK2N,https://m.media-amazon.com/images/I/51b6HiBncoL._AC_UL960_FMwebp_QL65_.jpg,1,"R$ 164,00",False,False,False,False,Mais de 100 compras no mês passado,"Entrega GRÁTIS: sex., 18 de jul.",True,,,,,
B073VM7PD5,Filme Fujifilm Instax Mini Macaron - 10 fotos,"R$ 133,74",,BRL,4.8,274217,https://www.amazon.com.br/dp/B073VM7PD5,https://m.media-amazon.com/images/I/51knLC5UCfL._AC_UL960_FMwebp_QL65_.jpg,1,"R$ 133,74",False,False,False,False,,,False,,,,,
B0CJZV2Y8X,Controle remoto por voz com Alexa e com comandos de TV - requer dispositivo Fire TV compatível,"R$ 199,00",,BRL,4.7,146,https://www.amazon.com.br/dp/B0CJZV2Y8X,https://m.media-amazon.com/images/I/51toYKbERhL._AC_UL960_FMwebp_QL65_.jpg,1,"R$ 199,00",False,False,False,False,Mais de 100 compras no mês passado,"Entrega GRÁTIS: qua., 16 de jul.",False,,,,,
B093BJ4S9P,"UGREEN Hub USB C 4K 60 Hz, adaptador USB C para USB 6 em 1 com PD de 100 W, adaptador HDMI, USB3.0, leitor de cartão SD/TF, adaptador multiporta USB-C dongle tipo C para MacBook Pro Air, iPho","R$ 253,11",,BRL,4.5,776,https://www.amazon.com.br/dp/B093BJ4S9P,https://m.media-amazon.com/images/I/619+2qE7RCL._AC_UL960_FMwebp_QL65_.jpg,5,"R$ 248,40",False,False,False,False,Mais de 300 compras no mês passado,Entrega GRÁTIS: 23 - 25 de jul.,False,,,,,
B0F1VDVQ46,"Gshield Mini Teclado Dobrável Bluetooth Sem Fio para Celular, Tablet e Computador, Teclas ABS Padrão ABNT2, Armor 30x8,5cm (Preto)","R$ 119,90","R$ 219,00",BRL,3.5,3,https://www.amazon.com.br/dp/B0F1VDVQ46,https://m.media-amazon.com/images/I/51mdBxradJL._AC_UL960_FMwebp_QL65_.jpg,1,"R$ 119,90",False,False,True,False,Mais de 50 compras no mês passado,,False,Oferta Prime Day,,,,
B07479LGLT,"UGREEN Organizador eletrônico Bolsa de armazenamento para organizador de cabos de viagem para cabos de dados, carregador USB C, cartão SD, disco rígido, cabo de carregamento, mouse, banco de","R$ 117,75",,BRL,4.7,6513,https://www.amazon.com.br/dp/B07479LGLT,https://m.media-amazon.com/images/I/71M4nhCcnpL._AC_UL960_FMwebp_QL65_.jpg,8,"R$ 116,26",False,False,False,False,Mais de 100 compras no mês passado,"Entrega GRÁTIS: seg., 14 de jul.",False,,,,,
B0B6KV6TMT,Redragon TECLADO MECANICO GAMER FIZZ RGB BRANCO SWITCH MARROM,"R$ 212,36",,BRL,4.7,266,https://www.amazon.com.br/dp/B0B6KV6TMT,https://m.media-amazon.com/images/I/61QT7iNsijL._AC_UL960_FMwebp_QL65_.jpg,1,"R$ 212,36",False,False,False,False,Mais de 100 compras no mês passado,"Entrega GRÁTIS: seg., 14 de jul.",False,,,,,
B0785HJ5Z3,Cabo IPhone/Lightning + USB-C I2GO Certificado MFi 2m 3A Nylon Trançado Chumbo - I2GO PRO,"R$ 98,71","R$ 116,52",BRL,4.6,1299,https://www.amazon.com.br/dp/B0785HJ5Z3,https://m.media-amazon.com/images/I/518rsb89gKL._AC_UL960_FMwebp_QL65_.jpg,1,"R$ 98,71",False,False,False,False,Mais de 100 compras no mês passado,"Entrega GRÁTIS: seg., 14 de jul.",False,,,,,
B0CDMB5ZQW,"Fone de Ouvido Sem Fio, HUAWEI FreeBuds SE 2, Até 40 Horas de Bateria, Compacto e Confortável, Até 3 Horas de Música com Uma Carga de 10 Minutos, Branco","R$ 183,37",,BRL,4.5,8542,https://www.amazon.com.br/dp/B0CDMB5ZQW,https://m.media-amazon.com/images/I/51VRW+4dYgL._AC_UL960_FMwebp_QL65_.jpg,9,"R$ 181,78",False,False,False,False,Mais de 100 compras no mês passado,"Entrega GRÁTIS: seg., 14 de jul.",True,,,,,
B0CKJNCZ8P,Carregador Portátil (Power Bank) i2GO Pocket 5000mAh - Modelo Lightning- Bivolt,"R$ 132,43","R$ 141,48",BRL,4.2,398,https://www.amazon.com.br/dp/B0CKJNCZ8P,https://m.media-amazon.com/images/I/61nHcSa96BL._AC_UL960_FMwebp_QL65_.jpg,4,"R$ 92,72",False,False,False,False,Mais de 100 compras no mês passado,"Entrega GRÁTIS: seg., 14 de jul.",False,,,,,
B0CM3GN2DG,"Boya OMIC Microfone sem fio USB C para Android, vida útil da bateria 18H, microfone de lapela com clipe duplo USB tipo C para smartphone Android/tipo C, laptop, gravação de vídeo em podcast, YouTube,","R$ 253,25","R$ 284,68",BRL,3.9,156,https://www.amazon.com.br/dp/B0CM3GN2DG,https://m.media-amazon.com/images/I/71Tade0OsUL._AC_UL960_FMwebp_QL65_.jpg,1,"R$ 253,25",False,False,True,False,Mais de 50 compras no mês passado,,False,Oferta Prime Day,,,,
B07V3S6CTN,Fonte Gamemax Gs600 600w 80 Plus White Pfc Ativo Preta,"R$ 299,97",,BRL,4.7,1054,https://www.amazon.com.br/dp/B07V3S6CTN,https://m.media-amazon.com/images/I/71BVs22e9TL._AC_UL960_FMwebp_QL65_.jpg,1,"R$ 299,97",False,False,False,False,Mais de 50 compras no mês passado,"Entrega GRÁTIS: seg., 4 de ago.",False,,,,,
B0C4RHCVSK,"Gabinete Gamer Hayom, 4 Fans rgb, Lateral e Frontal Em Vidro Temperado, Preto - GB1749","R$ 197,90","R$ 246,00",BRL,4.4,386,https://www.amazon.com.br/dp/B0C4RHCVSK,https://m.media-amazon.com/images/I/51dj8CAGvcL._AC_UL960_FMwebp_QL65_.jpg,1,"R$ 197,90",False,False,False,False,Mais de 100 compras no mês passado,"Entrega GRÁTIS: qui., 7 de ago.",False,,,,,
B09P1Y251R,Som Automotivo Roadstar Bluetooth/Micro SD/USB/FM/ISO/MP3/Aux Com Controle Remoto Painel LED Fixo 7 Cores RS2750BR Plus,"R$ 145,88","R$ 169,00",BRL,4.5,510,https://www.amazon.com.br/dp/B09P1Y251R,https://m.media-amazon.com/images/I/61DOOXu26cL._AC_UL960_FMwebp_QL65_.jpg,1,"R$ 145,88",False,True,False,False,Mais de 100 compras no mês passado,"Entrega GRÁTIS: sex., 18 de jul.",False,Escolha,,,,
B08P2K1J73,"Edifier W800BT PLUS - Fone de Ouvido Headset, Bluetooth 5.1, Preto","R$ 288,00",,BRL,4.8,10369,https://www.amazon.com.br/dp/B08P2K1J73,https://m.media-amazon.com/images/I/61h7rfg6lnL._AC_UL960_FMwebp_QL65_.jpg,7,"R$ 259,20",False,False,False,False,Mais de 100 compras no mês passado,"Entrega GRÁTIS: sex., 18 de jul.",True,,,,,
B0DWN38Z1K,"Fone de Ouvido Bluetooth TWS Basike G20-H Estéreo, Toque Sensível, 6h de Música, Bateria Recarregável, Bluetooth 5.4 (Branco)","R$ 114,75","R$ 135,00",BRL,4.5,85,https://www.amazon.com.br/dp/B0DWN38Z1K,https://m.media-amazon.com/images/I/516MmZ3P3RL._AC_UL960_FMwebp_QL65_.jpg,1,"R$ 114,75",False,False,True,False,Mais de 50 compras no mês passado,,True,Com Prime,,,,
B0C1QFVYQJ,Teclado Mecânico Gamer Redragon Kumara Pro RGB Switch Marrom Preto - K552RGB-BRS-B,"R$ 345,00","R$ 363,84",BRL,4.7,297,https://www.amazon.com.br/dp/B0C1QFVYQJ,https://m.media-amazon.com/images/I/51aZ6eBk7LL._AC_UL960_FMwebp_QL65_.jpg,1,"R$ 345,00",False,False,False,False,Mais de 100 compras no mês passado,"Entrega GRÁTIS: seg., 14 de jul.",False,,,,,
B0DJK3PZ7Z,"Suporte ajustável para laptop, Suporte para notebook e tablet, Suporte ergonomico para notebook, MacBook Air/Pro, Lenovo, Dell More10-17 Laptop","R$ 184,00",,BRL,4.8,128,https://www.amazon.com.br/dp/B0DJK3PZ7Z,https://m.media-amazon.com/images/I/61HtrBtq9oL._AC_UL960_FMwebp_QL65_.jpg,1,"R$ 184,00",False,False,False,False,Mais de 100 compras no mês passado,"Entrega GRÁTIS: qua., 16 de jul.",False,,Economize 10% com o cupom,,,
B0C4D8SCCQ,"UGREEN Cabo USB C para DisplayPort 1.4 8K a 60 Hz 4K a 240 Hz Thunderbolt 4/3 para cabo DisplayPort USB C para DP 1.4 32,4 Gbps trançado compatível com iPhone 15, MacBook Pro/Air, iPad, Mac M","R$ 105,21",,BRL,4.7,3029,https://www.amazon.com.br/dp/B0C4D8SCCQ,https://m.media-amazon.com/images/I/712r7Iix4ZL._AC_UL960_FMwebp_QL65_.jpg,1,"R$ 105,21",False,False,False,False,Mais de 100 compras no mês passado,Entrega GRÁTIS: 23 - 25 de jul.,False,,,,,
B07Y5MWJPK,"Teclado Gamer Membrana Redragon Karura 2 RGB ABNT2 Preto - K502RGB, UNICO","R$ 168,75",,BRL,4.6,1219,https://www.amazon.com.br/dp/B07Y5MWJPK,https://m.media-amazon.com/images/I/51ChZDbWQzL._AC_UL960_FMwebp_QL65_.jpg,4,"R$ 142,34",False,False,False,False,Mais de 100 compras no mês passado,"Entrega GRÁTIS: seg., 14 de jul.",False,,,,,
B07GTTRBLV,"Redragon MOUSE GAMER GRIFFIN PRETO COM LED RGB - M607, UNICO","R$ 129,90",,BRL,4.8,2612,https://www.amazon.com.br/dp/B07GTTRBLV,https://m.media-amazon.com/images/I/519GEp93g3L._AC_UL960_FMwebp_QL65_.jpg,3,"R$ 99,73",False,False,False,False,Mais de 100 compras no mês passado,"Entrega GRÁTIS: qua., 16 de jul.",False,,,,,
B08KFL3SFV,"Microfone Condensador USB HyperX Solocast - Alta Resolução de 24 bits/96 kHz, Sensor de Toque-para-Silenciar com indicador de LED, Cardióide, para Streaming, Podcasts, Jogos, Preto (4P5P8AA)","R$ 347,82",,BRL,4.8,19563,https://www.amazon.com.br/dp/B08KFL3SFV,https://m.media-amazon.com/images/I/61qh7VG4pCL._AC_UL960_FMwebp_QL65_.jpg,5,"R$ 294,85",False,False,False,False,Mais de 100 compras no mês passado,"Entrega GRÁTIS: seg., 14 de jul.",False,,,,,
B0D7QNDSVT,Capa Dell Pro 15-16 EcoLoop Urban - CV4625,"R$ 119,00","R$ 144,43",BRL,4.6,95,https://www.amazon.com.br/dp/B0D7QNDSVT,https://m.media-amazon.com/images/I/81V7nYPS7mL._AC_UL960_FMwebp_QL65_.jpg,2,"R$ 107,10",False,False,False,False,Mais de 100 compras no mês passado,"Entrega GRÁTIS: seg., 14 de jul.",False,,,,,
B0BJJH4L5W,"Caixa Amplificada, Mondial, Preto, 150W RMS, Bivolt - CM-150","R$ 221,00","R$ 244,23",BRL,4.6,359,https://www.amazon.com.br/dp/B0BJJH4L5W,https://m.media-amazon.com/images/I/61cmlaEP4WL._AC_UL960_FMwebp_QL65_.jpg,1,"R$ 221,00",False,False,False,False,Mais de 100 compras no mês passado,"Entrega GRÁTIS: qua., 6 de ago.",False,,,,,
B0D364W7YK,Caixa de Som Speaker Philco PBS45BT Extreme Bluetooth V5.3 40W,"R$ 209,00",,BRL,4.6,67,https://www.amazon.com.br/dp/B0D364W7YK,https://m.media-amazon.com/images/I/61C27AnbnGL._AC_UL960_FMwebp_QL65_.jpg,1,"R$ 209,00",False,False,False,False,Mais de 200 compras no mês passado,"Entrega GRÁTIS: sáb., 19 de jul.",False,,,,,
B08GY3W5S8,"MSI Placa-mãe para jogos A520M-A PRO (AMD AM4, DDR4, PCIe 4.0, SATA 6Gb/s, Dual M.2, USB 3.2 Gen 1, DVI/HDMI, Micro-ATX)","R$ 428,75",,BRL,4.4,591,https://www.amazon.com.br/dp/B08GY3W5S8,https://m.media-amazon.com/images/I/81LKKjLD1pL._AC_UL960_FMwebp_QL65_.jpg,5,"R$ 428,75",False,False,False,False,Mais de 200 compras no mês passado,,False,,,,,
B0D7XMNQ1X,ROTEADOR GIGABIT WI-FI 6 AX1800 EX220 BR V2 NACIONAL,"R$ 201,94","R$ 218,47",BRL,4.6,119,https://www.amazon.com.br/dp/B0D7XMNQ1X,https://m.media-amazon.com/images/I/41apsuRmHVL._AC_UL960_FMwebp_QL65_.jpg,1,"R$ 201,94",False,False,False,False,Mais de 100 compras no mês passado,"Entrega GRÁTIS: qua., 16 de jul.",False,,,,,
B0CVS7MRGT,Gabinete Gamer Branco GB1791 4 fans RGB Micro-Atx Em vidro temperado,"R$ 299,00",,BRL,4.3,228,https://www.amazon.com.br/dp/B0CVS7MRGT,https://m.media-amazon.com/images/I/61x34kGAiQL._AC_UL960_FMwebp_QL65_.jpg,1,"R$ 299,00",False,False,False,False,Mais de 100 compras no mês passado,"Entrega GRÁTIS: ter., 22 de jul.",False,,,,,
B0CTZD2CGH,"Adaptador automotivo 2 em 1 sem fio CarPlay Android Mini USB Dongle, Plug &amp; Play, converte CarPlay original com fio para carro sem fio, para carros 2016-2023 com CarPlay com fio de fábrica | Android","R$ 105,99",,BRL,4,398,https://www.amazon.com.br/dp/B0CTZD2CGH,https://m.media-amazon.com/images/I/613YSRSHD8L._AC_UL960_FMwebp_QL65_.jpg,60,"R$ 90,00",False,False,False,False,Mais de 100 compras no mês passado,"Entrega GRÁTIS: dom., 20 de jul.",False,,,,,
B0DR2SSN1X,"Power Bank Bateria Portátil, Mini Carregador Sem Fio Portátil Power Bank 5000mah, Carga Rápida, com Cabo Saída USB Tipo, com Visor de Carga e Designer Leve Compacto Perfeito para Viagens e Uso, Preto","R$ 99,00","R$ 129,99",BRL,4.5,14,https://www.amazon.com.br/dp/B0DR2SSN1X,https://m.media-amazon.com/images/I/71GMDW9BDUL._AC_UL960_FMwebp_QL65_.jpg,1,"R$ 99,00",False,False,True,False,Mais de 100 compras no mês passado,,False,Oferta Prime Day,,,,
B0F56XQZ3W,"Kit com 2 Câmeras de Segurança IP Lâmpada WiFi Full HD 1080p, Prova D&#x27;água, Giratória e com Visão Noturna Infravermelha 1080p, Bivolt, Detecção de Movimento, Áudio Bidirecional - Premium","R$ 119,90",,BRL,4.1,22,https://www.amazon.com.br/dp/B0F56XQZ3W,https://m.media-amazon.com/images/I/61GoT9JIRyL._AC_UL960_FMwebp_QL65_.jpg,1,"R$ 119,90",False,False,False,False,Mais de 100 compras no mês passado,"Entrega GRÁTIS: qua., 16 de jul.",False,,,,,
B0DLWY9SW7,Speaker Philco PBS30 Flash Lights Bluetooth V5.1 30W Bivolt,"R$ 151,90","R$ 159,90",BRL,4.6,65,https://www.amazon.com.br/dp/B0DLWY9SW7,https://m.media-amazon.com/images/I/51+3xqqdhKL._AC_UL960_FMwebp_QL65_.jpg,1,"R$ 151,90",False,False,False,False,Mais de 200 compras no mês passado,"Entrega GRÁTIS: sex., 18 de jul.",False,,,,,
B0CT8L5VG8,"HAYLOU RS5 Smartwatch,2.01&quot;AMOLED Display Bluetooth Telefone Chamada Relógio Inteligente para Homens e Mulheres,Duas Alças,Assistente de Voz,IP68","R$ 206,54","R$ 242,99",BRL,4.5,483,https://www.amazon.com.br/dp/B0CT8L5VG8,https://m.media-amazon.com/images/I/61R0BtmQjyL._AC_UL960_FMwebp_QL65_.jpg,1,"R$ 206,54",False,False,True,False,Mais de 50 compras no mês passado,,False,Com Prime,,,,
B0BXP7SJGY,"Mouse sem Fio HP Z3700 - Plug and Play com Dongle USB e Bluetooth, com até 1600 DPI, Bateria de até 16 Meses de Duração, Blue LED Multi-superficies, Preto (758A8AA)","R$ 110,00",,BRL,4.3,244,https://www.amazon.com.br/dp/B0BXP7SJGY,https://m.media-amazon.com/images/I/51s5bnwGKrL._AC_UL960_FMwebp_QL65_.jpg,1,"R$ 110,00",False,False,False,False,Mais de 100 compras no mês passado,"Entrega GRÁTIS: seg., 14 de jul.",False,,,,,
B0CC6G7KPC,WB Capa com Teclado e trackpad para iPad 10ª e 11ª Geração 10.9&quot; Polegadas com Auto Hibernação (Preto),"R$ 229,41","R$ 269,90",BRL,4.2,152,https://www.amazon.com.br/dp/B0CC6G7KPC,https://m.media-amazon.com/images/I/51a5NbBF9nL._AC_UL960_FMwebp_QL65_.jpg,1,"R$ 229,41",False,False,False,False,Mais de 100 compras no mês passado,"Entrega GRÁTIS: dom., 20 de jul.",False,Oferta,,,,
B0DX74WSJL,"Basike Câmera de Segurança, Wi-Fi 360º, 1080p Full HD, Visão Panorâmica e Detecção Humana-4MP, Monitoramento Inteligente, Áudio Bidirecional, Ideal para Residências e Empresas","R$ 123,25","R$ 145,00",BRL,4.1,92,https://www.amazon.com.br/dp/B0DX74WSJL,https://m.media-amazon.com/images/I/615V+kTYG0L._AC_UL960_FMwebp_QL65_.jpg,1,"R$ 123,25",False,False,True,False,Mais de 100 compras no mês passado,,False,Com Prime,,,,
B0DLG2V6PS,"Filtro de Linha, Extensão Tomada, Torre de Tomada, Régua Tomada, Régua de Energia, 9 Tomadas, 4 Interfaces USB, 2 Porta USB Tipo-C, Suporte a Tensão de 110-220V, Potência de 2500W, Preto","R$ 239,99",,BRL,4.9,59,https://www.amazon.com.br/dp/B0DLG2V6PS,https://m.media-amazon.com/images/I/61vOZkS+PSL._AC_UL960_FMwebp_QL65_.jpg,1,"R$ 239,99",False,False,False,True,Mais de 200 compras no mês passado,"Entrega GRÁTIS: qua., 16 de jul.",False,,,,,
B0DG62NQ33,"Gshield Adaptador Hub Multifuncional 6 em 1 USB-C, Hub USB 3.0 com Saída HDMI 4K Leitor de Cartão SD, Micro SD e TF para Notebook e PC, Prata","R$ 159,99","R$ 207,95",BRL,4.4,33,https://www.amazon.com.br/dp/B0DG62NQ33,https://m.media-amazon.com/images/I/416hMK-wCFL._AC_UL960_FMwebp_QL65_.jpg,1,"R$ 159,99",False,False,False,False,Mais de 50 compras no mês passado,"Entrega GRÁTIS: qua., 16 de jul.",False,Oferta,,,,
B0BHMK6B2X,Mouse Pad com Base Antiderrapante Logitech G440 Otimizado para Jogos e com Superfície de Baixo Atrito,"R$ 102,15","R$ 113,62",BRL,4.7,705,https://www.amazon.com.br/dp/B0BHMK6B2X,https://m.media-amazon.com/images/I/61ziuYbug4L._AC_UL960_FMwebp_QL65_.jpg,4,"R$ 91,94",False,False,False,False,Mais de 100 compras no mês passado,"Entrega GRÁTIS: seg., 14 de jul.",False,,,,,
B0DDTKHX31,ULANZI MA30 Magnetic Phone Tripod Stand for iPhone - Aluminium Maglock Smartphone Mini Tripod Pocket Cell Phone Stand Dual-Sided Magnet Quick Mount,"R$ 142,80","R$ 169,00",BRL,4.6,302,https://www.amazon.com.br/dp/B0DDTKHX31,https://m.media-amazon.com/images/I/615GXELLIWL._AC_UL960_FMwebp_QL65_.jpg,1,"R$ 142,80",False,False,True,False,Mais de 100 compras no mês passado,,False,Com Prime,,,,
B0DK9151LZ,"Suporte Articulado de Mesa para 2 Monitores, Adequado para Telas de 17-27 Polegadas, Suportar até 9kg","R$ 259,99",,BRL,4.7,223,https://www.amazon.com.br/dp/B0DK9151LZ,https://m.media-amazon.com/images/I/61eoM8cwVdL._AC_UL960_FMwebp_QL65_.jpg,1,"R$ 259,99",False,False,False,True,Mais de 100 compras no mês passado,"Entrega GRÁTIS: sex., 18 de jul.",False,,,,,
B0DQC1V49B,"HAYLOU S6 Relógio Inteligente para Homens e Mulheres,Tela HD de 2,01&quot;,Bluetooth Telefone Chamada,127 Modos de Treino,IP68 à Prova d‘Água Relogio Smartwatch","R$ 179,90",,BRL,4.5,101,https://www.amazon.com.br/dp/B0DQC1V49B,https://m.media-amazon.com/images/I/61HVmStVT7L._AC_UL960_FMwebp_QL65_.jpg,7,"R$ 139,99",False,False,False,False,Mais de 100 compras no mês passado,"Entrega GRÁTIS: dom., 20 de jul.",False,,,,,
B09P8NPTTR,Caixa de Som Acústica Bluetooth 550W Amvox ACA550 Strondo II,"R$ 499,90",,BRL,4.5,274,https://www.amazon.com.br/dp/B09P8NPTTR,https://m.media-amazon.com/images/I/71nHCA+zp2L._AC_UL960_FMwebp_QL65_.jpg,9,"R$ 498,90",False,True,False,False,Mais de 100 compras no mês passado,"Entrega GRÁTIS: qui., 31 de jul.",False,Escolha,,,,
B08DCNGKR3,Kit Teclado + Mouse Gamer 6400 DPI Ranger RGB Rainbow Grafite Fortrek,"R$ 115,99","R$ 122,09",BRL,4.7,2262,https://www.amazon.com.br/dp/B08DCNGKR3,https://m.media-amazon.com/images/I/617QzwaMppL._AC_UL960_FMwebp_QL65_.jpg,18,"R$ 73,00",False,False,False,False,Mais de 100 compras no mês passado,"Entrega GRÁTIS: qua., 6 de ago.",False,,,,,
B08634653D,"Headset Gamer HyperX Cloud Stinger Core 7.1 - Drivers de 40 mm com Graves Aprimorados, Leve e Confortável, Microfone com Cancelamento de Ruído, Preto (4P4F0AA)","R$ 460,18",,BRL,4.6,9974,https://www.amazon.com.br/dp/B08634653D,https://m.media-amazon.com/images/I/41dOjaGvwbS._AC_UL960_FMwebp_QL65_.jpg,5,"R$ 378,90",False,False,False,False,Mais de 100 compras no mês passado,"Entrega GRÁTIS: seg., 14 de jul.",False,,,,,
B0748SWKZM,"Suporte de TV, Multivisão, STPA50-PR, Preto","R$ 169,00",,BRL,4.8,728,https://www.amazon.com.br/dp/B0748SWKZM,https://m.media-amazon.com/images/I/51pVCpLj6fL._AC_UL960_FMwebp_QL65_.jpg,2,"R$ 169,00",False,False,False,False,Mais de 200 compras no mês passado,,False,,,,,
B01171X0UW,NEEWER Kit de acessórios para câmera de ação 50 em 1 compatível com GoPro Hero 11 10 9 8 7 6 5 4 GoPro Max GoPro Fusion Insta360 DJI Osmo Action 2 AKASO e mais,"R$ 154,90",,BRL,4.5,57665,https://www.amazon.com.br/dp/B01171X0UW,https://m.media-amazon.com/images/I/81cwNw60cML._AC_UL960_FMwebp_QL65_.jpg,7,"R$ 125,90",False,False,False,False,Mais de 100 compras no mês passado,"Entrega GRÁTIS: dom., 20 de jul.",False,,,,,
B0BV3FLK6M,"Celular Positivo P41 4G, Tela 2.4&quot;, 32MB RAM, Dual SIM, Rádio FM, Bateria 1000mAh - Preto","R$ 178,48","R$ 210,60",BRL,4.3,406,https://www.amazon.com.br/dp/B0BV3FLK6M,https://m.media-amazon.com/images/I/51m0cqK+iVL._AC_UL960_FMwebp_QL65_.jpg,16,"R$ 169,00",False,False,False,False,Mais de 100 compras no mês passado,"Entrega GRÁTIS: seg., 14 de jul.",False,,,,,
B075KFFSMR,"Repetidor de sinal Wi-Fi Mesh TP-Link RE305 Wireless AC1200 Dual Band 2,4/5 GHz, Porta Ethernet","R$ 219,90",,BRL,4.6,3042,https://www.amazon.com.br/dp/B075KFFSMR,https://m.media-amazon.com/images/I/41Nj8RimaxL._AC_UL960_FMwebp_QL65_.jpg,18,"R$ 219,90",False,False,False,False,Mais de 100 compras no mês passado,,False,,,,,
B0CSDYYV9Z,Kit Upgrade - Intel Core i5-3470 + Placa Mãe B75 Lga 1155 + 16GB Ram DDR3,"R$ 369,54","R$ 389,00",BRL,4.4,122,https://www.amazon.com.br/dp/B0CSDYYV9Z,https://m.media-amazon.com/images/I/615rrp7cgZL._AC_UL960_FMwebp_QL65_.jpg,1,"R$ 369,54",False,False,False,True,Mais de 100 compras no mês passado,"Entrega GRÁTIS: dom., 20 de jul.",False,Economize 5%,,,,
B0924GWYS1,"Mochila HP Prelude - para Notebook de até 15.6 Polegadas, Confortável, com Alças e Bolsos Acolchoados, Resistente à Água, Feita de Materiais Reciclados, Cinza (2Z8P3AA)","R$ 105,00",,BRL,4.8,1991,https://www.amazon.com.br/dp/B0924GWYS1,https://m.media-amazon.com/images/I/A1Ctp1GxvML._AC_UL960_FMwebp_QL65_.jpg,1,"R$ 105,00",False,False,False,False,Mais de 100 compras no mês passado,"Entrega GRÁTIS: ter., 15 de jul.",False,,,,,
B088JP5WT4,CARREGADOR SAMSUNG TA800 25W S. FAST CHARGE,"R$ 133,89","R$ 152,80",BRL,4.7,2565,https://www.amazon.com.br/dp/B088JP5WT4,https://m.media-amazon.com/images/I/31+oTBGXaZL._AC_UL960_FMwebp_QL65_.jpg,9,"R$ 115,56",False,False,False,False,Mais de 50 compras no mês passado,"Entrega GRÁTIS: ter., 29 de jul.",False,,,,,
B0CSPFJN1P,Xiaomi Mi Smart Band 8 Pro versão global (preto),"R$ 449,90",,BRL,4.6,1554,https://www.amazon.com.br/dp/B0CSPFJN1P,https://m.media-amazon.com/images/I/71iBrsQzbqL._AC_UL960_FMwebp_QL65_.jpg,8,"R$ 449,90",False,False,False,False,Mais de 50 compras no mês passado,,False,,,,,
B0DQQ211S8,"Fones de Ouvido Sem Fio Esportivos, 80h de Reprodução com LED Display, Bluetooth 5.3 Esportivos com Gancho, IPX7 à Prova d&#x27;Água, Graves Profundos, Compatível com iOS e Android para Esportes/Treino","R$ 159,98","R$ 169,98",BRL,4.6,150,https://www.amazon.com.br/dp/B0DQQ211S8,https://m.media-amazon.com/images/I/61a7ThA3GlL._AC_UL960_FMwebp_QL65_.jpg,11,"R$ 107,99",False,False,False,False,Mais de 200 compras no mês passado,"Entrega GRÁTIS: sex., 18 de jul.",False,,,,,
B0F9YJH2YJ,"Carregador Portátil Indução Power Bank 10000mAh, carregador por indução Sem Fio Magnético com Cabo Tipo-C 20W PD Carregamento Rápido Compatível com MagSafe, 1 Saída USB C (Cinza, 10000mAh)","R$ 116,80","R$ 129,90",BRL,5,5,https://www.amazon.com.br/dp/B0F9YJH2YJ,https://m.media-amazon.com/images/I/51TLnn4QjUL._AC_UL960_FMwebp_QL65_.jpg,1,"R$ 116,80",False,False,False,False,Mais de 50 compras no mês passado,"Entrega GRÁTIS: sex., 18 de jul.",False,Oferta,,,,
B00083CZCK,Kodak Funsaver - Câmera Analógica de Uso Único 27 exposições,"R$ 169,15","R$ 199,00",BRL,4.5,4484,https://www.amazon.com.br/dp/B00083CZCK,https://m.media-amazon.com/images/I/61kw0e7pqPL._AC_UL960_FMwebp_QL65_.jpg,1,"R$ 169,15",False,False,True,False,Mais de 100 compras no mês passado,,False,Com Prime,,,,
B0D3VKZK31,"Gshield Capa Case para Notebook Aveludada com Alça e Bolso Externo com Zíper, Survivor Preta (15,6-17,3&quot; Polegadas - 32x42 cm)","R$ 107,95","R$ 127,00",BRL,4.7,143,https://www.amazon.com.br/dp/B0D3VKZK31,https://m.media-amazon.com/images/I/71XTKwDtO+L._AC_UL960_FMwebp_QL65_.jpg,1,"R$ 107,95",False,False,True,False,Mais de 100 compras no mês passado,,False,Oferta Prime Day,,,,
B0C3DMVVVZ,"I2GO, Headphone Bass 300, Bluetooth, Microfone Integrado, Controle Multimídia, Até 10h de bateria, Tecnologia Dual Connect, Entrada cabo auxiliar P2 (incluso), Dobrável, Preto","R$ 149,03","R$ 169,90",BRL,4.4,1417,https://www.amazon.com.br/dp/B0C3DMVVVZ,https://m.media-amazon.com/images/I/61lg3DwB7zL._AC_UL960_FMwebp_QL65_.jpg,3,"R$ 99,33",False,False,False,False,Mais de 100 compras no mês passado,"Entrega GRÁTIS: seg., 14 de jul.",False,,,,,
B0DG6PX7HM,"Teclado Gamer Redragon Harpe, Membrana, RGB, ABNT2, Wireless - K503-KS - Preto","R$ 207,91","R$ 244,59",BRL,4.4,50,https://www.amazon.com.br/dp/B0DG6PX7HM,https://m.media-amazon.com/images/I/71lTY0XIO6L._AC_UL960_FMwebp_QL65_.jpg,3,"R$ 217,11",False,False,False,False,Mais de 100 compras no mês passado,"Entrega GRÁTIS: seg., 14 de jul.",False,,,,,
B0F1S75TQ1,"Smartwatch,Relógio Inteligente para Homens e Mulheres, 1.85“ Tela HD Touch, 100+ Modos Esportivos, Chamadas Bluetooth,Assistente de Voz, Compatível com iOS/Android,Inclui 2 Pulseiras,Preto","R$ 299,00",,BRL,4.9,33,https://www.amazon.com.br/dp/B0F1S75TQ1,https://m.media-amazon.com/images/I/71ykICDpB8L._AC_UL960_FMwebp_QL65_.jpg,1,"R$ 299,00",False,False,False,False,Mais de 100 compras no mês passado,"Entrega GRÁTIS: sex., 18 de jul.",False,,,,,
B0D5FPY5GM,"Câmera de Segurança Exterior A28b IP66 com Visão Noturna e Detecção de Movimento, Dupla Lente","R$ 149,36","R$ 165,95",BRL,4.6,176,https://www.amazon.com.br/dp/B0D5FPY5GM,https://m.media-amazon.com/images/I/51af+KMIjJL._AC_UL960_FMwebp_QL65_.jpg,1,"R$ 149,36",False,False,False,False,Mais de 100 compras no mês passado,"Entrega GRÁTIS: qua., 16 de jul.",False,Oferta,,,,
B09YMX71JZ,Teclado Mecanico Gamer Fizz Rainbow Preto Switch Azul,"R$ 172,87","R$ 190,64",BRL,4.8,473,https://www.amazon.com.br/dp/B09YMX71JZ,https://m.media-amazon.com/images/I/51iztD7aomL._AC_UL960_FMwebp_QL65_.jpg,10,"R$ 189,00",False,False,False,False,Mais de 100 compras no mês passado,"Entrega GRÁTIS: seg., 14 de jul.",False,,,,,
B0C744J3ZN,"Thermalright TL-S12 CPU Fan Case Cooler PWM Fan, fine Aperture Light Effect,4pin PWM Connector Computer Fan with ARGB Aperture, 1500RPM Speed PC Cooling Fan(120mm, 3 Fans)","R$ 99,65","R$ 111,18",BRL,4.6,47,https://www.amazon.com.br/dp/B0C744J3ZN,https://m.media-amazon.com/images/I/71nt-9LMnsL._AC_UL960_FMwebp_QL65_.jpg,1,"R$ 99,65",False,False,True,False,Mais de 40 compras no mês passado,,False,Oferta Prime Day,,,,
B0B3S5YHDX,Câmera de Vídeo Externa Compatível com Alexa Wi-Fi Full HD iM5+ Full Color Intelbras,"R$ 408,40","R$ 429,90",BRL,4.7,370,https://www.amazon.com.br/dp/B0B3S5YHDX,https://m.media-amazon.com/images/I/414cRDnM7-L._AC_UL960_FMwebp_QL65_.jpg,1,"R$ 408,40",False,False,False,True,Mais de 200 compras no mês passado,"Entrega GRÁTIS: qua., 16 de jul.",False,,,,,
B07SSV9534,Refil de Tinta Canon Gi-190 P/ G1100 G2100 G3100 e G3102 7.000 Pags,"R$ 199,40","R$ 236,00",BRL,4.7,920,https://www.amazon.com.br/dp/B07SSV9534,https://m.media-amazon.com/images/I/61yNPkxlAOL._AC_UL960_FMwebp_QL65_.jpg,8,"R$ 209,00",False,False,False,False,Mais de 100 compras no mês passado,"Entrega GRÁTIS: seg., 21 de jul.",False,,,,,
B0DJCQJWG4,"Caneta Pencil Para iPad, Caneta Para Ipad Pencil com Palm Rejection e Ponta de Alta Precisão de 1.0mm - Branca (Compatível com todos iPads lançados em 2018 e Posteriormente)","R$ 129,99",,BRL,4.4,103,https://www.amazon.com.br/dp/B0DJCQJWG4,https://m.media-amazon.com/images/I/51cIhjWLVzL._AC_UL960_FMwebp_QL65_.jpg,1,"R$ 129,99",False,False,False,False,Mais de 100 compras no mês passado,"Entrega GRÁTIS: sex., 18 de jul.",False,,,,,
B0CG8245WQ,"Fone de Ouvido JBL, Headphone Bluetooth, Tune 720BT (Preto)","R$ 319,90",,BRL,4.8,2239,https://www.amazon.com.br/dp/B0CG8245WQ,https://m.media-amazon.com/images/I/51f8rLsgrBL._AC_UL960_FMwebp_QL65_.jpg,1,"R$ 319,90",False,False,False,False,Mais de 100 compras no mês passado,"Entrega GRÁTIS: qua., 6 de ago.",False,,,,,
B00EB4ADQW,"Filme instantâneo Fujifilm Instax Mini, branco, pacote com 2","R$ 173,29",,BRL,4.8,123233,https://www.amazon.com.br/dp/B00EB4ADQW,https://m.media-amazon.com/images/I/61dgEk4GNlL._AC_UL960_FMwebp_QL65_.jpg,2,"R$ 173,29",False,False,False,False,Mais de 100 compras no mês passado,,False,,,,,
B09LXSBCYQ,"Gshield Capa Ergonômica para Notebook de até 15.6&quot; polegadas com Mousepad Embutido e Elevação de Altura, Smart Dinamic (Preta)","R$ 159,99","R$ 197,00",BRL,4.8,222,https://www.amazon.com.br/dp/B09LXSBCYQ,https://m.media-amazon.com/images/I/51GSB5dtkKL._AC_UL960_FMwebp_QL65_.jpg,1,"R$ 159,99",False,False,False,False,Mais de 100 compras no mês passado,"Entrega GRÁTIS: qua., 16 de jul.",False,Oferta,,,,
B00EXQA5BG,Carregador Baseus Super Si 20W Branco Tipo-C,"R$ 109,00",,BRL,4.8,887,https://www.amazon.com.br/dp/B00EXQA5BG,https://m.media-amazon.com/images/I/41us5uVW0LS._AC_UL960_FMwebp_QL65_.jpg,1,"R$ 109,00",False,False,False,False,Mais de 100 compras no mês passado,"Entrega GRÁTIS: qua., 16 de jul.",False,,,,,
B0D54LNT5L,"Projetor Portátil 4K 1080p com Wi-Fi 6, Bluetooth 5.0 e Android 11","R$ 296,96","R$ 329,95",BRL,4.2,329,https://www.amazon.com.br/dp/B0D54LNT5L,https://m.media-amazon.com/images/I/41Fqn3MdLUL._AC_UL960_FMwebp_QL65_.jpg,1,"R$ 296,96",False,False,False,False,Mais de 50 compras no mês passado,"Entrega GRÁTIS: sex., 18 de jul.",False,Oferta,,,,
B0BY2JJW31,"QCY HT07 ArcBuds ANC Fone De Ouvido Bluetooth, Fone Sem Fio Com 40dB Cancelamento De Ruído Ativo, 6 Microfones, 32 Horas De Reprodução - Preto","R$ 169,00","R$ 199,00",BRL,4.6,999,https://www.amazon.com.br/dp/B0BY2JJW31,https://m.media-amazon.com/images/I/51zgX3OxrJL._AC_UL960_FMwebp_QL65_.jpg,1,"R$ 169,00",False,False,False,False,Mais de 100 compras no mês passado,Entrega GRÁTIS: 25 - 31 de jul.,False,Economize 15%,,,,
B0CM3C9HRG,"GameSir G8 Galileo Type-C Mobile Gaming Controller for Android &amp; iPhone 15 Series (USB-C), Plug and Play Gamepad with Hall Effect Joysticks/Hall Trigger, 3.5mm Audio Jack","R$ 305,10","R$ 499,00",BRL,4.6,2475,https://www.amazon.com.br/dp/B0CM3C9HRG,https://m.media-amazon.com/images/I/61MjgicR7qL._AC_UL960_FMwebp_QL65_.jpg,1,"R$ 305,10",False,False,True,False,Mais de 200 compras no mês passado,,False,Com Prime,,Android,,
B003VAHYQY,Controle de Jogos com fio Logitech F310 para PC e TV,"R$ 170,91","R$ 189,90",BRL,4.6,19875,https://www.amazon.com.br/dp/B003VAHYQY,https://m.media-amazon.com/images/I/61W-W7by+KL._AC_UL960_FMwebp_QL65_.jpg,1,"R$ 170,91",False,False,False,False,Mais de 100 compras no mês passado,"Entrega GRÁTIS: seg., 14 de jul.",False,,,,,
B0DKH67TBG,"Smartwatch,Relógio Inteligente Militar Masculino,My Watch de Chamadas Bluetooth,Bateria de 100 dias,Lanterna, Rastreamento de passos,Esportes ao ar Livre Smart Watch(Preto)","R$ 244,00","R$ 280,18",BRL,4.4,134,https://www.amazon.com.br/dp/B0DKH67TBG,https://m.media-amazon.com/images/I/71anqMI4fLL._AC_UL960_FMwebp_QL65_.jpg,1,"R$ 244,00",False,False,True,False,Mais de 100 compras no mês passado,,False,Com Prime,,,,
B0CK3Y6RRT,Fone TWS Sem Fio Deep Preto Pulse - PH425,"R$ 125,60","R$ 182,57",BRL,4.3,19,https://www.amazon.com.br/dp/B0CK3Y6RRT,https://m.media-amazon.com/images/I/51m4bok73DL._AC_UL960_FMwebp_QL65_.jpg,1,"R$ 125,60",False,False,True,False,Mais de 50 compras no mês passado,,True,Oferta Prime Day,,,,
B0CTXSX5BD,"Fone de Ouvido Profissional KZ ZSN Pro X Intra-auricular, Driver Híbrido, Cabo Destacável, Original - Excelência em Som para Músicos e Cantores - Modelo 2024 - AlverSun (PRETO)","R$ 177,48","R$ 199,00",BRL,4.6,240,https://www.amazon.com.br/dp/B0CTXSX5BD,https://m.media-amazon.com/images/I/61qpozKcwoL._AC_UL960_FMwebp_QL65_.jpg,1,"R$ 177,48",False,False,False,True,Mais de 100 compras no mês passado,"Entrega GRÁTIS: qua., 16 de jul.",False,,,,,
B0BL2CYPGL,Lenovo LP75 Fone De Ouvido Sem Fio Bluetooth 5.3 Com Gancho Microfones TWS Esportivo HiFi Estéreo Bluetooth Sem Fio Impermeável Alta Fidelidade Cancelamento De Ruído,"R$ 122,00",,BRL,4.4,478,https://www.amazon.com.br/dp/B0BL2CYPGL,https://m.media-amazon.com/images/I/518soBWSfGL._AC_UL960_FMwebp_QL65_.jpg,1,"R$ 122,00",False,False,False,False,Mais de 100 compras no mês passado,Entrega GRÁTIS: 13 - 22 de ago.,False,,,,,
B097K3WV9J,"KF432C16BB/16 - Memória de 16GB DIMM DDR4 3200Mhz FURY Beast 1,35V 1Rx8 288 pinos para desktop/gamers, Preto","R$ 275,00",,BRL,4.6,1782,https://www.amazon.com.br/dp/B097K3WV9J,https://m.media-amazon.com/images/I/61MYgWr+xWL._AC_UL960_FMwebp_QL65_.jpg,1,"R$ 275,00",False,False,False,False,Mais de 100 compras no mês passado,Entrega GRÁTIS: 13 - 22 de ago.,False,,,,,
B0CLFQZ585,"Caneta Pencil PRO WB Para Apple iPad Sensível à Inclinação, Rejeição de Palma da mão e Display de Bateria acompanha estojo protetor Cinza","R$ 299,90",,BRL,4.3,267,https://www.amazon.com.br/dp/B0CLFQZ585,https://m.media-amazon.com/images/I/61GsmjT4V5L._AC_UL960_FMwebp_QL65_.jpg,1,"R$ 299,90",False,False,False,False,Mais de 100 compras no mês passado,"Entrega GRÁTIS: dom., 20 de jul.",False,,,,,
B0DNF5CT6K,"Basike Mini Projetor Portatil, 4K 1080P Full HD, 5G WIFI 6 BT 5.0 Android 11, 12000 Lumens, Led Auto de Correcção Trapezóide Horizontal, 90°Girável Ajuste Telescópico de Altura (Ouro Champagen)","R$ 449,10","R$ 499,00",BRL,4.4,126,https://www.amazon.com.br/dp/B0DNF5CT6K,https://m.media-amazon.com/images/I/715i+qCW-dL._AC_UL960_FMwebp_QL65_.jpg,1,"R$ 449,10",False,False,False,False,Mais de 100 compras no mês passado,"Entrega GRÁTIS: qua., 16 de jul.",False,Oferta,,,,
B08BTHXJFN,HyperX Cloud Stinger Core PS4/PS5- Headset Gamer Wireless,"R$ 485,74",,BRL,4.6,8721,https://www.amazon.com.br/dp/B08BTHXJFN,https://m.media-amazon.com/images/I/61Z9PlHSQjL._AC_UL960_FMwebp_QL65_.jpg,10,"R$ 459,00",False,False,False,False,Mais de 50 compras no mês passado,"Entrega GRÁTIS: seg., 14 de jul.",False,,,,,
B0DNYLQWVV,"Smartwatch com Tela Full Touch 1.45&quot;, IP68, Compatível com iOS e Android, 120+ Modos Esportivos e Recebimento de Notificações, Faz e Recebe Ligações, Assistente de Voz, Unissex, 3 Pulseiras (Preto)","R$ 203,04","R$ 249,98",BRL,4.3,224,https://www.amazon.com.br/dp/B0DNYLQWVV,https://m.media-amazon.com/images/I/61dnpFIURhL._AC_UL960_FMwebp_QL65_.jpg,1,"R$ 203,04",False,False,True,False,Mais de 100 compras no mês passado,,False,Com Prime,,,,
B07D7Y9NMG,Nobreak Interativo 120v XNB 600 VA Preto Intelbras,"R$ 392,63","R$ 436,50",BRL,4.5,6130,https://www.amazon.com.br/dp/B07D7Y9NMG,https://m.media-amazon.com/images/I/51SubqzQbfL._AC_UL960_FMwebp_QL65_.jpg,26,"R$ 302,62",False,False,False,False,Mais de 100 compras no mês passado,"Entrega GRÁTIS: seg., 14 de jul.",False,,,,,
B0CN9GLWF3,Controle Remoto Universal Inteligente IR MCR 1001 Preto Intelbras,"R$ 94,90","R$ 107,10",BRL,4.3,230,https://www.amazon.com.br/dp/B0CN9GLWF3,https://m.media-amazon.com/images/I/51ktiK0DBdL._AC_UL960_FMwebp_QL65_.jpg,19,"R$ 87,07",False,False,False,False,Mais de 100 compras no mês passado,"Entrega GRÁTIS: seg., 14 de jul.",False,,,,,
B0CM7ZXQWC,"Capa Premium com toque acetinado para Novo Kindle Paperwhite, leve e dobrável – Cor Preta","R$ 209,00",,BRL,4.8,1644,https://www.amazon.com.br/dp/B0CM7ZXQWC,https://m.media-amazon.com/images/I/71ueWn-ouUL._AC_UL960_FMwebp_QL65_.jpg,1,"R$ 209,00",False,False,False,False,Mais de 100 compras no mês passado,"Entrega GRÁTIS: qua., 16 de jul.",False,,,,,
B0DP7NHD6W,Mousepad Gamer Redragon Flick XL Special Edition Cypher Branco e Preto 400x900mm P032A,"R$ 129,90",,BRL,4.7,58,https://www.amazon.com.br/dp/B0DP7NHD6W,https://m.media-amazon.com/images/I/71fDPOZwuUL._AC_UL960_FMwebp_QL65_.jpg,1,"R$ 129,90",False,False,False,False,Mais de 100 compras no mês passado,"Entrega GRÁTIS: seg., 14 de jul.",False,,,,,
B0754CLTH6,Telefone com Fio TC60 ID Preto Intelbras,"R$ 155,45",,BRL,4.6,575,https://www.amazon.com.br/dp/B0754CLTH6,https://m.media-amazon.com/images/I/41qP11mii7L._AC_UL960_FMwebp_QL65_.jpg,1,"R$ 155,45",False,False,False,False,Mais de 100 compras no mês passado,"Entrega GRÁTIS: seg., 14 de jul.",False,,,,,
B0DWW53PL4,Relogio Inteligente Smartwatch MICROWEAR S10 Pro + Serie 10 NFC Chatgpt Gps Original Masculino Feminino (Preto),"R$ 145,14",,BRL,4.2,36,https://www.amazon.com.br/dp/B0DWW53PL4,https://m.media-amazon.com/images/I/617+Cpig6dL._AC_UL960_FMwebp_QL65_.jpg,13,"R$ 122,19",False,False,False,False,Mais de 100 compras no mês passado,"Entrega GRÁTIS: dom., 20 de jul.",False,,Economize 5% com o cupom,,,
B00LI4O9EA,"Hub USB 3.0 TP-Link UH700, 7 Portas","R$ 210,99","R$ 225,25",BRL,4.8,5793,https://www.amazon.com.br/dp/B00LI4O9EA,https://m.media-amazon.com/images/I/6183x0KbJHL._AC_UL960_FMwebp_QL65_.jpg,23,"R$ 207,00",False,False,False,False,Mais de 100 compras no mês passado,"Entrega GRÁTIS: dom., 20 de jul.",False,,,,,
B09FKWS793,"MIFA A90 Caixas de Som Portáteis Bluetooth, Alto-falante Bluetooth portátil IPX7 à prova d&#x27;água, 60W Bass, Emparelhamento estéreo sem fio, Mic embutido, Suporte Micro SD, USB, AUX-in, USB-C Charing","R$ 329,00","R$ 369,00",BRL,4.7,5914,https://www.amazon.com.br/dp/B09FKWS793,https://m.media-amazon.com/images/I/61+pHP685TL._AC_UL960_FMwebp_QL65_.jpg,1,"R$ 329,00",False,False,False,False,Mais de 100 compras no mês passado,"Entrega R$ 83,72: 25 de jul. - 1 de ago.",False,Oferta,Economize 5% com o cupom,,,
B0DPBFH9MZ,"Mochila Executiva Impermeavel De Notebook Para Feminina/Masculina De Até 15,6&quot;","R$ 179,99",,BRL,4.8,42,https://www.amazon.com.br/dp/B0DPBFH9MZ,https://m.media-amazon.com/images/I/51tWA0zENaL._AC_UL960_FMwebp_QL65_.jpg,2,"R$ 159,99",False,False,False,True,Mais de 100 compras no mês passado,"Entrega GRÁTIS: qui., 24 de jul.",False,,,,,
B0C7F5TK1B,ROTEADOR WIR GIGABIT DB AC1200 EC220-G5 BR NACIONAL,"R$ 177,96",,BRL,4.7,397,https://www.amazon.com.br/dp/B0C7F5TK1B,https://m.media-amazon.com/images/I/41zNL0juipL._AC_UL960_FMwebp_QL65_.jpg,23,"R$ 150,31",False,False,False,False,Mais de 100 compras no mês passado,"Entrega GRÁTIS: seg., 14 de jul.",False,,,,,
B08G8V2252,"Geonav Carregador Universal com Adaptadores de Viagem, 4 Portas USB + 1 USB-C (Preto)","R$ 152,00","R$ 176,17",BRL,4.8,681,https://www.amazon.com.br/dp/B08G8V2252,https://m.media-amazon.com/images/I/61W0k1ShekL._AC_UL960_FMwebp_QL65_.jpg,7,"R$ 151,95",False,False,False,False,Mais de 100 compras no mês passado,"Entrega GRÁTIS: seg., 14 de jul.",False,,,,,
B0FFTCF8LL,"Basike Power Bank, Carregador Portátil 20000mAh 45W, 3-Saídas com Cabo USB-C Integrado, Bateria Externa de Carregamento Rápido PPS/PD/QC para iPhone Séries 16/15/14/13, Samsung S25/24/23/22/21 (Cinza)","R$ 209,00",,BRL,,0,https://www.amazon.com.br/dp/B0FFTCF8LL,https://m.media-amazon.com/images/I/61FzZ+gn7YL._AC_UL960_FMwebp_QL65_.jpg,1,"R$ 209,00",False,False,False,False,,"Entrega GRÁTIS: sex., 18 de jul.",False,,Economize 10% com o cupom,,,
B0DHSTQ63C,Suporte para Notebook Alumínio Ajustável Base Giratória 360º Apoio Dobrável Laptop até 17 Polegadas Resistente Estável Ergonômico Articulado Portátil de Mesa em Metal,"R$ 199,90",,BRL,4.6,102,https://www.amazon.com.br/dp/B0DHSTQ63C,https://m.media-amazon.com/images/I/517pyeZklDL._AC_UL960_FMwebp_QL65_.jpg,1,"R$ 199,90",False,False,False,False,Mais de 100 compras no mês passado,"Entrega GRÁTIS: qua., 16 de jul.",False,,,,,
B08C511GQH,Memória Notebook Crucial 16GB DDR4 3200 Mhz,"R$ 244,99",,BRL,4.7,31836,https://www.amazon.com.br/dp/B08C511GQH,https://m.media-amazon.com/images/I/71oz85Vv6mL._AC_UL960_FMwebp_QL65_.jpg,1,"R$ 244,99",False,False,False,False,Mais de 100 compras no mês passado,Entrega GRÁTIS: 13 - 22 de ago.,False,,,,,
B00V4BGDKU,"Adaptador de Rede TP-Link UE300 USB 3.0 Gigabit Ethernet, Branco","R$ 103,90",,BRL,4.8,14546,https://www.amazon.com.br/dp/B00V4BGDKU,https://m.media-amazon.com/images/I/41SNdC2Lv5L._AC_UL960_FMwebp_QL65_.jpg,1,"R$ 103,90",False,False,False,False,Mais de 100 compras no mês passado,"Entrega GRÁTIS: qua., 16 de jul.",False,,,,,
B08FXWRRSZ,Iluminador Led Ring Light De 18 Polegadas Lives Tripé 215cm,"R$ 219,99",,BRL,4,378,https://www.amazon.com.br/dp/B08FXWRRSZ,https://m.media-amazon.com/images/I/61hC6VQHS2L._AC_UL960_FMwebp_QL65_.jpg,12,"R$ 189,90",False,False,False,False,Mais de 100 compras no mês passado,"Entrega GRÁTIS: seg., 21 de jul.",False,,,,,
B09X7C2GBC,"SanDisk Cartão de memória Extreme microSDXC UHS-I de 512 GB com adaptador - até 190 MB/s, C10, U3, V30, 4K, 5K, A2, cartão micro SD - SDSQXAV-512G-GN6MA","R$ 376,18",,BRL,4.8,444478,https://www.amazon.com.br/dp/B09X7C2GBC,https://m.media-amazon.com/images/I/716Qlc98JFL._AC_UL960_FMwebp_QL65_.jpg,8,"R$ 368,00",False,False,False,False,Mais de 50 compras no mês passado,"Entrega R$ 8,90: sex., 8 de ago.",False,,,,,
B09YLM3FNC,"FIFINE USB Microfone jogos para PC,streaming,podcasts,gravação,microfono condensador de mesa para computador,compatível com Mac/PS4/PS5,com controle RGB,toque mudo,conector para fone ouvido- A8 Preto Global Recycled Standard","R$ 236,58","R$ 292,99",BRL,4.8,3265,https://www.amazon.com.br/dp/B09YLM3FNC,https://m.media-amazon.com/images/I/71VVl25qLHL._AC_UL960_FMwebp_QL65_.jpg,1,"R$ 236,58",False,False,True,True,Mais de 100 compras no mês passado,Estimativa de envio de 4 a 5 dias,False,Com Prime,,,,
B07Y33CZZ3,CAIXA DE SOM 2.0 REDRAGON STENTOR GS500 2x5W,"R$ 144,90",,BRL,4.7,381,https://www.amazon.com.br/dp/B07Y33CZZ3,https://m.media-amazon.com/images/I/81k8wJOyk5L._AC_UL960_FMwebp_QL65_.jpg,1,"R$ 144,90",False,False,False,False,Mais de 100 compras no mês passado,"Entrega GRÁTIS: qua., 20 de ago.",False,,,,,
B0D15SZMYN,"Carregador Sem Fio Rápido, Indução, Wireless, 3 em 1, 15W Dobrável, Estação de Carregamento Compatível com iPhone Apple Watch AirPods com LED KAIDI KNC9097","R$ 145,90",,BRL,4,80,https://www.amazon.com.br/dp/B0D15SZMYN,https://m.media-amazon.com/images/I/51XQnaMfhML._AC_UL960_FMwebp_QL65_.jpg,1,"R$ 145,90",False,False,True,True,Mais de 100 compras no mês passado,"Entrega GRÁTIS: qua., 16 de jul.",False,,,,,
B09KXBJS7N,"Mouse Sem Fio Logitech Signature M650 com Design de Tamanho Compacto, Clique Silencioso, Botões Laterais Personalizáveis, Conexão USB e Bluetooth - Rose","R$ 164,64","R$ 173,30",BRL,4.7,1451,https://www.amazon.com.br/dp/B09KXBJS7N,https://m.media-amazon.com/images/I/71YyvH+Et5L._AC_UL960_FMwebp_QL65_.jpg,10,"R$ 144,86",False,False,False,False,Mais de 100 compras no mês passado,"Entrega GRÁTIS: seg., 14 de jul.",False,,,,,
B0BWLRY7Q2,"Roteador,HUAWEI AX2S,Wi-Fi 6,HarmonyOS Mesh+,4 Amplificadores,Diagnóstico Wi-Fi com Mapa de Calor,Preto","R$ 194,65","R$ 218,00",BRL,4.7,367,https://www.amazon.com.br/dp/B0BWLRY7Q2,https://m.media-amazon.com/images/I/41qaC3dXaUL._AC_UL960_FMwebp_QL65_.jpg,1,"R$ 194,65",False,False,False,False,Mais de 50 compras no mês passado,"Entrega GRÁTIS: qua., 16 de jul.",False,Oferta,,,,
B0D3KQVQXK,"ATTACK SHARK X11 Mouse sem fio leve, 62g, RGB, conexão tri-modo (2.4G/USB-C/BT), 22K DPI, sensor PAW3311, 5 botões programáveis, base de carregamento RGB, compatível com PC/Mac-Branco","R$ 210,00","R$ 228,00",BRL,4.7,546,https://www.amazon.com.br/dp/B0D3KQVQXK,https://m.media-amazon.com/images/I/511ErkBZ2aL._AC_UL960_FMwebp_QL65_.jpg,1,"R$ 210,00",False,False,False,False,Mais de 100 compras no mês passado,Entrega GRÁTIS: 13 - 21 de ago.,False,,,,,
B0BHDS3HQS,"JBL, Fone de Ouvido Sem Fio, Bluetooth, Wave Flex TWS - Branco","R$ 324,98",,BRL,4.6,4955,https://www.amazon.com.br/dp/B0BHDS3HQS,https://m.media-amazon.com/images/I/418RWh50VPL._AC_UL960_FMwebp_QL65_.jpg,8,"R$ 324,98",False,False,False,False,Mais de 50 compras no mês passado,,False,,,,,
B0DTJFMQG8,Capa Case Flip Compatível Com Xiaomi Poco Pad 12.1 Polegadas Capa Protetor Comp Para Xiaomi Redmi Pad Pro 12.1 2024 Autosleep,"R$ 109,99",,BRL,4.6,23,https://www.amazon.com.br/dp/B0DTJFMQG8,https://m.media-amazon.com/images/I/61BNpL3VRXL._AC_UL960_FMwebp_QL65_.jpg,1,"R$ 109,99",False,False,False,False,Mais de 50 compras no mês passado,"Entrega GRÁTIS: qua., 16 de jul.",False,,,,,
B0BFBC7VB4,"Kit Roteador Mesh AC1900 TP-Link Deco S7(1-pack), Dual Band 2.4/5 GHz, Conecte até 100+ Dispositivos, Cobertura de até 195M², 3 Portas Gigabit Ethernet, Funciona com Amazon Alexa, Controle dos Pais","R$ 359,00",,BRL,4.8,3012,https://www.amazon.com.br/dp/B0BFBC7VB4,https://m.media-amazon.com/images/I/41RG-ElVXCL._AC_UL960_FMwebp_QL65_.jpg,5,"R$ 339,90",False,False,False,False,Mais de 100 compras no mês passado,"Entrega GRÁTIS: seg., 14 de jul.",False,,,,,
B0DCQGBZTW,"C3Tech SoundBar SB-30BW Marrom, Estilo retro e acabamento de madeira, Audio 2.0 USB, conexao de audio p2 3,5mm","R$ 118,00",,BRL,4.6,103,https://www.amazon.com.br/dp/B0DCQGBZTW,https://m.media-amazon.com/images/I/41Oto3i7amL._AC_UL960_FMwebp_QL65_.jpg,3,"R$ 116,00",False,False,False,False,Mais de 200 compras no mês passado,"Entrega GRÁTIS: seg., 14 de jul.",False,,,,,
B087C6P1KY,"WB Capa iPad 7a, 8a e 9a Geração 10.2″ - Premium Slim, Antichoque com Compart. para Pencil - Preta","R$ 59,90","R$ 149,90",BRL,4.8,4362,https://www.amazon.com.br/dp/B087C6P1KY,https://m.media-amazon.com/images/I/41xG0MBFVbL._AC_UL960_FMwebp_QL65_.jpg,1,"R$ 59,90",False,False,True,False,Mais de 100 compras no mês passado,,False,Oferta Prime Day,,,,
B08C56KXQJ,Crucial Memória RAM 8GB DDR4 2666 MHz CL19 Laptop CT8G4SFRA266,"R$ 220,00",,BRL,4.8,92854,https://www.amazon.com.br/dp/B08C56KXQJ,https://m.media-amazon.com/images/I/71XLwmTSEHL._AC_UL960_FMwebp_QL65_.jpg,3,"R$ 160,86",False,False,False,False,Mais de 50 compras no mês passado,Entrega GRÁTIS: 11 de ago. - 3 de set.,False,,,,,
B089YW5K89,"Tripe Universal 1,80M preto para Câmeras Fotográficas com suporte para celular","R$ 142,90",,BRL,4.7,574,https://www.amazon.com.br/dp/B089YW5K89,https://m.media-amazon.com/images/I/61dKvcoPEaL._AC_UL960_FMwebp_QL65_.jpg,6,"R$ 116,90",False,False,False,False,Mais de 100 compras no mês passado,"Entrega GRÁTIS: seg., 21 de jul.",False,,,,,
B07MFQN6LH,Binóculo Lelong De Longo Alcance 20x50 Com Estojo le-2052,"R$ 176,90",,BRL,4.6,887,https://www.amazon.com.br/dp/B07MFQN6LH,https://m.media-amazon.com/images/I/61-gUSlfGKL._AC_UL960_FMwebp_QL65_.jpg,12,"R$ 145,17",False,False,False,False,Mais de 100 compras no mês passado,"Entrega GRÁTIS: qua., 16 de jul.",False,,,,,
B07HB4YSWD,SSD Adata SU650 480GB SATA III 2.5&quot;,"R$ 257,00",,BRL,4.7,1073,https://www.amazon.com.br/dp/B07HB4YSWD,https://m.media-amazon.com/images/I/71KHIbnrLsL._AC_UL960_FMwebp_QL65_.jpg,12,"R$ 255,00",False,False,False,False,Mais de 100 compras no mês passado,"Entrega GRÁTIS: sex., 1 de ago.",False,,,,,
B088JSSQBT,Fone de Ouvido Samsung Intra-auricular Preto - Eo-ic100bbegbr,"R$ 136,00",,BRL,4.6,1952,https://www.amazon.com.br/dp/B088JSSQBT,https://m.media-amazon.com/images/I/51iRJq13R8L._AC_UL960_FMwebp_QL65_.jpg,1,"R$ 136,00",False,False,False,False,Mais de 100 compras no mês passado,"Entrega GRÁTIS: dom., 20 de jul.",False,,,,,
B08KYHRGYT,Caixa De Som Portátil Bluetooth Sunbox 50W Rms Sumay - SM-CSP1304,"R$ 198,62","R$ 660,10",BRL,4.2,15,https://www.amazon.com.br/dp/B08KYHRGYT,https://m.media-amazon.com/images/I/61oIXupPO2S._AC_UL960_FMwebp_QL65_.jpg,1,"R$ 198,62",False,False,False,False,Mais de 100 compras no mês passado,"Entrega GRÁTIS: sáb., 19 de jul.",False,,,,,
B0CKHCWF53,"Carregador portátil Baseus Power Bank, carregador de telefone portátil de carregamento rápido de 22,5 W com cabo de saída USB-C e iOS integrado, bateria portátil com display LED (Preto, 10000mAh)","R$ 149,00",,BRL,4.7,143,https://www.amazon.com.br/dp/B0CKHCWF53,https://m.media-amazon.com/images/I/51UldUphSfL._AC_UL960_FMwebp_QL65_.jpg,1,"R$ 149,00",False,False,False,False,Mais de 100 compras no mês passado,"Entrega GRÁTIS: sex., 18 de jul.",False,,,,,
B0F2QPNWT5,Camera IP WiFi Giratória 1080p Estilo Babá Eletrônica Pet Com Visão Noturna Alerta De Movimento Microfone Infravermelho Sem Fio com App Yoosee Interna Câmera Panorâmica Detecção de Movimento Premium,"R$ 109,90",,BRL,4.6,41,https://www.amazon.com.br/dp/B0F2QPNWT5,https://m.media-amazon.com/images/I/61VfaskPYML._AC_UL960_FMwebp_QL65_.jpg,1,"R$ 109,90",False,False,False,False,Mais de 100 compras no mês passado,"Entrega GRÁTIS: qua., 16 de jul.",False,,Economize 5% com o cupom,,,
B08L82Z5VK,"Teclado Mecânico Gamer Redragon Mitra Lunar RGB Switch K551W-RGB, Branco","R$ 219,90","R$ 255,90",BRL,4.7,132,https://www.amazon.com.br/dp/B08L82Z5VK,https://m.media-amazon.com/images/I/51p+-Om8M-L._AC_UL960_FMwebp_QL65_.jpg,7,"R$ 252,00",False,False,False,False,Mais de 50 compras no mês passado,"Entrega GRÁTIS: ter., 15 de jul.",False,,,,,
B0B5GP9FXN,"JBL, Fone de Ouvido Sem Fio, Bluetooth, Tune Flex TWS - Preto","R$ 449,00",,BRL,4.2,4280,https://www.amazon.com.br/dp/B0B5GP9FXN,https://m.media-amazon.com/images/I/41P5iRy+yML._AC_UL960_FMwebp_QL65_.jpg,11,"R$ 326,06",False,False,False,False,Mais de 100 compras no mês passado,"Entrega GRÁTIS: seg., 21 de jul.",False,,,,,
B0DDZ4QF35,"Mouse Gamer sem fio Logitech G309 LIGHTSPEED com Switches LIGHTFORCE, Sensor HERO 25K, 6 botões programáveis, Compatível com PC/macOS/Windows - Preto","R$ 299,00","R$ 352,93",BRL,5,41,https://www.amazon.com.br/dp/B0DDZ4QF35,https://m.media-amazon.com/images/I/61U1x0-SJ7L._AC_UL960_FMwebp_QL65_.jpg,1,"R$ 299,00",False,False,True,False,Mais de 50 compras no mês passado,,False,Oferta Prime Day,,,,
B0C8KXH3CJ,Microfone RGB Condensador Com Conector De Monitoramento De Fone De Ouvido USB Profissional Controle De Luz Gamer Para Computador Jogos Transmissao Ao Vivo Plug And Play - TOMATE (Preto),"R$ 144,90",,BRL,4.7,438,https://www.amazon.com.br/dp/B0C8KXH3CJ,https://m.media-amazon.com/images/I/61+6rw+o9AL._AC_UL960_FMwebp_QL65_.jpg,4,"R$ 144,90",False,False,False,True,Mais de 100 compras no mês passado,,False,,,,,
B0B7NTY2S6,"SanDisk Cartão de memória ultra microSDXC UHS-I de 128 GB com adaptador - até 140 MB/s, C10, U1, Full HD, A1, cartão MicroSD - SDSQUAB-128G-GN6MA [Nova versão]","R$ 80,46","R$ 121,81",BRL,4.7,58278,https://www.amazon.com.br/dp/B0B7NTY2S6,https://m.media-amazon.com/images/I/71HMMAm+TlL._AC_UL960_FMwebp_QL65_.jpg,1,"R$ 80,46",False,False,True,False,,,False,Oferta Prime Day,,,,
B005640BT0,"Cartucho HP 60 Preto Original (CC640WB) Para Impressora HP Deskjet F4224, Impressora HP F4480, Impressora HP F4580, Impressora HP D1660, Impressora HP Photosmart D110a, Impressora HP C4780, ENVY D410a","R$ 135,99","R$ 156,90",BRL,4.7,1259,https://www.amazon.com.br/dp/B005640BT0,https://m.media-amazon.com/images/I/71PGVyIhcPL._AC_UL960_FMwebp_QL65_.jpg,1,"R$ 135,99",False,False,False,False,Mais de 100 compras no mês passado,"Entrega GRÁTIS: seg., 14 de jul.",False,,,,,
B07GJK365D,Kit Tinta Epson T664 4 Cores T664 Epson L395 L380 L375 L220 L455,"R$ 167,99",,BRL,4.8,823,https://www.amazon.com.br/dp/B07GJK365D,https://m.media-amazon.com/images/I/61zxcd3AEFL._AC_UL960_FMwebp_QL65_.jpg,15,"R$ 167,85",False,False,False,False,Mais de 100 compras no mês passado,"Entrega GRÁTIS: seg., 21 de jul.",False,,,,,
B0B2MQTHL7,"JBL, Fone de Ouvido Gamer, Quantum TWS, Sem Fio, Bluetooth, Com Cancelamento de Ruído - Preto","R$ 349,00","R$ 399,90",BRL,4.4,411,https://www.amazon.com.br/dp/B0B2MQTHL7,https://m.media-amazon.com/images/I/41mSY-1X1xL._AC_UL960_FMwebp_QL65_.jpg,1,"R$ 349,00",False,False,False,False,Mais de 100 compras no mês passado,"Entrega GRÁTIS: qui., 7 de ago.",False,Economize 12%,,,,
B09KNW5SWZ,60 Pilhas Baterias 312 Pr41 Aparelho Auditivo Rayovac 10 Cartelas C/ 6 Unidades,"R$ 140,00",,BRL,4.8,404,https://www.amazon.com.br/dp/B09KNW5SWZ,https://m.media-amazon.com/images/I/71RIG535e+S._AC_UL960_FMwebp_QL65_.jpg,1,"R$ 140,00",False,False,False,False,Mais de 100 compras no mês passado,"Entrega GRÁTIS: qui., 31 de jul.",False,,,,,
B0DV6T2LV6,"Carregador Portátil Power Bank 20.000mAh, até 15 horas de bateria, compatível com iPhone, Samsung, Motorola e Xiaomi - Steel Hook","R$ 117,59",,BRL,4.1,30,https://www.amazon.com.br/dp/B0DV6T2LV6,https://m.media-amazon.com/images/I/41Fzt2Wza6L._AC_UL960_FMwebp_QL65_.jpg,4,"R$ 99,89",False,False,False,True,Mais de 100 compras no mês passado,"Entrega GRÁTIS: sex., 18 de jul.",False,,,,,
B09TZVPXFC,"MOUSEPAD HYPERX PULSEFIRE, GRANDE, HMPM1-L - 4Z7X4AA","R$ 111,90",,BRL,4.8,1553,https://www.amazon.com.br/dp/B09TZVPXFC,https://m.media-amazon.com/images/I/71hAbREpxLL._AC_UL960_FMwebp_QL65_.jpg,1,"R$ 111,90",False,False,False,False,Mais de 100 compras no mês passado,"Entrega GRÁTIS: seg., 21 de jul.",False,,,,,
B0DMP5YNBX,"110-220V, CD Player Portatil, Toca CD Portatil, Radio CD Player, Alto-Falantes Duplos Integrados, Display LED, Rádio FM, Temporizador, Compatível com Fones de Ouvido","R$ 349,99",,BRL,4.6,44,https://www.amazon.com.br/dp/B0DMP5YNBX,https://m.media-amazon.com/images/I/71UCMc8X70L._AC_UL960_FMwebp_QL65_.jpg,1,"R$ 349,99",False,False,False,False,Mais de 100 compras no mês passado,"Entrega GRÁTIS: qua., 16 de jul.",False,,"Economize R$ 20,00 com o cupom",,,
B08ZJG6TVT,"HDD Externo Seagate 2TB Expansion USB 3.0 Portatil 2,5&#x27;&#x27; - STKM2000400","R$ 520,00",,BRL,4.7,11058,https://www.amazon.com.br/dp/B08ZJG6TVT,https://m.media-amazon.com/images/I/814SDu24dnL._AC_UL960_FMwebp_QL65_.jpg,14,"R$ 499,90",False,False,False,False,Mais de 100 compras no mês passado,"Entrega GRÁTIS: dom., 20 de jul.",False,,,,,
B0CC6HC1KP,WB Teclado com Trackpad para Tablet e iPad (Preto),"R$ 169,15","R$ 199,00",BRL,3.9,238,https://www.amazon.com.br/dp/B0CC6HC1KP,https://m.media-amazon.com/images/I/51U0O+YajUL._AC_UL960_FMwebp_QL65_.jpg,1,"R$ 169,15",False,False,False,False,Mais de 50 compras no mês passado,"Entrega GRÁTIS: dom., 20 de jul.",False,Oferta,,,,
B07JK9VW7T,"Hd 500gb Externo Portátil YessTech 2,5 Usb 3.0","R$ 126,85",,BRL,4.3,444,https://www.amazon.com.br/dp/B07JK9VW7T,https://m.media-amazon.com/images/I/417-CURGxHL._AC_UL960_FMwebp_QL65_.jpg,7,"R$ 103,75",False,False,False,False,Mais de 100 compras no mês passado,"Entrega R$ 57,59: 31 de jul. - 7 de ago.Ou entrega mais rápida: 24 - 28 de jul.",False,,,,,
B0CQM9BCP8,"Attack Shark AK820 Teclado mecânico 75% hot-swappable, botão rotativo, USB-C, gasket com 5 camadas antirruído, LED branco, switch vermelho linear,Compatível PC/Win/Mac (preto)","R$ 319,80",,BRL,4.7,240,https://www.amazon.com.br/dp/B0CQM9BCP8,https://m.media-amazon.com/images/I/61FrYD4ao+L._AC_UL960_FMwebp_QL65_.jpg,13,"R$ 298,90",False,False,False,False,Mais de 100 compras no mês passado,Entrega GRÁTIS: 5 - 14 de ago.,False,,,,,
B07HC4NBQ8,"Redragon Mouse M908 Impact RGB LED MMO com botões laterais Mouse para jogos com fio óptico com 12.400DPI, alta precisão, 20 botões programáveis para mouse","R$ 191,29","R$ 314,63",BRL,4.6,15772,https://www.amazon.com.br/dp/B07HC4NBQ8,https://m.media-amazon.com/images/I/61kI0PIuXVL._AC_UL960_FMwebp_QL65_.jpg,1,"R$ 191,29",False,False,True,False,Mais de 50 compras no mês passado,,False,Oferta Prime Day,,,,
B08QTXNWZ1,TP-Link ER605 | Roteador VPN com Fio Multi-WAN | Até 4 Portas WAN Gigabit | Roteador SPI Firewall SMB | Omada SDN Integrado | Equilíbrio de carga | Proteção contra raios | Proteção vitalícia limitada,"R$ 420,00","R$ 449,00",BRL,4.6,4141,https://www.amazon.com.br/dp/B08QTXNWZ1,https://m.media-amazon.com/images/I/61lIwZudsiL._AC_UL960_FMwebp_QL65_.jpg,15,"R$ 401,90",False,False,False,False,Mais de 100 compras no mês passado,"Entrega GRÁTIS: sex., 1 de ago.",False,,,,,
B0DDRWVQH3,"[Novo 2025] MERCUSYS Halo H60X (2-pack) - Sistema WiFi 6 Mesh AX1500, 3 portas Gigabit Ethernet, conecta até 150 dispositivos, controle dos pais, cobertura de até 550 m², configuração fácil","R$ 424,40",,BRL,4.5,47,https://www.amazon.com.br/dp/B0DDRWVQH3,https://m.media-amazon.com/images/I/51hXDCmrAcL._AC_UL960_FMwebp_QL65_.jpg,2,"R$ 399,00",False,False,False,False,Mais de 100 compras no mês passado,"Entrega GRÁTIS: seg., 14 de jul.",False,,,,,
B0DP1FGK93,"WK-MSP1, Suporte Ergonômico Articulado de Mesa com Pistão a Gás, Design Compacto e Retrátil para Monitores de 12&#x27;&#x27; a 32&#x27;&#x27;, Suporta de 2kg a 10kg, Preto","R$ 139,90",,BRL,4.4,34,https://www.amazon.com.br/dp/B0DP1FGK93,https://m.media-amazon.com/images/I/41dJS-nHn+L._AC_UL960_FMwebp_QL65_.jpg,1,"R$ 139,90",False,False,False,False,Mais de 100 compras no mês passado,"Entrega GRÁTIS: qua., 16 de jul.",False,,,,,
B0CKTXYXDB,Carregador de Parede Baseus Compact Quick Charger U+C 20W com Cabo tipoC a lightning (Preto),"R$ 128,90",,BRL,4.7,291,https://www.amazon.com.br/dp/B0CKTXYXDB,https://m.media-amazon.com/images/I/31Vxbfg-G6L._AC_UL960_FMwebp_QL65_.jpg,1,"R$ 128,90",False,False,False,False,Mais de 100 compras no mês passado,"Entrega GRÁTIS: qua., 16 de jul.",False,,,,,
B0BW4TY5NW,"Geonav Carregador Universal SuperPower GaN Duo, 35W, 2 X USB-C Power Delivery, CH35PDWT, Branco","R$ 106,01","R$ 128,99",BRL,4.6,272,https://www.amazon.com.br/dp/B0BW4TY5NW,https://m.media-amazon.com/images/I/31OiPKEvWCL._AC_UL960_FMwebp_QL65_.jpg,1,"R$ 106,01",False,True,False,False,Mais de 100 compras no mês passado,"Entrega GRÁTIS: seg., 14 de jul.",False,Escolha,,,,
B0CWDH8HKP,Mouse SLIM recarregável Bluetooth Para Apple MacBook Air e Apple MacBook Pro inclusive modelos MacBook Air M1 - M2 - M3 E M4 e MacBook Pro M1 - M2 - M3 e M4,"R$ 139,00","R$ 159,00",BRL,4.4,147,https://www.amazon.com.br/dp/B0CWDH8HKP,https://m.media-amazon.com/images/I/41hQIJVKszL._AC_UL960_FMwebp_QL65_.jpg,1,"R$ 139,00",False,False,False,False,Mais de 100 compras no mês passado,"Entrega GRÁTIS: sex., 18 de jul.",False,,,,,
B0BBXPR65R,"I2GO, Fone De Ouvido, TWS, Bluetooth, 20 Horas totais de Bateria, ENC, Air Sound Go 2.0, Branco, i2GO PRO","R$ 129,52","R$ 152,88",BRL,4,1561,https://www.amazon.com.br/dp/B0BBXPR65R,https://m.media-amazon.com/images/I/41MLs8bCUFL._AC_UL960_FMwebp_QL65_.jpg,4,"R$ 89,85",False,False,False,False,Mais de 50 compras no mês passado,"Entrega GRÁTIS: seg., 14 de jul.",False,,,,,
B0BVFR1HSZ,Carregador Portátil Magnético Sem Fio Baseus Power Bank 10000mAh 20W (Preto),"R$ 299,00",,BRL,4.5,358,https://www.amazon.com.br/dp/B0BVFR1HSZ,https://m.media-amazon.com/images/I/716Hnbp4kdL._AC_UL960_FMwebp_QL65_.jpg,1,"R$ 299,00",False,False,False,False,Mais de 100 compras no mês passado,"Entrega GRÁTIS: sex., 18 de jul.",False,,,,,
B0B5VZRSBW,Motorola Babá Eletrônica Vm483 Tela 2.8 Lcd C/Zoom Digital,"R$ 449,65","R$ 579,00",BRL,4.1,211,https://www.amazon.com.br/dp/B0B5VZRSBW,https://m.media-amazon.com/images/I/51DcEKrYQgL._AC_UL960_FMwebp_QL65_.jpg,1,"R$ 449,65",False,False,True,False,Mais de 50 compras no mês passado,,False,Com Prime,,,,
B0DK97K5JV,"Power Bank com CaboIntegrado, Carregador Portátil de 20000mAh com Carga Rápida, Múltiplas Portas, Design Leve e Proteção Inteligente para Dispositivos iOS e Android/USB/Type-C/Preto(MD-12412)","R$ 167,98",,BRL,4.4,122,https://www.amazon.com.br/dp/B0DK97K5JV,https://m.media-amazon.com/images/I/616SVXyklqL._AC_UL960_FMwebp_QL65_.jpg,1,"R$ 167,98",False,False,False,False,Mais de 100 compras no mês passado,"Entrega GRÁTIS: sex., 18 de jul.",False,,,,,
B08T8MBY2X,Lexar PLAY microSDXC UHS-I Card Muse Design Award 2022 512GB,"R$ 338,27",,BRL,4.8,6880,https://www.amazon.com.br/dp/B08T8MBY2X,https://m.media-amazon.com/images/I/71J4NFurjoL._AC_UL960_FMwebp_QL65_.jpg,8,"R$ 335,90",False,False,False,False,Mais de 100 compras no mês passado,"Entrega GRÁTIS: seg., 14 de jul.",False,,,,,
B0877B8VZ3,iCLAMPER Energia 8 Preto,"R$ 132,99",,BRL,4.9,12104,https://www.amazon.com.br/dp/B0877B8VZ3,https://m.media-amazon.com/images/I/51sEck3ZqLL._AC_UL960_FMwebp_QL65_.jpg,1,"R$ 132,99",False,False,False,False,Mais de 50 compras no mês passado,"Entrega GRÁTIS: seg., 21 de jul.",False,,,,,
B07R5PSTC9,Fone de Ouvido Xiaomi Redmi Airdots Com Bluetooth,"R$ 130,50",,BRL,4.3,27737,https://www.amazon.com.br/dp/B07R5PSTC9,https://m.media-amazon.com/images/I/51Z1jkudQGL._AC_UL960_FMwebp_QL65_.jpg,1,"R$ 130,50",False,False,False,False,Mais de 50 compras no mês passado,"Entrega GRÁTIS: ter., 22 de jul.",False,,,,,
B0D5GZFP37,"Relógio Inteligente Tranya ES11 Monitoramento Esportivo, 1.47“ Tela HD Touch, IP68 à Prova d‘Água, Bateria de 5-7 Dias, Notificações, Smartwatch","R$ 152,99","R$ 169,99",BRL,4.4,224,https://www.amazon.com.br/dp/B0D5GZFP37,https://m.media-amazon.com/images/I/61pkWhXDgzL._AC_UL960_FMwebp_QL65_.jpg,1,"R$ 152,99",False,False,False,False,Mais de 50 compras no mês passado,"Entrega GRÁTIS: sex., 18 de jul.",False,Oferta,,,,
B0CYJ9LG31,Water Cooler 240mm Gamdias Aura GL240 V2 ARGB,"R$ 345,22","R$ 402,89",BRL,4.8,60,https://www.amazon.com.br/dp/B0CYJ9LG31,https://m.media-amazon.com/images/I/61XvU+auwZL._AC_UL960_FMwebp_QL65_.jpg,4,"R$ 380,00",False,False,False,False,Mais de 50 compras no mês passado,"Entrega GRÁTIS: qua., 16 de jul.",False,,,,,
B0B7N9SPJY,"Bolsa feminina de couro de poliuretano para laptop de 15,6 polegadas, impermeável, pasta para computador, bolsa de trabalho para escritório e negócios","R$ 259,00",,BRL,4.3,1774,https://www.amazon.com.br/dp/B0B7N9SPJY,https://m.media-amazon.com/images/I/81cqlwpIxoL._AC_UL960_FMwebp_QL65_.jpg,1,"R$ 259,00",False,False,False,False,Mais de 100 compras no mês passado,Entrega GRÁTIS: 25 - 31 de jul.,True,,,,,
B0D4C2181L,"Câmera de Segurança Wi-Fi Sieco S30, 1080p Full HD, Áudio Bidirecional, Detecção de Movimento, Armazenamento até 512GB, Monitoramento Remoto - Garantia de 3 anos","R$ 136,00","R$ 160,00",BRL,4.7,14,https://www.amazon.com.br/dp/B0D4C2181L,https://m.media-amazon.com/images/I/51q8rSwt0bL._AC_UL960_FMwebp_QL65_.jpg,1,"R$ 136,00",False,False,True,False,Mais de 50 compras no mês passado,,False,Oferta Prime Day,,,,
B0BZQJNXQT,"Positivo Twist Tab Minions+ 2GB RAM + 64GB Armazenamento, Tela de 7”, Android 11 Go, Bateria 3100mAh​ - Preto - Inclui 2 itens de proteção - (Capa e Bolsa de Transporte)","R$ 303,05","R$ 361,90",BRL,4.3,95,https://www.amazon.com.br/dp/B0BZQJNXQT,https://m.media-amazon.com/images/I/61NDvDZce8L._AC_UL960_FMwebp_QL65_.jpg,1,"R$ 303,05",False,False,False,False,Mais de 50 compras no mês passado,"Entrega GRÁTIS: sex., 18 de jul.",False,Termina em,,,,
B0CJSS3ZC2,Mouse Gamer AOC GM510 ULTRALEVE 58g 16.000 DPI Pixart 3389 RGB 6 botões Macro Manager,"R$ 118,02",,BRL,4.6,115,https://www.amazon.com.br/dp/B0CJSS3ZC2,https://m.media-amazon.com/images/I/5177FA+jrRL._AC_UL960_FMwebp_QL65_.jpg,1,"R$ 118,02",False,False,False,False,Mais de 50 compras no mês passado,"Entrega GRÁTIS: seg., 14 de jul.",False,,,,,
B0BJYG3R9G,Filtro de Linha Inteligente com 5 tomadas Compatível com Alexa EWS 305 Branco Intelbras,"R$ 98,09","R$ 108,99",BRL,4.4,612,https://www.amazon.com.br/dp/B0BJYG3R9G,https://m.media-amazon.com/images/I/41ZwmHUeoML._AC_UL960_FMwebp_QL65_.jpg,17,"R$ 94,42",False,False,False,False,Mais de 100 compras no mês passado,"Entrega GRÁTIS: seg., 14 de jul.",False,,,,,
B0BKHTQ7VB,Carregador de Parede Baseus Compact Quick Charger 2U+C 30W Preto,"R$ 128,00","R$ 139,90",BRL,4.7,783,https://www.amazon.com.br/dp/B0BKHTQ7VB,https://m.media-amazon.com/images/I/51hEnZGahcL._AC_UL960_FMwebp_QL65_.jpg,6,"R$ 127,99",False,False,False,False,Mais de 100 compras no mês passado,"Entrega GRÁTIS: qua., 16 de jul.",False,,,,,
B015MS8O48,"Microscópio de Bolso Carson MicroFlip 100x-250x c/LED, lanterna UV e clip para Smartphone","R$ 189,99",,BRL,4.1,8500,https://www.amazon.com.br/dp/B015MS8O48,https://m.media-amazon.com/images/I/71pcZFI72EL._AC_UL960_FMwebp_QL65_.jpg,1,"R$ 189,99",False,False,False,False,,"Entrega GRÁTIS: qua., 16 de jul.",False,,,,,
B09XWJWMS1,Redragon HEADSET GAMER HERO PRETO RGB,"R$ 233,42","R$ 269,10",BRL,4.7,884,https://www.amazon.com.br/dp/B09XWJWMS1,https://m.media-amazon.com/images/I/615SnzHjhJL._AC_UL960_FMwebp_QL65_.jpg,16,"R$ 198,41",False,False,False,False,Mais de 100 compras no mês passado,"Entrega GRÁTIS: seg., 14 de jul.",False,,,,,
B0DK71CTCK,"Xiaomi Smart Band 9 - Pulseira de atividade, Preto, 43.3 × 32.5 × 10.8 mm, Band 9 Pro","R$ 455,90",,BRL,4.6,907,https://www.amazon.com.br/dp/B0DK71CTCK,https://m.media-amazon.com/images/I/71L64It8hIL._AC_UL960_FMwebp_QL65_.jpg,17,"R$ 455,90",False,False,False,False,Mais de 100 compras no mês passado,,False,,,,,
B0DBL77F58,"JETech Capa Matte para iPhone 16 6,1 Polegadas, Case Proteção Contra Quedas de Nível Militar à Prova de Choque, Capinha Traseira Translúcida Fosca, Anti-Impressão Digital (Preto)","R$ 169,00",,BRL,4.5,1880,https://www.amazon.com.br/dp/B0DBL77F58,https://m.media-amazon.com/images/I/61Jhm0ptwyL._AC_UL960_FMwebp_QL65_.jpg,1,"R$ 169,00",False,False,False,False,Mais de 100 compras no mês passado,,False,,,,,
B08HDJ2H1V,"JBL, Fone de Ouvido Gamer Com Fio, Quantum 50 - Preto","R$ 143,10","R$ 159,00",BRL,4.6,5932,https://www.amazon.com.br/dp/B08HDJ2H1V,https://m.media-amazon.com/images/I/41CCiM0DE+L._AC_UL960_FMwebp_QL65_.jpg,7,"R$ 93,43",False,False,False,False,Mais de 200 compras no mês passado,Entrega GRÁTIS: 31 de jul. - 7 de ago.,False,,,,,
B07H3GFJJ2,"HyperX Pulsefire Core Mouse para Jogos, Preto, Até 6200 dpi","R$ 222,12","R$ 229,00",BRL,4.8,7480,https://www.amazon.com.br/dp/B07H3GFJJ2,https://m.media-amazon.com/images/I/51o5eOnui2L._AC_UL960_FMwebp_QL65_.jpg,1,"R$ 222,12",False,False,False,False,Mais de 100 compras no mês passado,"Entrega GRÁTIS: seg., 14 de jul.",False,,,,,
B092R8HJ4S,"Select One Sem Formol 1 Litro, tb, Prohall","R$ 219,90",,BRL,4.6,325,https://www.amazon.com.br/dp/B092R8HJ4S,https://m.media-amazon.com/images/I/71KLL0J-U2L._AC_UL960_FMwebp_QL65_.jpg,17,"R$ 207,90",False,False,False,False,Mais de 100 compras no mês passado,"Entrega GRÁTIS: qua., 16 de jul.",False,,,,"R$ 219,90",1.0
B07YBKP3L7,"Geonav Carregador por Indução de mesa 10W, vidro, carregamento rápido, compatível com aparelhos Android e iPhones com padrão Qi, QI10WG, Preto","R$ 101,86","R$ 113,18",BRL,4.1,1432,https://www.amazon.com.br/dp/B07YBKP3L7,https://m.media-amazon.com/images/I/410vAowBp2L._AC_UL960_FMwebp_QL65_.jpg,6,"R$ 64,37",False,False,False,False,Mais de 50 compras no mês passado,"Entrega GRÁTIS: seg., 14 de jul.",False,,,,,
B0BTJBNFSV,"Havit Headphone Fone de Ouvido H2002d Red, Gamer, com Microfone, Falante 53mm, Plug 3, 5mm: compatível com XBOX ONE e PS4, HV-H2002d Cor Vermelho e Branco","R$ 217,64",,BRL,4.6,876,https://www.amazon.com.br/dp/B0BTJBNFSV,https://m.media-amazon.com/images/I/619J1QZ0HdL._AC_UL960_FMwebp_QL65_.jpg,7,"R$ 171,15",False,False,False,False,Mais de 100 compras no mês passado,"Entrega GRÁTIS: seg., 14 de jul.",False,,,,,
B01HS2SNQK,Epson Frascos de tinta EcoTank 664 Genuine Multipack,"R$ 158,16","R$ 166,50",BRL,4.7,2268,https://www.amazon.com.br/dp/B01HS2SNQK,https://m.media-amazon.com/images/I/51UqBeiNsEL._AC_UL960_FMwebp_QL65_.jpg,14,"R$ 158,10",False,False,False,False,Mais de 100 compras no mês passado,"Entrega GRÁTIS: seg., 21 de jul.",False,,,,,
