asin,product_title,product_price,product_original_price,currency,product_star_rating,product_num_ratings,product_url,product_photo,product_num_offers,product_minimum_offer_price,is_best_seller,is_amazon_choice,is_prime,climate_pledge_friendly,sales_volume,delivery,has_variations,coupon_text,product_badge,book_format,product_byline,unit_price,unit_count
B0CGGS785Y,Funko Disney - Stitch Costume 101 Dalmatians Pongo,"R$ 142,10",,BRL,4.8,237,https://www.amazon.com.br/dp/B0CGGS785Y,https://m.media-amazon.com/images/I/71t7+DF9WXL._AC_UL960_FMwebp_QL65_.jpg,1,"R$ 142,10",False,False,False,False,Mais de 100 compras no mês passado,"Entrega GRÁTIS: Amanhã, 14 de jul.Ou entrega mais rápida: Hoje",False,,,,,,
B0D9ZFJ3H1,Spider-Man Legends GVERSE 4,"R$ 252,85",,BRL,4.6,304,https://www.amazon.com.br/dp/B0D9ZFJ3H1,https://m.media-amazon.com/images/I/61Zx1O-UahL._AC_UL960_FMwebp_QL65_.jpg,1,"R$ 252,85",False,False,False,False,,"Entrega R$ 8,90: ter., 5 de ago.Este produto será lançado em 21/Julho/2025.",False,,,,,,
B0DZTKV94S,Novabrink - Super Magia Fantasia Enaldinho Basica TAM M,"R$ 128,90","R$ 155,68",BRL,,0,https://www.amazon.com.br/dp/B0DZTKV94S,https://m.media-amazon.com/images/I/418XBt5lafL._AC_UL960_FMwebp_QL65_.jpg,1,"R$ 128,90",False,False,False,False,,"Entrega GRÁTIS: Amanhã, 14 de jul.Ou entrega mais rápida: Hoje",False,,,,,,
B0DPXCYPMK,"Barraca Bonitinho, Barraca Rosa, Casinha de Brinquedo, Cabana Rosa, Cabana Bonito, Dobrável E Fácil de Montar","R$ 129,99",,BRL,4,8,https://www.amazon.com.br/dp/B0DPXCYPMK,https://m.media-amazon.com/images/I/61ba156wWSL._AC_UL960_FMwebp_QL65_.jpg,3,"R$ 129,90",False,False,False,False,Mais de 50 compras no mês passado,"Entrega GRÁTIS: qua., 16 de jul.",False,Economize 5% com o cupom,,,,,
B0DJS5PP8M,"Conjunto de Facas de Cozinha, 17 Ferramentas de Cozinha Montessori, Facas de Plástico","R$ 113,90","R$ 139,99",BRL,4.6,9,https://www.amazon.com.br/dp/B0DJS5PP8M,https://m.media-amazon.com/images/I/81RZ+8d+RIL._AC_UL960_FMwebp_QL65_.jpg,1,"R$ 113,90",False,False,True,False,Mais de 50 compras no mês passado,,False,,Com Prime,,,,
B0C45Y5GXC,"LUOBAO Premium Numbered Poker Chips for Card Board Game,Professional Clay Poker Chips Set with Denominations for Texas Hold&#x27;em, Blackjack,Card Club Late Night Poker Games","R$ 222,34",,BRL,4.7,66,https://www.amazon.com.br/dp/B0C45Y5GXC,https://m.media-amazon.com/images/I/81mbKn7zugL._AC_UL960_FMwebp_QL65_.jpg,1,"R$ 222,34",False,False,False,False,Mais de 50 compras no mês passado,"Entrega R$ 8,90: ter., 5 de ago.",False,,,,,,
B0DFMX9RHP,"Buba, Bicicleta De Equilíbrio Com Som Rosa","R$ 195,90",,BRL,4.7,82,https://www.amazon.com.br/dp/B0DFMX9RHP,https://m.media-amazon.com/images/I/51OHwUHdnJL._AC_UL960_FMwebp_QL65_.jpg,1,"R$ 195,90",False,False,False,False,Mais de 300 compras no mês passado,"Entrega GRÁTIS: Amanhã, 14 de jul.Ou entrega mais rápida: Hoje",False,,,,,,
B0DJ1748F2,LEGO Minecraft A Patrulha de Illagers no Deserto 21267,"R$ 94,90","R$ 114,90",BRL,4.9,604,https://www.amazon.com.br/dp/B0DJ1748F2,https://m.media-amazon.com/images/I/81c1IegK+PL._AC_UL960_FMwebp_QL65_.jpg,1,"R$ 94,90",False,False,True,False,Mais de 300 compras no mês passado,,False,,Oferta Prime Day,,,,
B0DV5RMQH9,"Tapete de Atividades Bebê Infantil Tatame Dobrável Dupla Face Educativo Emborrachado Antiderrapante Tapete Infantil de Proteção. Fácil de Transportar e Guardar. Util em Quarto, Sala, Escola, Berçarios, Parques *8mm 1,80X1,20cm (Estampa Aleatório)","R$ 130,89","R$ 148,89",BRL,4.7,20,https://www.amazon.com.br/dp/B0DV5RMQH9,https://m.media-amazon.com/images/I/61EXQmLSlDL._AC_UL960_FMwebp_QL65_.jpg,1,"R$ 130,89",False,False,False,False,,"Entrega GRÁTIS: sáb., 19 de jul.",True,,,,,,
B0DV5P369W,The Isle of Cats: Duel,"R$ 353,50",,BRL,5,2,https://www.amazon.com.br/dp/B0DV5P369W,https://m.media-amazon.com/images/I/61JiuK6vdLL._AC_UL960_FMwebp_QL65_.jpg,1,"R$ 241,03",False,False,True,False,Mais de 50 compras no mês passado,"Entrega R$ 8,90: 25 - 27 de ago.",False,,,,,,
B0BTZVZ887,Ceaco - Thomas Kinkade Disney Dreams - Moana - 1000 Piece Jigsaw Puzzle,"R$ 72,61","R$ 89,72",BRL,4.6,323,https://www.amazon.com.br/dp/B0BTZVZ887,https://m.media-amazon.com/images/I/81CVP57a+EL._AC_UL960_FMwebp_QL65_.jpg,1,"R$ 72,61",False,False,True,False,Mais de 20 compras no mês passado,,False,,Oferta Prime Day,,,,
B0D1L9V98Z,"JUSTFUN, Cama Elástica Infantil 1,40M ou 1,80M Trampolim Infantil Cama Elástica Resistente Pula Pula Premium para Área Interna ou Externa Playground Brinquedo Diversão para Crianças Brincar","R$ 389,90","R$ 439,90",BRL,4.3,68,https://www.amazon.com.br/dp/B0D1L9V98Z,https://m.media-amazon.com/images/I/8170GMkCHKL._AC_UL960_FMwebp_QL65_.jpg,1,"R$ 389,90",False,False,False,False,Mais de 100 compras no mês passado,"Entrega GRÁTIS: qui., 24 de jul.",False,,,,,,
B0DQL5VKWP,"Tundala Barraca 3 Em 1 Rosa, Toca Túnel, Brinquedoteca Para Casa Ao Ar Livre, Piscina De Bolinhas, 120*95cm/Piscina De Bolinha 120*120cm/Túne 106*47cm","R$ 199,99","R$ 219,99",BRL,4.1,6,https://www.amazon.com.br/dp/B0DQL5VKWP,https://m.media-amazon.com/images/I/71HPrx4hc6L._AC_UL960_FMwebp_QL65_.jpg,8,"R$ 144,55",False,False,False,False,Mais de 40 compras no mês passado,"Entrega GRÁTIS: qui., 31 de jul.",False,,,,,,
B0DJ197M66,LEGO Technic Fast and Furious Toyota Supra MK4 42204,"R$ 439,99",,BRL,4.7,164,https://www.amazon.com.br/dp/B0DJ197M66,https://m.media-amazon.com/images/I/81MHyrzkbEL._AC_UL960_FMwebp_QL65_.jpg,16,"R$ 399,90",False,False,False,False,Mais de 50 compras no mês passado,Entrega GRÁTIS: 21 - 22 de jul.,False,,,,,,
B07TVMS9MX,Bandai | Digimon Card Game: Adventure Box AB-01 | Card Game | Ages 6+ | 2 Players | 10 Minutes Playing Time,"R$ 187,44",,BRL,4.5,156,https://www.amazon.com.br/dp/B07TVMS9MX,https://m.media-amazon.com/images/I/61Q1WLAORlL._AC_UL960_FMwebp_QL65_.jpg,1,"R$ 187,44",False,False,False,False,Mais de 50 compras no mês passado,"Entrega R$ 8,90: ter., 5 de ago.",False,,,,,,
B0DJ1C448Q,LEGO Classic Caixa Transparente Mágica 11040,"R$ 166,62","R$ 179,90",BRL,4.8,67,https://www.amazon.com.br/dp/B0DJ1C448Q,https://m.media-amazon.com/images/I/8196Z8UxbCL._AC_UL960_FMwebp_QL65_.jpg,1,"R$ 166,62",False,False,False,False,Mais de 50 compras no mês passado,"Entrega GRÁTIS: Amanhã, 14 de jul.Ou entrega mais rápida: Hoje",False,,,,,,
B0FBR2CHH4,Brinquedo Educativo Magnético Infantil –76 Peças Coloridas | Blocos de Montar e Construir com Bastões e Bolinhas | Estimula Criatividade e Coordenação | a partir de 3 Anos Montessori,"R$ 134,20",,BRL,4.3,15,https://www.amazon.com.br/dp/B0FBR2CHH4,https://m.media-amazon.com/images/I/61GV0tq7ZDL._AC_UL960_FMwebp_QL65_.jpg,1,"R$ 134,20",False,False,False,False,Mais de 20 compras no mês passado,"Entrega GRÁTIS: qua., 16 de jul.",False,Economize 10% com o cupom,,,,,
B0CQ9ZL1T7,Rebel Princess (Grok Games),"R$ 134,90",,BRL,4.9,55,https://www.amazon.com.br/dp/B0CQ9ZL1T7,https://m.media-amazon.com/images/I/51rv+z51cKL._AC_UL960_FMwebp_QL65_.jpg,5,"R$ 104,90",False,False,False,False,Mais de 20 compras no mês passado,"Entrega R$ 7,78: 24 - 28 de jul.",False,,,,,,
B0CV8LLRP3,Rainbocorns Kittycorn Surprise Séries 7,"R$ 123,55",,BRL,5,7,https://www.amazon.com.br/dp/B0CV8LLRP3,https://m.media-amazon.com/images/I/81LnlcpuxEL._AC_UL960_FMwebp_QL65_.jpg,5,"R$ 117,99",False,False,False,False,Mais de 50 compras no mês passado,"Entrega GRÁTIS: Amanhã, 14 de jul.Ou entrega mais rápida: Hoje",False,,,,,,
1950783782,Original Adventures Reincarnated #6: The Temple of Elemental Evil,"R$ 257,55",,BRL,5,5,https://www.amazon.com.br/dp/1950783782,https://m.media-amazon.com/images/I/71zETfaJcxL._AC_UL960_FMwebp_QL65_.jpg,1,"R$ 257,55",False,False,False,False,Mais de 40 compras no mês passado,"Entrega R$ 8,90: ter., 5 de ago.",False,,,Brinquedo,10 set. 2021,,
B0FDWG6JZH,"232 Peças Brinquedo Educativo Pista Bolinhas Race Set, Bolinha de Gude, Bola de gude, Bolinhas de Gude, Brinquedo Educativo Pista","R$ 189,99",,BRL,5,1,https://www.amazon.com.br/dp/B0FDWG6JZH,https://m.media-amazon.com/images/I/717rr8MomcL._AC_UL960_FMwebp_QL65_.jpg,1,"R$ 189,99",False,False,False,False,,"Entrega GRÁTIS: qua., 16 de jul.",False,Economize 5% com o cupom,,,,,
B0DM1JP8DS,Bburago 1/43 - SF-24 for Scuderia Ferrari F1 Team SF24 Signature Die cast Adults Model Car Display F1 GP 2024 Collection - #55 Carlos Sainz,"R$ 139,90",,BRL,4.6,41,https://www.amazon.com.br/dp/B0DM1JP8DS,https://m.media-amazon.com/images/I/512TuFKtjeL._AC_UL960_FMwebp_QL65_.jpg,1,"R$ 139,90",False,False,False,False,Mais de 50 compras no mês passado,"Entrega GRÁTIS: qua., 16 de jul.",False,,,,,,
B0DZFZXMGP,Hoplomachus: Victorum Mercury’s Boots Hero Tracker Mat – RPG Accessory for Tactical Board Gaming,"R$ 148,73",,BRL,,0,https://www.amazon.com.br/dp/B0DZFZXMGP,https://m.media-amazon.com/images/I/71vIqRwxlXL._AC_UL960_FMwebp_QL65_.jpg,1,"R$ 148,73",False,False,False,False,Mais de 30 compras no mês passado,"Entrega R$ 8,90: ter., 5 de ago.",False,,,,,,
B0DHJ5GKHD,"Galápago, Survive: The Island (Edição Revisada), Familia, 8 anos, partidas de até 45 min.","R$ 264,72","R$ 299,99",BRL,4.8,18,https://www.amazon.com.br/dp/B0DHJ5GKHD,https://m.media-amazon.com/images/I/81unpTNaWbL._AC_UL960_FMwebp_QL65_.jpg,1,"R$ 264,72",False,False,False,False,Mais de 200 compras no mês passado,"Entrega GRÁTIS: Amanhã, 14 de jul.Ou entrega mais rápida: Hoje",False,,,,,,
B0FDWG6JZH,"232 Peças Brinquedo Educativo Pista Bolinhas Race Set, Bolinha de Gude, Bola de gude, Bolinhas de Gude, Brinquedo Educativo Pista","R$ 189,99",,BRL,5,1,https://www.amazon.com.br/dp/B0FDWG6JZH,https://m.media-amazon.com/images/I/717rr8MomcL._AC_UL960_FMwebp_QL65_.jpg,1,"R$ 189,99",False,False,False,False,,"Entrega GRÁTIS: qua., 16 de jul.",False,Economize 5% com o cupom,,,,,
B0DM1JP8DS,Bburago 1/43 - SF-24 for Scuderia Ferrari F1 Team SF24 Signature Die cast Adults Model Car Display F1 GP 2024 Collection - #55 Carlos Sainz,"R$ 139,90",,BRL,4.6,41,https://www.amazon.com.br/dp/B0DM1JP8DS,https://m.media-amazon.com/images/I/512TuFKtjeL._AC_UL960_FMwebp_QL65_.jpg,1,"R$ 139,90",False,False,False,False,Mais de 50 compras no mês passado,"Entrega GRÁTIS: qua., 16 de jul.",False,,,,,,
B0DZFZXMGP,Hoplomachus: Victorum Mercury’s Boots Hero Tracker Mat – RPG Accessory for Tactical Board Gaming,"R$ 148,73",,BRL,,0,https://www.amazon.com.br/dp/B0DZFZXMGP,https://m.media-amazon.com/images/I/71vIqRwxlXL._AC_UL960_FMwebp_QL65_.jpg,1,"R$ 148,73",False,False,False,False,Mais de 30 compras no mês passado,"Entrega R$ 8,90: ter., 5 de ago.",False,,,,,,
B0DHJ5GKHD,"Galápago, Survive: The Island (Edição Revisada), Familia, 8 anos, partidas de até 45 min.","R$ 264,72","R$ 299,99",BRL,4.8,18,https://www.amazon.com.br/dp/B0DHJ5GKHD,https://m.media-amazon.com/images/I/81unpTNaWbL._AC_UL960_FMwebp_QL65_.jpg,1,"R$ 264,72",False,False,False,False,Mais de 200 compras no mês passado,"Entrega GRÁTIS: Amanhã, 14 de jul.Ou entrega mais rápida: Hoje",False,,,,,,
B0DM9QWNXW,"Galápagos, Ma Que P#**&amp;, 18 anos +, partidas de até 60 min.","R$ 127,49","R$ 161,44",BRL,5,2,https://www.amazon.com.br/dp/B0DM9QWNXW,https://m.media-amazon.com/images/I/61Ntf6zWNcL._AC_UL960_FMwebp_QL65_.jpg,1,"R$ 127,49",False,False,True,False,Mais de 20 compras no mês passado,,False,,Oferta Prime Day,,,,
B0D35ZPZ37,"Ultimate Guard Capas de cartão Katana, 100 mangas TCG de tamanho padrão, 66 x 91 mm, costas ameixa radiante, mangas de torneio, sem PVC e sem ácido, alta nitidez","R$ 66,40","R$ 113,91",BRL,4.6,323,https://www.amazon.com.br/dp/B0D35ZPZ37,https://m.media-amazon.com/images/I/71rL28feZqL._AC_UL960_FMwebp_QL65_.jpg,1,"R$ 66,40",False,False,True,False,Mais de 50 compras no mês passado,,False,,Oferta Prime Day,,,,
B0CZXDMGQ7,DC Multiverse Azrael Curse of The White Knight Sketch Gold Label 7-Inch Action Figure - Entertainment Earth Exclusive,"R$ 314,26",,BRL,4.8,22,https://www.amazon.com.br/dp/B0CZXDMGQ7,https://m.media-amazon.com/images/I/61C5FGXs8VL._AC_UL960_FMwebp_QL65_.jpg,1,"R$ 314,26",False,False,False,False,Mais de 30 compras no mês passado,"Entrega R$ 8,90: ter., 5 de ago.",False,,,,,,
B0DFMPN1DW,"Livro Magnético Vida Animal - 40 Peças, Janod","R$ 119,90",,BRL,4.8,14,https://www.amazon.com.br/dp/B0DFMPN1DW,https://m.media-amazon.com/images/I/61eZoRFB1lL._AC_UL960_FMwebp_QL65_.jpg,1,"R$ 119,90",False,False,False,False,Mais de 30 compras no mês passado,"Entrega GRÁTIS: dom., 20 de jul.",False,,,,,,
B0CVNN38HQ,Funko One Piece - Usopp com Estilingue,"R$ 64,75","R$ 74,78",BRL,4.7,172,https://www.amazon.com.br/dp/B0CVNN38HQ,https://m.media-amazon.com/images/I/713JwqbpviL._AC_UL960_FMwebp_QL65_.jpg,1,"R$ 64,75",False,False,True,False,Mais de 100 compras no mês passado,,False,,Oferta Prime Day,,,,
B0DXY4TTJ2,Brinquedo Montessori Educativo Animais Carros De Silicone Classificação Das Cores Pinça (Meios de Transportes),"R$ 114,93",,BRL,5,3,https://www.amazon.com.br/dp/B0DXY4TTJ2,https://m.media-amazon.com/images/I/61EUlOlavJL._AC_UL960_FMwebp_QL65_.jpg,1,"R$ 114,93",False,False,False,False,,"Entrega GRÁTIS: qua., 16 de jul.",False,,,,,,
B0DJ19FVRD,LEGO City Great Vehicles Motorhome de Aventuras Festivas 60454,"R$ 214,62","R$ 265,99",BRL,4.9,190,https://www.amazon.com.br/dp/B0DJ19FVRD,https://m.media-amazon.com/images/I/81Q83Ya+yCL._AC_UL960_FMwebp_QL65_.jpg,1,"R$ 214,62",False,False,False,False,Mais de 50 compras no mês passado,"Entrega GRÁTIS: Amanhã, 14 de jul.Ou entrega mais rápida: Hoje",False,,,,,,
B0D549CM85,War of The Ring Colored Plastic Rings – Core Set (205+ Pieces),"R$ 289,53",,BRL,5,1,https://www.amazon.com.br/dp/B0D549CM85,https://m.media-amazon.com/images/I/71rl95xLzsL._AC_UL960_FMwebp_QL65_.jpg,1,"R$ 289,53",False,False,False,False,Mais de 20 compras no mês passado,"Entrega R$ 8,90: 5 de ago. - 6 de set.",False,,,,,,
B093KRSNT9,"Coyeekn DND Dice Set, 25 x 7 (175 Pieces) Polyhedron Dice 25 Colors Dice for Dungeons and Dragons Tabletop Role-Playing Games with 1 Large Flannel Bag","R$ 196,15",,BRL,4.8,1147,https://www.amazon.com.br/dp/B093KRSNT9,https://m.media-amazon.com/images/I/81+IIgvpikS._AC_UL960_FMwebp_QL65_.jpg,1,"R$ 196,15",False,False,False,False,Mais de 40 compras no mês passado,"Entrega R$ 8,90: ter., 5 de ago.",False,,,,,,
B0D7PVNKCM,"Polly Pocket, Brinquedo Estojo Ursinhos Carinhosos com 3 Microbonecas e Acessórios Temáticos, Mattel","R$ 139,72","R$ 197,90",BRL,4.8,230,https://www.amazon.com.br/dp/B0D7PVNKCM,https://m.media-amazon.com/images/I/81pOTv0u76L._AC_UL960_FMwebp_QL65_.jpg,6,"R$ 118,39",False,False,False,False,Mais de 30 compras no mês passado,"Entrega GRÁTIS: Amanhã, 14 de jul.Ou entrega mais rápida: Hoje",False,,,,,,
B0C4ZZNL95,Estatueta Mighty Morphin Power Rangers Ultimates Ranger Vermelho 18 cm,"R$ 416,67",,BRL,4.2,67,https://www.amazon.com.br/dp/B0C4ZZNL95,https://m.media-amazon.com/images/I/71r0Z+4E3eL._AC_UL960_FMwebp_QL65_.jpg,1,"R$ 290,06",False,False,True,False,Mais de 40 compras no mês passado,"Entrega R$ 8,90: 4 - 15 de ago.",False,,,,,,
B0DVT86QQV,"Pokémon TCG, Box Display EV9 Amigos de Jornada","R$ 369,90","R$ 396,90",BRL,4.6,74,https://www.amazon.com.br/dp/B0DVT86QQV,https://m.media-amazon.com/images/I/8146zREgeSL._AC_UL960_FMwebp_QL65_.jpg,1,"R$ 369,90",False,False,False,False,Mais de 50 compras no mês passado,"Entrega GRÁTIS: qua., 16 de jul.",False,,,,,,
B0F2VG63CT,Livro de Colorir Ursinhos com Caneta Kit Completo Kit 48 Marcadores Coloridos e Caderno de Colorir Capa Dura com Acetato 50 Páginas (1 Livro e 1 Estojo de Canetinhas)| Premium InoVibes (Rosa),"R$ 189,90",,BRL,4.2,7,https://www.amazon.com.br/dp/B0F2VG63CT,https://m.media-amazon.com/images/I/6143lsdMLhL._AC_UL960_FMwebp_QL65_.jpg,1,"R$ 189,90",False,False,False,False,Mais de 50 compras no mês passado,"Entrega GRÁTIS: sáb., 19 de jul.",False,,,,,,
6586644585,"Galápagos, Vampiro: A Máscara (5ª Edição) - Segunda Inquisição (Suplemento), Livro de RPG, 2 a 10 jogadores","R$ 121,13","R$ 152,04",BRL,5,39,https://www.amazon.com.br/dp/6586644585,https://m.media-amazon.com/images/I/81sqZAjzOPL._AC_UL960_FMwebp_QL65_.jpg,1,"R$ 121,13",False,False,False,False,Mais de 50 compras no mês passado,"Entrega GRÁTIS: Amanhã, 14 de jul.Ou entrega mais rápida: Hoje",False,,,,,,
B0DH9BL4ZT,"Buba, Tapete Dobrável Happy Friends","R$ 183,99",,BRL,5,5,https://www.amazon.com.br/dp/B0DH9BL4ZT,https://m.media-amazon.com/images/I/71qwGmBq3JL._AC_UL960_FMwebp_QL65_.jpg,1,"R$ 183,99",False,False,False,False,Mais de 30 compras no mês passado,"Entrega GRÁTIS: seg., 21 de jul.",False,,,,,,
B0DM1ZL451,"62 Peças Blocos Magnéticos Atualizados, Ladrilhos de Construção Resistentes, Brinquedos STEM para Meninos e Meninas com Mais de 3 Anos Aprendendo Jogando Jogos para Crianças","R$ 116,99","R$ 159,99",BRL,3.9,15,https://www.amazon.com.br/dp/B0DM1ZL451,https://m.media-amazon.com/images/I/7148OUOumxL._AC_UL960_FMwebp_QL65_.jpg,1,"R$ 116,99",False,False,True,False,Mais de 200 compras no mês passado,,False,,Oferta Prime Day,,,,
B0D1MYSB31,"Aven Rabbit Emma Coffee ShopSeries Blind Box Action Figures Mystery Box Cute Random Toys Birthday Gifts Christmas Collectible Toy for Desktop Ornaments,1PC","R$ 148,37",,BRL,4.8,7,https://www.amazon.com.br/dp/B0D1MYSB31,https://m.media-amazon.com/images/I/614QdUuFdML._AC_UL960_FMwebp_QL65_.jpg,1,"R$ 148,37",False,False,False,False,,"Entrega R$ 8,90: 28 de jul. - 13 de ago.",False,,,,,,
B0D2LL5PST,"Galápagos, Harmonies, Jogo de Tabuleiro para Familía, 1 a 4 jogadores, 30min","R$ 429,11",,BRL,4.8,36,https://www.amazon.com.br/dp/B0D2LL5PST,https://m.media-amazon.com/images/I/81KZF7PKwsL._AC_UL960_FMwebp_QL65_.jpg,4,"R$ 341,11",False,False,False,False,Mais de 50 compras no mês passado,"Entrega GRÁTIS: dom., 20 de jul.",False,,,,,,
B0BRTJ26RV,Sonic Prime 5&quot; Articulated Action Figure - Shadow Green Hill Zone,"R$ 149,18","R$ 168,28",BRL,5,1,https://www.amazon.com.br/dp/B0BRTJ26RV,https://m.media-amazon.com/images/I/61-C9-tbqaL._AC_UL960_FMwebp_QL65_.jpg,1,"R$ 149,18",False,False,False,False,,"Entrega R$ 8,90: ter., 5 de ago.",False,,,,,,
B0001VJWFM,"Kikkerland Windup Cosmojetz – Cute Wind Up Pet for Office Desk – Trinkets for Stocking, Easter Basket, or Gift Bag","R$ 143,95",,BRL,4.4,76,https://www.amazon.com.br/dp/B0001VJWFM,https://m.media-amazon.com/images/I/61GbokzQ6XL._AC_UL960_FMwebp_QL65_.jpg,1,"R$ 143,95",False,False,False,False,,"Entrega R$ 8,90: ter., 5 de ago.",False,,,,,,
B0F2VG63CT,Livro de Colorir Ursinhos com Caneta Kit Completo Kit 48 Marcadores Coloridos e Caderno de Colorir Capa Dura com Acetato 50 Páginas (1 Livro e 1 Estojo de Canetinhas)| Premium InoVibes (Rosa),"R$ 189,90",,BRL,4.2,7,https://www.amazon.com.br/dp/B0F2VG63CT,https://m.media-amazon.com/images/I/6143lsdMLhL._AC_UL960_FMwebp_QL65_.jpg,1,"R$ 189,90",False,False,False,False,Mais de 50 compras no mês passado,"Entrega GRÁTIS: sáb., 19 de jul.",False,,,,,,
6586644585,"Galápagos, Vampiro: A Máscara (5ª Edição) - Segunda Inquisição (Suplemento), Livro de RPG, 2 a 10 jogadores","R$ 121,13","R$ 152,04",BRL,5,39,https://www.amazon.com.br/dp/6586644585,https://m.media-amazon.com/images/I/81sqZAjzOPL._AC_UL960_FMwebp_QL65_.jpg,1,"R$ 121,13",False,False,False,False,Mais de 50 compras no mês passado,"Entrega GRÁTIS: Amanhã, 14 de jul.Ou entrega mais rápida: Hoje",False,,,,,,
B08HJ8JDQ6,Nintendo amiibo - Cat Mario - Super Mario Series - Nintendo switch (Japan import),"R$ 209,39",,BRL,4.5,208,https://www.amazon.com.br/dp/B08HJ8JDQ6,https://m.media-amazon.com/images/I/71-cy6MidPL._AC_UL960_FMwebp_QL65_.jpg,1,"R$ 209,39",False,False,False,False,,"Entrega R$ 8,90: ter., 5 de ago.",False,,,,,,
B01KXPYVPG,"Fantasy Flight Games Star Wars Imperial Assault Board Game Alliance Rangers ALLY PACK - Epic Sci-Fi Miniatures Strategy Game for Kids and Adults, Ages 14+, 1-5 Players, 1-2 Hour Playtime,","R$ 79,58","R$ 94,20",BRL,4.4,32,https://www.amazon.com.br/dp/B01KXPYVPG,https://m.media-amazon.com/images/I/91InrDYRXeL._AC_UL960_FMwebp_QL65_.jpg,1,"R$ 79,58",False,False,True,False,,,False,,Oferta Prime Day,,,,
B0DH9BL4ZT,"Buba, Tapete Dobrável Happy Friends","R$ 183,99",,BRL,5,5,https://www.amazon.com.br/dp/B0DH9BL4ZT,https://m.media-amazon.com/images/I/71qwGmBq3JL._AC_UL960_FMwebp_QL65_.jpg,1,"R$ 183,99",False,False,False,False,Mais de 30 compras no mês passado,"Entrega GRÁTIS: seg., 21 de jul.",False,,,,,,
B0DM1ZL451,"62 Peças Blocos Magnéticos Atualizados, Ladrilhos de Construção Resistentes, Brinquedos STEM para Meninos e Meninas com Mais de 3 Anos Aprendendo Jogando Jogos para Crianças","R$ 116,99","R$ 159,99",BRL,3.9,15,https://www.amazon.com.br/dp/B0DM1ZL451,https://m.media-amazon.com/images/I/7148OUOumxL._AC_UL960_FMwebp_QL65_.jpg,1,"R$ 116,99",False,False,True,False,Mais de 200 compras no mês passado,,False,,Oferta Prime Day,,,,
B0D1MYSB31,"Aven Rabbit Emma Coffee ShopSeries Blind Box Action Figures Mystery Box Cute Random Toys Birthday Gifts Christmas Collectible Toy for Desktop Ornaments,1PC","R$ 148,37",,BRL,4.8,7,https://www.amazon.com.br/dp/B0D1MYSB31,https://m.media-amazon.com/images/I/614QdUuFdML._AC_UL960_FMwebp_QL65_.jpg,1,"R$ 148,37",False,False,False,False,,"Entrega R$ 8,90: 28 de jul. - 13 de ago.",False,,,,,,
B0D2LL5PST,"Galápagos, Harmonies, Jogo de Tabuleiro para Familía, 1 a 4 jogadores, 30min","R$ 429,11",,BRL,4.8,36,https://www.amazon.com.br/dp/B0D2LL5PST,https://m.media-amazon.com/images/I/81KZF7PKwsL._AC_UL960_FMwebp_QL65_.jpg,4,"R$ 341,11",False,False,False,False,Mais de 50 compras no mês passado,"Entrega GRÁTIS: dom., 20 de jul.",False,,,,,,
B0BRTJ26RV,Sonic Prime 5&quot; Articulated Action Figure - Shadow Green Hill Zone,"R$ 149,18","R$ 168,28",BRL,5,1,https://www.amazon.com.br/dp/B0BRTJ26RV,https://m.media-amazon.com/images/I/61-C9-tbqaL._AC_UL960_FMwebp_QL65_.jpg,1,"R$ 149,18",False,False,False,False,,"Entrega R$ 8,90: ter., 5 de ago.",False,,,,,,
B0001VJWFM,"Kikkerland Windup Cosmojetz – Cute Wind Up Pet for Office Desk – Trinkets for Stocking, Easter Basket, or Gift Bag","R$ 143,95",,BRL,4.4,76,https://www.amazon.com.br/dp/B0001VJWFM,https://m.media-amazon.com/images/I/61GbokzQ6XL._AC_UL960_FMwebp_QL65_.jpg,1,"R$ 143,95",False,False,False,False,,"Entrega R$ 8,90: ter., 5 de ago.",False,,,,,,
B0DKR4JY4X,Cercado Para Bebês Chiqueirinho Playground Infantil Grande Desmontável e Resistente – Ideal Para Meninos e Meninas - CERCADINHO -180x150x68- MJ BRANDS,"R$ 364,25",,BRL,4.8,42,https://www.amazon.com.br/dp/B0DKR4JY4X,https://m.media-amazon.com/images/I/51yJyirMTiL._AC_UL960_FMwebp_QL65_.jpg,1,"R$ 364,25",False,False,False,False,Mais de 100 compras no mês passado,"Entrega GRÁTIS: sáb., 19 de jul.",False,,,,,,
B0DJ1BRCNF,LEGO Ninjago Vila da Tempestade do Dragão 71841,"R$ 229,99","R$ 294,90",BRL,4.9,145,https://www.amazon.com.br/dp/B0DJ1BRCNF,https://m.media-amazon.com/images/I/81jclWj7SML._AC_UL960_FMwebp_QL65_.jpg,1,"R$ 229,99",False,False,False,False,Mais de 40 compras no mês passado,"Entrega GRÁTIS: Amanhã, 14 de jul.Ou entrega mais rápida: Hoje",False,,,,,,
B0DXQ86JZG,"Monopoly Jogo de tabuleiro para a família, jogos de estratégia, 2 a 6 jogadores, jogos para crianças","R$ 149,99",,BRL,4.8,7,https://www.amazon.com.br/dp/B0DXQ86JZG,https://m.media-amazon.com/images/I/614MF1W+LVL._AC_UL960_FMwebp_QL65_.jpg,6,"R$ 142,49",False,False,False,False,Mais de 200 compras no mês passado,"Entrega GRÁTIS: Amanhã, 14 de jul.Ou entrega mais rápida: Hoje",False,,,,,,
B08XPRJ7R1,"Arcane Tinmen Dragon Shield Card Sleeves – Matte Dual Snow Standard Size 100CT - MGT Card Sleeves are Smooth &amp; Tough - Compatible with Pokemon, Yugioh, &amp; Magic The Gathering Card Sleeves","R$ 118,45",,BRL,4.7,579,https://www.amazon.com.br/dp/B08XPRJ7R1,https://m.media-amazon.com/images/I/61Xmaa-2sQL._AC_UL960_FMwebp_QL65_.jpg,2,"R$ 113,56",False,False,False,False,Mais de 100 compras no mês passado,"Entrega R$ 8,90",False,,,,,,
B0F2559DCF,"Tapete Infantil Tatame Emborrachado Dupla Face Macio Térmico e Dobravel Premium (Colorido, Girafa e Macaco)","R$ 135,00",,BRL,4.3,12,https://www.amazon.com.br/dp/B0F2559DCF,https://m.media-amazon.com/images/I/61IgpRGF7xL._AC_UL960_FMwebp_QL65_.jpg,1,"R$ 135,00",False,False,False,False,Mais de 40 compras no mês passado,"Entrega GRÁTIS: sáb., 19 de jul.",False,Economize 5% com o cupom,,,,,
B0BB88XN19,"Impressions The One Ring RPG Dice Set, White","R$ 178,70",,BRL,4.7,19,https://www.amazon.com.br/dp/B0BB88XN19,https://m.media-amazon.com/images/I/61PUphCGqhL._AC_UL960_FMwebp_QL65_.jpg,1,"R$ 178,70",False,False,False,False,Mais de 50 compras no mês passado,"Entrega R$ 8,90: ter., 5 de ago.",False,,,,,,
B0DJ1BPFH5,LEGO DUPLO Disney Casa e Carro do Mickey Mouse 10454,"R$ 161,01","R$ 180,53",BRL,4.9,109,https://www.amazon.com.br/dp/B0DJ1BPFH5,https://m.media-amazon.com/images/I/81IOWfe3GUL._AC_UL960_FMwebp_QL65_.jpg,11,"R$ 159,90",False,False,False,False,Mais de 50 compras no mês passado,"Entrega GRÁTIS: Amanhã, 14 de jul.Ou entrega mais rápida: Hoje",False,,,,,,
B0CQTMMPZ1,Peppa Pig Peppa&#x27;s Adventures - Turminha da Peppa - 5 Figuras e 6 Acessórios - F8868 - Hasbro,"R$ 105,99","R$ 176,88",BRL,4.9,108,https://www.amazon.com.br/dp/B0CQTMMPZ1,https://m.media-amazon.com/images/I/61mR+dczBgL._AC_UL960_FMwebp_QL65_.jpg,1,"R$ 105,99",False,False,False,False,Mais de 50 compras no mês passado,"Entrega GRÁTIS: ter., 15 de jul.",False,,,,,,
B09GS7NFZF,Speed Cups (PaperGames),"R$ 179,90",,BRL,4.8,98,https://www.amazon.com.br/dp/B09GS7NFZF,https://m.media-amazon.com/images/I/71LUIh8G1-L._AC_UL960_FMwebp_QL65_.jpg,8,"R$ 145,99",False,False,False,False,Mais de 50 compras no mês passado,"Entrega GRÁTIS: seg., 21 de jul.",False,,,,,,
B0F549YZXT,Jogo Tabuleiro Stop 10 Segundos Polibrinq,"R$ 115,00","R$ 124,89",BRL,3.4,12,https://www.amazon.com.br/dp/B0F549YZXT,https://m.media-amazon.com/images/I/61DuiD6izxL._AC_UL960_FMwebp_QL65_.jpg,7,"R$ 109,90",False,False,False,False,,"Entrega GRÁTIS: seg., 21 de jul.",False,,,,,,
B0DXCCDVQC,Tapete Térmico Infantil Atividades Dupla Face Dobrável Macio 8mm 150x200cm (Urso/Elefante),"R$ 119,00","R$ 149,97",BRL,4.4,9,https://www.amazon.com.br/dp/B0DXCCDVQC,https://m.media-amazon.com/images/I/71di60VGg2L._AC_UL960_FMwebp_QL65_.jpg,4,"R$ 104,90",False,False,False,False,Mais de 40 compras no mês passado,"Entrega GRÁTIS: ter., 5 de ago.",False,,,,,,
B0DFG9CRST,"Buba, Tapete Dobrável Baby Arco Iris","R$ 165,30","R$ 187,90",BRL,4.9,55,https://www.amazon.com.br/dp/B0DFG9CRST,https://m.media-amazon.com/images/I/61ikg8DALDL._AC_UL960_FMwebp_QL65_.jpg,1,"R$ 165,30",False,False,False,False,Mais de 300 compras no mês passado,"Entrega GRÁTIS: qui., 24 de jul.",False,,,,,,
B0D428CG84,Funko Bitty Bots: Power Rangers - Megazord with Red Ranger - Bitty Pop! - Power Rangers TV - 0.9 inch &amp; 4.85 inch - Collectable - Gift Idea - Display Stand,"R$ 339,32",,BRL,4.6,27,https://www.amazon.com.br/dp/B0D428CG84,https://m.media-amazon.com/images/I/81BEtMAsafL._AC_UL960_FMwebp_QL65_.jpg,1,"R$ 339,32",False,False,False,False,Mais de 50 compras no mês passado,"Entrega R$ 8,90: 28 de jul. - 13 de ago.",False,,,,,,
B07KWBTQMD,Sonic Prime 5-inch Sonic - The Grim Action Figure 13 points of Articulations. Ages 3+ (Officially licensed by Sega and Netflix),"R$ 128,58",,BRL,4.4,280,https://www.amazon.com.br/dp/B07KWBTQMD,https://m.media-amazon.com/images/I/61VuNrave7L._AC_UL960_FMwebp_QL65_.jpg,1,"R$ 128,58",False,False,False,False,Mais de 30 compras no mês passado,"Entrega R$ 8,90: ter., 5 de ago.",False,,,,,,
B0DXCCDVQC,Tapete Térmico Infantil Atividades Dupla Face Dobrável Macio 8mm 150x200cm (Urso/Elefante),"R$ 119,00","R$ 149,97",BRL,4.4,9,https://www.amazon.com.br/dp/B0DXCCDVQC,https://m.media-amazon.com/images/I/71di60VGg2L._AC_UL960_FMwebp_QL65_.jpg,4,"R$ 104,90",False,False,False,False,Mais de 40 compras no mês passado,"Entrega GRÁTIS: ter., 5 de ago.",False,,,,,,
B0DFG9CRST,"Buba, Tapete Dobrável Baby Arco Iris","R$ 165,30","R$ 187,90",BRL,4.9,55,https://www.amazon.com.br/dp/B0DFG9CRST,https://m.media-amazon.com/images/I/61ikg8DALDL._AC_UL960_FMwebp_QL65_.jpg,1,"R$ 165,30",False,False,False,False,Mais de 300 compras no mês passado,"Entrega GRÁTIS: qui., 24 de jul.",False,,,,,,
B0D428CG84,Funko Bitty Bots: Power Rangers - Megazord with Red Ranger - Bitty Pop! - Power Rangers TV - 0.9 inch &amp; 4.85 inch - Collectable - Gift Idea - Display Stand,"R$ 339,32",,BRL,4.6,27,https://www.amazon.com.br/dp/B0D428CG84,https://m.media-amazon.com/images/I/81BEtMAsafL._AC_UL960_FMwebp_QL65_.jpg,1,"R$ 339,32",False,False,False,False,Mais de 50 compras no mês passado,"Entrega R$ 8,90: 28 de jul. - 13 de ago.",False,,,,,,
B07KWBTQMD,Sonic Prime 5-inch Sonic - The Grim Action Figure 13 points of Articulations. Ages 3+ (Officially licensed by Sega and Netflix),"R$ 128,58",,BRL,4.4,280,https://www.amazon.com.br/dp/B07KWBTQMD,https://m.media-amazon.com/images/I/61VuNrave7L._AC_UL960_FMwebp_QL65_.jpg,1,"R$ 128,58",False,False,False,False,Mais de 30 compras no mês passado,"Entrega R$ 8,90: ter., 5 de ago.",False,,,,,,
B0CGGTY5L3,Funko Pop! Filmes: Abducting Abigail - Abigail - Figura de vinil colecionável - ideia de presente - Mercadoria oficial - Brinquedos para crianças e adultos - Filmes Fans - boneco para colecionadores,"R$ 123,94",,BRL,4.7,75,https://www.amazon.com.br/dp/B0CGGTY5L3,https://m.media-amazon.com/images/I/61hk5YZBcQL._AC_UL960_FMwebp_QL65_.jpg,1,"R$ 123,94",False,False,False,False,Mais de 40 compras no mês passado,"Entrega R$ 8,90: ter., 5 de ago.",False,,,,,,
B004QO1O2Y,"FIGURA SUPERMAN 12&quot;, SUPERMAN FILME, SUNNY","R$ 124,89",,BRL,5,1,https://www.amazon.com.br/dp/B004QO1O2Y,https://m.media-amazon.com/images/I/71nwpJ9HpeL._AC_UL960_FMwebp_QL65_.jpg,1,"R$ 124,89",False,False,False,False,,,False,,,,,,
B0DJ19VGDH,LEGO Minecraft A Casa Porco Bebê 21268,"R$ 137,00","R$ 161,99",BRL,4.9,521,https://www.amazon.com.br/dp/B0DJ19VGDH,https://m.media-amazon.com/images/I/81-XNpEb2bL._AC_UL960_FMwebp_QL65_.jpg,1,"R$ 137,00",False,False,False,False,Mais de 400 compras no mês passado,"Entrega GRÁTIS: Amanhã, 14 de jul.Ou entrega mais rápida: Hoje",False,,,,,,
B0D9528KZD,"G.I. Joe Classified Series #147, S.A.W.-Viper (Semi-Automatic Weapon), Collectible 6 Inch Action Figure with 9 Accessories","R$ 145,04","R$ 169,10",BRL,4.8,86,https://www.amazon.com.br/dp/B0D9528KZD,https://m.media-amazon.com/images/I/71etyoNN+AL._AC_UL960_FMwebp_QL65_.jpg,1,"R$ 145,04",False,False,True,False,Mais de 50 compras no mês passado,,False,,Oferta Prime Day,,,,
B0D8SHQ14K,Vídeo Game Portátil X7 MP5 LD - Retrô Console Multijogos Clássicos 8GB de Memória USB com Tela de 4.3&#x27;&#x27; Polegadas e Saída de Video Interface para TV/AV,"R$ 199,90",,BRL,3.6,44,https://www.amazon.com.br/dp/B0D8SHQ14K,https://m.media-amazon.com/images/I/51C0BiLBKnL._AC_UL960_FMwebp_QL65_.jpg,1,"R$ 199,90",False,False,False,False,Mais de 40 compras no mês passado,"Entrega GRÁTIS: sáb., 19 de jul.",False,,,Not Machine Specific,por Genérico,,
B0DJ1BB7TM,LEGO Classic Caixa Criativa Feliz 11042,"R$ 249,99",,BRL,4.9,18,https://www.amazon.com.br/dp/B0DJ1BB7TM,https://m.media-amazon.com/images/I/81HhjlBOwUL._AC_UL960_FMwebp_QL65_.jpg,1,"R$ 249,99",False,False,False,False,Mais de 50 compras no mês passado,"Entrega GRÁTIS: Amanhã, 14 de jul.Ou entrega mais rápida: Hoje",False,,,,,,
B0CLZHRQK8,Mikasa Bola de Volei de Praia,"R$ 194,31","R$ 206,99",BRL,4.7,939,https://www.amazon.com.br/dp/B0CLZHRQK8,https://m.media-amazon.com/images/I/619L902wGSL._AC_UL960_FMwebp_QL65_.jpg,1,"R$ 194,31",False,False,False,False,Mais de 200 compras no mês passado,"Entrega GRÁTIS: ter., 15 de jul.Ou entrega mais rápida: Hoje",False,,,,,,
B0DJ19FPQG,LEGO Sonic Cyclone vs. Metal Sonic 77002,"R$ 190,68","R$ 246,00",BRL,4.8,274,https://www.amazon.com.br/dp/B0DJ19FPQG,https://m.media-amazon.com/images/I/81q2VX4j+EL._AC_UL960_FMwebp_QL65_.jpg,1,"R$ 190,68",False,False,False,False,Mais de 50 compras no mês passado,"Entrega GRÁTIS: Amanhã, 14 de jul.Ou entrega mais rápida: Hoje",False,,,,,,
B0BM9JDN4Y,"Carrinho Gira 360º Bh Store Sapinho Feliz, Rodinha De Led (Azul e Preto)","R$ 274,99",,BRL,4.4,76,https://www.amazon.com.br/dp/B0BM9JDN4Y,https://m.media-amazon.com/images/I/71TP10irDOL._AC_UL960_FMwebp_QL65_.jpg,1,"R$ 274,99",False,False,False,True,Mais de 50 compras no mês passado,"Entrega GRÁTIS: qui., 24 de jul.",False,,,,,,
B0DGWQVPY5,RoseArt - Toque suave - Flores de gato - Quebra-cabeça de 1000 peças para adultos,"R$ 143,80",,BRL,4.8,49,https://www.amazon.com.br/dp/B0DGWQVPY5,https://m.media-amazon.com/images/I/91gNNoc81LL._AC_UL960_FMwebp_QL65_.jpg,1,"R$ 143,80",False,False,False,False,Mais de 50 compras no mês passado,"Entrega R$ 8,90: ter., 5 de ago.",False,,,,,,
B0D7PVXY89,Barbie Fashionista Boneca Deluxe Vestido Rosa com Laço para crianças a partir de 4 anos,"R$ 191,65","R$ 218,00",BRL,4.7,504,https://www.amazon.com.br/dp/B0D7PVXY89,https://m.media-amazon.com/images/I/71+h9qv0LsL._AC_UL960_FMwebp_QL65_.jpg,1,"R$ 191,65",False,False,False,False,Mais de 50 compras no mês passado,"Entrega GRÁTIS: Amanhã, 14 de jul.Ou entrega mais rápida: Hoje",False,,,,,,
B0DJ1CQJX6,LEGO DUPLO Town Ambulância e Motorista 10447,"R$ 128,24","R$ 154,90",BRL,4.9,62,https://www.amazon.com.br/dp/B0DJ1CQJX6,https://m.media-amazon.com/images/I/816-pCeK3xL._AC_UL960_FMwebp_QL65_.jpg,1,"R$ 128,24",False,False,True,False,Mais de 50 compras no mês passado,,False,,Oferta Prime Day,,,,
B0CSZ52NKM,Ravensburger Disney Lorcana TCG: Shimmering Skies - Emerald &amp; Steel Single-Player Starter Deck | Engaging Gameplay | Over 200 Original Disney Artworks | Ideal for Ages 8+,"R$ 142,04",,BRL,4.7,147,https://www.amazon.com.br/dp/B0CSZ52NKM,https://m.media-amazon.com/images/I/719F-PvrkQL._AC_UL960_FMwebp_QL65_.jpg,3,"R$ 128,19",False,False,False,False,Mais de 40 compras no mês passado,"Entrega R$ 8,90: 23 de jul. - 9 de ago.",False,,,,,,
B09S2GWBYS,"USAopoly - Mario Kart Rainbow Road Quebra-cabeças de 1000 peças, Super Puzzel, multicolorido (PZ005-734-002200-06)","R$ 222,34",,BRL,4.4,373,https://www.amazon.com.br/dp/B09S2GWBYS,https://m.media-amazon.com/images/I/71v7gN1KzBL._AC_UL960_FMwebp_QL65_.jpg,1,"R$ 222,34",False,False,False,False,,"Entrega R$ 8,90: ter., 5 de ago.",False,,,,,,
B0CLQFDPWK,Ceaco Disney - Thomas Kinkade - Alice no país das maravilhas - puzzle de 1000 peças,"R$ 135,11",,BRL,4.6,142,https://www.amazon.com.br/dp/B0CLQFDPWK,https://m.media-amazon.com/images/I/81jBWNgbkkL._AC_UL960_FMwebp_QL65_.jpg,1,"R$ 135,11",False,False,False,False,Mais de 100 compras no mês passado,"Entrega R$ 8,90: ter., 5 de ago.",False,,,,,,
B0DHD7XRBD,"Buba, Tapete Dobrável Baby Dino","R$ 181,99",,BRL,4,12,https://www.amazon.com.br/dp/B0DHD7XRBD,https://m.media-amazon.com/images/I/61jMGaeam-L._AC_UL960_FMwebp_QL65_.jpg,1,"R$ 181,99",False,False,False,False,Mais de 50 compras no mês passado,Entrega GRÁTIS: 21 - 22 de jul.,False,,,,,,
B0CX519LVZ,"Foyucool DIY Book Nook Kit, Miniature Dollhouse Bookshelf Insert with LED Light, 3D Wooden Puzzle Bookend Insert, Perfect for Teens and Adults, Magic Book","R$ 204,88",,BRL,4.4,20,https://www.amazon.com.br/dp/B0CX519LVZ,https://m.media-amazon.com/images/I/81eHPr79w0L._AC_UL960_FMwebp_QL65_.jpg,1,"R$ 204,88",False,False,False,False,Mais de 30 compras no mês passado,"Entrega R$ 8,90: ter., 5 de ago.",False,,,,,,
B0DTLQ3M5L,Bburago 1/43 Scale Formula 1 McLaren F1 MCL38 Miami Grand Prix Collection - #4 Lando Norris,"R$ 139,90",,BRL,4.5,2,https://www.amazon.com.br/dp/B0DTLQ3M5L,https://m.media-amazon.com/images/I/71y9DOG8C5L._AC_UL960_FMwebp_QL65_.jpg,6,"R$ 132,44",False,False,False,False,Mais de 40 compras no mês passado,"Entrega GRÁTIS: qui., 31 de jul.",False,,,,,,
B0DJ1B9RV3,LEGO City Great Vehicles Trator de Fazenda Vermelho com Trailer e Ovelhas 60461,"R$ 118,92","R$ 139,90",BRL,4.9,135,https://www.amazon.com.br/dp/B0DJ1B9RV3,https://m.media-amazon.com/images/I/81iZ4OvGMYL._AC_UL960_FMwebp_QL65_.jpg,1,"R$ 118,92",False,False,True,False,Mais de 50 compras no mês passado,,False,,Oferta Prime Day,,,,
B0DBQFG9SM,"Bettdow Capa de Teclado para iPad Air 13 Polegadas 2024 M2, iPad Pro 12,9 Polegadas (6ª/5ª/4ª/3ª), Trackpad Click-Anywhere com Tela LCD e Teclado Bluetooth com Retroiluminação de 7 Cores,Preto","R$ 402,94","R$ 499,00",BRL,4.4,30,https://www.amazon.com.br/dp/B0DBQFG9SM,https://m.media-amazon.com/images/I/71EUPNJq6jL._AC_UL960_FMwebp_QL65_.jpg,1,"R$ 402,94",False,False,True,False,,,False,,Com Prime,,,,
B0DHD7XRBD,"Buba, Tapete Dobrável Baby Dino","R$ 181,99",,BRL,4,12,https://www.amazon.com.br/dp/B0DHD7XRBD,https://m.media-amazon.com/images/I/61jMGaeam-L._AC_UL960_FMwebp_QL65_.jpg,1,"R$ 181,99",False,False,False,False,Mais de 50 compras no mês passado,Entrega GRÁTIS: 21 - 22 de jul.,False,,,,,,
B0CX519LVZ,"Foyucool DIY Book Nook Kit, Miniature Dollhouse Bookshelf Insert with LED Light, 3D Wooden Puzzle Bookend Insert, Perfect for Teens and Adults, Magic Book","R$ 204,88",,BRL,4.4,20,https://www.amazon.com.br/dp/B0CX519LVZ,https://m.media-amazon.com/images/I/81eHPr79w0L._AC_UL960_FMwebp_QL65_.jpg,1,"R$ 204,88",False,False,False,False,Mais de 30 compras no mês passado,"Entrega R$ 8,90: ter., 5 de ago.",False,,,,,,
B0DTLQ3M5L,Bburago 1/43 Scale Formula 1 McLaren F1 MCL38 Miami Grand Prix Collection - #4 Lando Norris,"R$ 139,90",,BRL,4.5,2,https://www.amazon.com.br/dp/B0DTLQ3M5L,https://m.media-amazon.com/images/I/71y9DOG8C5L._AC_UL960_FMwebp_QL65_.jpg,6,"R$ 132,44",False,False,False,False,Mais de 40 compras no mês passado,"Entrega GRÁTIS: qui., 31 de jul.",False,,,,,,
B0DJ1B9RV3,LEGO City Great Vehicles Trator de Fazenda Vermelho com Trailer e Ovelhas 60461,"R$ 118,92","R$ 139,90",BRL,4.9,135,https://www.amazon.com.br/dp/B0DJ1B9RV3,https://m.media-amazon.com/images/I/81iZ4OvGMYL._AC_UL960_FMwebp_QL65_.jpg,1,"R$ 118,92",False,True,True,False,Mais de 50 compras no mês passado,,False,,Escolha,,,,
B0DBQFG9SM,"Bettdow Capa de Teclado para iPad Air 13 Polegadas 2024 M2, iPad Pro 12,9 Polegadas (6ª/5ª/4ª/3ª), Trackpad Click-Anywhere com Tela LCD e Teclado Bluetooth com Retroiluminação de 7 Cores,Preto","R$ 402,94","R$ 499,00",BRL,4.4,30,https://www.amazon.com.br/dp/B0DBQFG9SM,https://m.media-amazon.com/images/I/71EUPNJq6jL._AC_UL960_FMwebp_QL65_.jpg,1,"R$ 402,94",False,False,True,False,,,False,,Com Prime,,,,
B0D9PJ2PCQ,Tapete Térmico Infantil Atividades Dupla Face Emborrachado Dobrável Macio 8mm 150x200cm Baby Toys,"R$ 114,00","R$ 139,99",BRL,4.7,88,https://www.amazon.com.br/dp/B0D9PJ2PCQ,https://m.media-amazon.com/images/I/71+wNHmHX6L._AC_UL960_FMwebp_QL65_.jpg,6,"R$ 105,90",False,False,False,False,Mais de 600 compras no mês passado,"Entrega GRÁTIS: ter., 5 de ago.",False,,,,,,
B091664YFV,TRICICLO AVESPA MARAL PINK,"R$ 194,35","R$ 228,65",BRL,4.7,1073,https://www.amazon.com.br/dp/B091664YFV,https://m.media-amazon.com/images/I/51vhe3JElxL._AC_UL960_FMwebp_QL65_.jpg,1,"R$ 194,35",False,False,True,False,Mais de 1 mil compras no mês passado,,False,,Oferta Prime Day,,,,
B076PKKN5F,Mor - Piscina 1.500 Litros,"R$ 216,99",,BRL,4.6,1246,https://www.amazon.com.br/dp/B076PKKN5F,https://m.media-amazon.com/images/I/51derKUFCBL._AC_UL960_FMwebp_QL65_.jpg,37,"R$ 179,90",False,False,False,False,Mais de 50 compras no mês passado,"Entrega GRÁTIS: sáb., 19 de jul.",False,,,,,,
B0DJ19F5P9,LEGO Super Mario Mario Kart™ – Mario Bebê contra Luigi Bebê 72034,"R$ 199,99",,BRL,4.9,176,https://www.amazon.com.br/dp/B0DJ19F5P9,https://m.media-amazon.com/images/I/81fLkNyp1yL._AC_UL960_FMwebp_QL65_.jpg,1,"R$ 199,99",False,False,False,False,Mais de 50 compras no mês passado,"Entrega GRÁTIS: Amanhã, 14 de jul.Ou entrega mais rápida: Hoje",False,,,,,,
B0DKYXHLHD,Bburago 1/43 - Red Bull Racing RB20 F1 GP 2024 Race Collection | #1 Max Verstappen,"R$ 129,90",,BRL,4.4,21,https://www.amazon.com.br/dp/B0DKYXHLHD,https://m.media-amazon.com/images/I/71Xeald082L._AC_UL960_FMwebp_QL65_.jpg,7,"R$ 124,90",False,False,False,False,Mais de 100 compras no mês passado,"Entrega GRÁTIS: qua., 16 de jul.",False,,,,,,
B0CXDGKLK5,"Celawork 1000 peças de tapete de quebra-cabeça enrolado com bandejas de classificação de quebra-cabeças, acessórios de quebra-cabeça para armazenamento e economia de quebra-cabeças, tapete de","R$ 126,41",,BRL,4.3,202,https://www.amazon.com.br/dp/B0CXDGKLK5,https://m.media-amazon.com/images/I/813qHvXcsvL._AC_UL960_FMwebp_QL65_.jpg,1,"R$ 126,41",False,False,False,False,Mais de 50 compras no mês passado,"Entrega R$ 8,90: ter., 5 de ago.",False,,,,,,
B0CQRYTQ1R,Funko Pop! Bitty Town: Friends - Rachel Green and Central Perk,"R$ 59,51","R$ 74,28",BRL,4.8,113,https://www.amazon.com.br/dp/B0CQRYTQ1R,https://m.media-amazon.com/images/I/710H2Etg95L._AC_UL960_FMwebp_QL65_.jpg,1,"R$ 59,51",False,False,True,False,Mais de 50 compras no mês passado,,False,,Oferta Prime Day,,,,
B0DH5BV77Y,Super7 Conan The Barbarian Deluxe Iconic Pose - 7&quot; Conan Action Figure with Accessory Classic Movie Collectibles and Retro Toys,"R$ 309,69",,BRL,4.7,124,https://www.amazon.com.br/dp/B0DH5BV77Y,https://m.media-amazon.com/images/I/71ClwxouckL._AC_UL960_FMwebp_QL65_.jpg,1,"R$ 309,69",False,False,False,False,Mais de 50 compras no mês passado,"Entrega R$ 8,90: 24 de jul. - 9 de ago.",False,,,,,,
B0DNRMVFKV,"McFarlane Brinquedos – Boneco DC Multiverse Batman (O Cavaleiro das Trevas Retorna) 18 cm, McFarlane Cover Recreations, Etiqueta Dourada, Exclusivo da Amazon","R$ 265,98",,BRL,4.5,48,https://www.amazon.com.br/dp/B0DNRMVFKV,https://m.media-amazon.com/images/I/71r9EOcp3rL._AC_UL960_FMwebp_QL65_.jpg,1,"R$ 265,98",False,False,False,False,Mais de 40 compras no mês passado,"Entrega R$ 8,90: ter., 5 de ago.",False,,,,,,
B0CRCB4FTM,"Owala Garrafa de água infantil FreeSip térmica de aço inoxidável com canudo para esportes, viagens e escola, garrafa de água esportiva sem BPA, 473 ml, Misty Horizon","R$ 271,21",,BRL,4.6,44299,https://www.amazon.com.br/dp/B0CRCB4FTM,https://m.media-amazon.com/images/I/51-2UPh9ZDL._AC_UL960_FMwebp_QL65_.jpg,1,"R$ 271,21",False,False,False,False,,"Entrega R$ 8,90: ter., 5 de ago.",True,,,,,,
B0F1NJ6GXG,Livro de Colorir Ursinhos Canetinhas Touch Marcadores | Kit Completo 1 Livro e 48 Marcadores Coloridos para Pintar Caderno de Colorir Capa Dura com Acetato 50 Páginas | Premium MyBrins (Rosa),"R$ 151,90","R$ 159,90",BRL,4.1,13,https://www.amazon.com.br/dp/B0F1NJ6GXG,https://m.media-amazon.com/images/I/61fSaWnFwVL._AC_UL960_FMwebp_QL65_.jpg,1,"R$ 151,90",False,False,False,False,,"Entrega GRÁTIS: sáb., 19 de jul.",False,,Economize 5%,,,,
B0D951R1BY,FIGURA STAR WARS BL ANAKIN SKYWALKER,"R$ 246,76",,BRL,4.7,164,https://www.amazon.com.br/dp/B0D951R1BY,https://m.media-amazon.com/images/I/71DO-zPPUwL._AC_UL960_FMwebp_QL65_.jpg,1,"R$ 246,76",False,False,False,False,Mais de 50 compras no mês passado,"Entrega GRÁTIS: qua., 16 de jul.",False,,,,,,
B0DFMP3PSY,"Livro Magnético Fashion - 54 Peças, Janod","R$ 119,90",,BRL,5,9,https://www.amazon.com.br/dp/B0DFMP3PSY,https://m.media-amazon.com/images/I/618EenP0huL._AC_UL960_FMwebp_QL65_.jpg,1,"R$ 119,90",False,False,False,False,Mais de 30 compras no mês passado,"Entrega GRÁTIS: sex., 18 de jul.",False,,,,,,
B0CND2P8K7,Boneco Funko Pop! Marvel 85 Anos - Groot como Homem de Ferro,"R$ 143,87",,BRL,4.9,97,https://www.amazon.com.br/dp/B0CND2P8K7,https://m.media-amazon.com/images/I/61zvIbHQScL._AC_UL960_FMwebp_QL65_.jpg,1,"R$ 143,87",False,False,False,False,Mais de 50 compras no mês passado,"Entrega R$ 8,90: ter., 5 de ago.",False,,,,,,
B0DJ57N1WS,Ferramentas Madeira Construção Kits Infantil Montessori Brinquedos,"R$ 159,00",,BRL,4.8,62,https://www.amazon.com.br/dp/B0DJ57N1WS,https://m.media-amazon.com/images/I/61AdoYFn9gL._AC_UL960_FMwebp_QL65_.jpg,1,"R$ 159,00",False,False,False,False,Mais de 400 compras no mês passado,"Entrega GRÁTIS: qua., 16 de jul.",False,,,,,,
B0F5XVSHV4,"Tapete Infantil Tatame Impermeavel Dobrável XPE Emborrachado 1,50X2,00 10mm Dupla Face, Atividades bebe Estampado","R$ 132,00",,BRL,4.6,5,https://www.amazon.com.br/dp/B0F5XVSHV4,https://m.media-amazon.com/images/I/51G70e7xNgL._AC_UL960_FMwebp_QL65_.jpg,1,"R$ 132,00",False,False,False,False,Mais de 50 compras no mês passado,"Entrega GRÁTIS: dom., 20 de jul.",False,,,,,,
B0DLQKWR5V,"Galápagos, O Senhor dos Anéis: Duelo pela Terra Média, GAMES, a partir de 10 anos, 2 jogadores, partidas de ate 30 min.","R$ 265,07",,BRL,4.6,45,https://www.amazon.com.br/dp/B0DLQKWR5V,https://m.media-amazon.com/images/I/61TEfvLMdvL._AC_UL960_FMwebp_QL65_.jpg,9,"R$ 261,11",False,False,False,False,Mais de 50 compras no mês passado,"Entrega GRÁTIS: Amanhã, 14 de jul.Ou entrega mais rápida: Hoje",False,,,,,,
B08XZMJHR5,MOTILEX HA 60CAPS,"R$ 178,00",,BRL,4.8,238,https://www.amazon.com.br/dp/B08XZMJHR5,https://m.media-amazon.com/images/I/51sU9KVdK7L._AC_UL960_FMwebp_QL65_.jpg,11,"R$ 175,00",False,False,False,False,Mais de 100 compras no mês passado,"Entrega GRÁTIS: seg., 21 de jul.",False,,,,Cápsula,"R$ 2,97",60.0
B08SF86HN6,"Bristol 1350 Jogo de tabuleiro de estratégia, enganação e sorte para 1 a 9 jogadores","R$ 309,61",,BRL,4.7,510,https://www.amazon.com.br/dp/B08SF86HN6,https://m.media-amazon.com/images/I/81Z3ApmO+hL._AC_UL960_FMwebp_QL65_.jpg,1,"R$ 309,61",False,False,False,False,Mais de 40 compras no mês passado,"Entrega R$ 8,90: 24 de jul. - 8 de ago.",False,,,,,,
B08XZMJHR5,MOTILEX HA 60CAPS,"R$ 178,00",,BRL,4.8,238,https://www.amazon.com.br/dp/B08XZMJHR5,https://m.media-amazon.com/images/I/51sU9KVdK7L._AC_UL960_FMwebp_QL65_.jpg,11,"R$ 175,00",False,False,False,False,Mais de 100 compras no mês passado,"Entrega GRÁTIS: seg., 21 de jul.",False,,,,Cápsula,"R$ 2,97",60.0
B08SF86HN6,"Bristol 1350 Jogo de tabuleiro de estratégia, enganação e sorte para 1 a 9 jogadores","R$ 309,61",,BRL,4.7,510,https://www.amazon.com.br/dp/B08SF86HN6,https://m.media-amazon.com/images/I/81Z3ApmO+hL._AC_UL960_FMwebp_QL65_.jpg,1,"R$ 309,61",False,False,False,False,Mais de 40 compras no mês passado,"Entrega R$ 8,90: 24 de jul. - 8 de ago.",False,,,,,,
0735383553,Michael Storrings Cities Around the World 1000 Piece Puzzle,"R$ 161,24",,BRL,4.8,30,https://www.amazon.com.br/dp/0735383553,https://m.media-amazon.com/images/I/91IVas5jdjL._AC_UL960_FMwebp_QL65_.jpg,1,"R$ 161,24",False,False,False,False,Mais de 50 compras no mês passado,"Entrega R$ 8,90: ter., 5 de ago.",False,,,,,,
B0DLPCXTL3,"Tapete de Atividades Infantil Térmico Dupla Face, 2,0 x 1,5m Estampas Divertidas (Amarelinha/Bichinhos)","R$ 124,90",,BRL,4.6,48,https://www.amazon.com.br/dp/B0DLPCXTL3,https://m.media-amazon.com/images/I/71zmPM5Zx+L._AC_UL960_FMwebp_QL65_.jpg,1,"R$ 124,90",False,False,False,False,,"Entrega GRÁTIS: dom., 20 de jul.",False,,,,,,
B0DMSMTML5,Brastoy Placa de Montessori Sensorial para Crianças Maleta Educativa Brinquedo (Animais),"R$ 159,00",,BRL,4.7,278,https://www.amazon.com.br/dp/B0DMSMTML5,https://m.media-amazon.com/images/I/81wTsNjwOzL._AC_UL960_FMwebp_QL65_.jpg,1,"R$ 159,00",False,False,False,False,Mais de 50 compras no mês passado,"Entrega GRÁTIS: dom., 20 de jul.",False,,,,,,
B0D7W4JDQL,Barbie Fantasía Boneca Fada Cores Mágicas para crianças a partir de 3 anos,"R$ 152,94","R$ 183,95",BRL,4.4,184,https://www.amazon.com.br/dp/B0D7W4JDQL,https://m.media-amazon.com/images/I/51PdVFQLK5L._AC_UL960_FMwebp_QL65_.jpg,1,"R$ 152,94",False,False,True,False,Mais de 50 compras no mês passado,,False,,Oferta Prime Day,,,,
B0DHLFGNMM,LEGO Speed Champions Carro de Corrida Oracle Red Bull Racing RB20 F1® 77243,"R$ 204,99","R$ 228,48",BRL,4.8,509,https://www.amazon.com.br/dp/B0DHLFGNMM,https://m.media-amazon.com/images/I/81oplZow5nL._AC_UL960_FMwebp_QL65_.jpg,1,"R$ 204,99",False,False,False,False,Mais de 100 compras no mês passado,Entrega GRÁTIS: 21 - 22 de jul.,False,,,,,,
9189143876,"Free League - Dragonbane: RPG Core Set - Mirth &amp; Mayhem Boxed Set, Inclui: Dado, Livro de Regras, Mapa &amp; Mais, Jogo de RPG para 6 Jogadores, Idade Mínima: 100 Meses","R$ 352,95",,BRL,4.9,170,https://www.amazon.com.br/dp/9189143876,https://m.media-amazon.com/images/I/61ihT8vTPSL._AC_UL960_FMwebp_QL65_.jpg,1,"R$ 352,95",False,False,False,False,,"Entrega R$ 8,90: ter., 5 de ago.",False,,,,,,
B0D8BW6R8C,Balance Bike Masculina,"R$ 209,00",,BRL,4.7,86,https://www.amazon.com.br/dp/B0D8BW6R8C,https://m.media-amazon.com/images/I/71J1Qps8lJL._AC_UL960_FMwebp_QL65_.jpg,20,"R$ 162,54",False,False,False,False,Mais de 100 compras no mês passado,"Entrega GRÁTIS: seg., 21 de jul.",False,,,,,,
B07KWZXYSV,Sonic the Hedgehog 4-inch Shadow Action Figure with Star Spring Accessory. Ages 3+ (Officially licensed by Sega),"R$ 85,70","R$ 95,11",BRL,4.7,413,https://www.amazon.com.br/dp/B07KWZXYSV,https://m.media-amazon.com/images/I/61MCGze3tJL._AC_UL960_FMwebp_QL65_.jpg,1,"R$ 85,70",False,False,True,False,,,False,,Oferta Prime Day,,,,
B08PTL3DLQ,"Galápagos, Gamegenic: Matte Standard Card Game Sleeve Value Pack 200, Acessório","R$ 107,38",,BRL,4.8,503,https://www.amazon.com.br/dp/B08PTL3DLQ,https://m.media-amazon.com/images/I/51KGmWrhh6L._AC_UL960_FMwebp_QL65_.jpg,1,"R$ 107,38",False,False,False,False,Mais de 50 compras no mês passado,"Entrega R$ 8,90: ter., 5 de ago.",False,,,,,,
B0D9K16SQ4,lrjrizzo Tarot Cards for Beginners Pink Tarot Cards with Guide Book Gold Foil with Meanings on Them 78 Classic Origina Rider Waite Taro Deck Fortune Telling Game（Pink）,"R$ 142,81",,BRL,4.5,86,https://www.amazon.com.br/dp/B0D9K16SQ4,https://m.media-amazon.com/images/I/81qnaNFPDAL._AC_UL960_FMwebp_QL65_.jpg,1,"R$ 142,81",False,False,False,False,Mais de 40 compras no mês passado,"Entrega R$ 8,90: ter., 5 de ago.",False,,,,,,
B0DHLJ6TR9,LEGO Botanicals Lindo Buquê de Flores Rosas 10342,"R$ 381,65","R$ 449,00",BRL,4.9,737,https://www.amazon.com.br/dp/B0DHLJ6TR9,https://m.media-amazon.com/images/I/81Zjp2ZEs-L._AC_UL960_FMwebp_QL65_.jpg,1,"R$ 381,65",False,False,True,False,Mais de 100 compras no mês passado,,False,,Oferta Prime Day,,,,
B0C4GRDD5Y,Super7 ULTIMATES! SilverHawks Quicksilver - 7&quot; SilverHawks Action Figure with Accessories Classic Cartoon Collectibles and Retro Toys,"R$ 443,49",,BRL,4.6,110,https://www.amazon.com.br/dp/B0C4GRDD5Y,https://m.media-amazon.com/images/I/71JANg+L4ML._AC_UL960_FMwebp_QL65_.jpg,1,"R$ 443,49",False,False,False,False,Mais de 50 compras no mês passado,"Entrega R$ 8,90: ter., 5 de ago.",False,,,,,,
B0DKK5YR69,O Coliseu 4000 Pecas,"R$ 164,06",,BRL,4.6,19,https://www.amazon.com.br/dp/B0DKK5YR69,https://m.media-amazon.com/images/I/71QWh1gHLcL._AC_UL960_FMwebp_QL65_.jpg,9,"R$ 159,99",False,False,False,False,Mais de 50 compras no mês passado,"Entrega GRÁTIS: Amanhã, 14 de jul.Ou entrega mais rápida: Hoje",False,,,,,,
B0F7FX6FP2,Jogo de Xadrez Clássico Profissional Magnético Grande Luxo Tabuleiro Peças 100% Madeira Reflorestada Acabamento em Verniz,"R$ 399,99",,BRL,5,2,https://www.amazon.com.br/dp/B0F7FX6FP2,https://m.media-amazon.com/images/I/81Qpg5FW3lL._AC_UL960_FMwebp_QL65_.jpg,1,"R$ 399,99",False,False,False,False,Mais de 30 compras no mês passado,"Entrega GRÁTIS: sáb., 19 de jul.",False,,,,,,
B0D7PVKGG7,"Hot Wheels, Pista de Brinquedo T-Rex x Quartel de Bombeiros","R$ 304,99",,BRL,4.6,573,https://www.amazon.com.br/dp/B0D7PVKGG7,https://m.media-amazon.com/images/I/81iOLBDukQL._AC_UL960_FMwebp_QL65_.jpg,10,"R$ 271,05",False,False,False,False,Mais de 100 compras no mês passado,"Entrega GRÁTIS: qua., 16 de jul.",False,,,,,,
B0CJCGVK58,"Wyspell Tarot Kit Includes Gold Tarot Cards with Guide Book, a Cloth, a Bag, a Journal, and a Classic Deck Holder - Beautiful Taro Cards for Beginners Kit","R$ 187,44",,BRL,4.6,144,https://www.amazon.com.br/dp/B0CJCGVK58,https://m.media-amazon.com/images/I/91NL92ZUrkL._AC_UL960_FMwebp_QL65_.jpg,1,"R$ 187,44",False,False,False,False,Mais de 50 compras no mês passado,"Entrega R$ 8,90: ter., 5 de ago.",False,,,,,,
B0DJ199X9Z,LEGO Super Heroes DC Tumbler do Batman™ vs. Duas Caras™ e o Coringa™ 76303,"R$ 325,55","R$ 383,00",BRL,4.8,114,https://www.amazon.com.br/dp/B0DJ199X9Z,https://m.media-amazon.com/images/I/813mJinadtL._AC_UL960_FMwebp_QL65_.jpg,1,"R$ 325,55",False,False,True,False,Mais de 50 compras no mês passado,,False,,Oferta Prime Day,,,,
B0DJ18G28J,LEGO City Great Vehicles Ambulância de Emergência 60451,"R$ 130,00","R$ 151,98",BRL,4.8,139,https://www.amazon.com.br/dp/B0DJ18G28J,https://m.media-amazon.com/images/I/81tqXmh-YnL._AC_UL960_FMwebp_QL65_.jpg,1,"R$ 130,00",False,False,True,False,Mais de 50 compras no mês passado,,False,,Oferta Prime Day,,,,
B0DJ18ZWYQ,LEGO Botanicals Bambu da Sorte 10344,"R$ 196,00","R$ 219,90",BRL,4.9,1208,https://www.amazon.com.br/dp/B0DJ18ZWYQ,https://m.media-amazon.com/images/I/81yNCKqW4FL._AC_UL960_FMwebp_QL65_.jpg,1,"R$ 196,00",False,False,False,False,Mais de 200 compras no mês passado,"Entrega GRÁTIS: Amanhã, 14 de jul.Ou entrega mais rápida: Hoje",False,,,,,,
B0BX3PZXPC,"Tarot Cards, 78 Tarot Deck with Gold Edges, Original Tarot Cards for Beginners and Experts with Guide Book and Gift Bag, Fortune Telling Game, Divination Tools for All Skill Levels, Black and Gold.","R$ 177,81",,BRL,4.6,441,https://www.amazon.com.br/dp/B0BX3PZXPC,https://m.media-amazon.com/images/I/81SfS0f7yzL._AC_UL960_FMwebp_QL65_.jpg,1,"R$ 177,81",False,False,False,False,Mais de 40 compras no mês passado,"Entrega R$ 8,90: ter., 5 de ago.",False,,,,,,
B0F2GKR74M,Canetinha Touch 60 Cores - Estojo Profissional de Marcadores com Tampa Codificadas e Ponta Dupla - Conjunto De Marcador Permanente Para Crianças e Adultos para Colorir Pintar Esboçar - Linha Premium,"R$ 126,90",,BRL,5,6,https://www.amazon.com.br/dp/B0F2GKR74M,https://m.media-amazon.com/images/I/61E3v9+gbiL._AC_UL960_FMwebp_QL65_.jpg,1,"R$ 126,90",False,False,False,False,Mais de 50 compras no mês passado,"Entrega GRÁTIS: qua., 16 de jul.",False,,,,,,
B0D889ZKML,Fun Divirta-se - Rainbocorn Kittycorn Suprise - Séries 9,"R$ 135,90","R$ 159,99",BRL,4.7,19,https://www.amazon.com.br/dp/B0D889ZKML,https://m.media-amazon.com/images/I/6196t1uoOsL._AC_UL960_FMwebp_QL65_.jpg,1,"R$ 135,90",False,False,True,False,Mais de 40 compras no mês passado,,False,,Oferta Prime Day,,,,
B0F2GKR74M,Canetinha Touch 60 Cores - Estojo Profissional de Marcadores com Tampa Codificadas e Ponta Dupla - Conjunto De Marcador Permanente Para Crianças e Adultos para Colorir Pintar Esboçar - Linha Premium,"R$ 126,90",,BRL,5,6,https://www.amazon.com.br/dp/B0F2GKR74M,https://m.media-amazon.com/images/I/61E3v9+gbiL._AC_UL960_FMwebp_QL65_.jpg,1,"R$ 126,90",False,False,False,False,Mais de 50 compras no mês passado,"Entrega GRÁTIS: qua., 16 de jul.",False,,,,,,
B0D889ZKML,Fun Divirta-se - Rainbocorn Kittycorn Suprise - Séries 9,"R$ 135,90","R$ 159,99",BRL,4.7,19,https://www.amazon.com.br/dp/B0D889ZKML,https://m.media-amazon.com/images/I/6196t1uoOsL._AC_UL960_FMwebp_QL65_.jpg,1,"R$ 135,90",False,False,True,False,Mais de 40 compras no mês passado,,False,,Oferta Prime Day,,,,
B0D6CZK46Z,"Ito, Party Game Cooperativo","R$ 111,74","R$ 116,31",BRL,4.9,320,https://www.amazon.com.br/dp/B0D6CZK46Z,https://m.media-amazon.com/images/I/51QiJ6gABRL._AC_UL960_FMwebp_QL65_.jpg,15,"R$ 94,90",False,False,False,False,Mais de 500 compras no mês passado,"Entrega GRÁTIS: Amanhã, 14 de jul.Ou entrega mais rápida: Hoje",False,,,,,,
B0CPFKFLDL,Erwachsenenpuzzle 1000 Teile - Disney Classics - Im Spielzeugladen,"R$ 235,47",,BRL,4.6,211,https://www.amazon.com.br/dp/B0CPFKFLDL,https://m.media-amazon.com/images/I/61GGwOe-OoL._AC_UL960_FMwebp_QL65_.jpg,2,"R$ 212,90",False,False,False,False,Mais de 20 compras no mês passado,"Entrega R$ 8,90: 22 de jul. - 8 de ago.",False,,,,,,
B0CVNXJQ6Z,Funko One Piece - Sanji Apaixonado,"R$ 129,99",,BRL,4.8,283,https://www.amazon.com.br/dp/B0CVNXJQ6Z,https://m.media-amazon.com/images/I/71I6VhdG+xL._AC_UL960_FMwebp_QL65_.jpg,12,"R$ 129,90",False,False,False,False,Mais de 600 compras no mês passado,"Entrega GRÁTIS: seg., 28 de jul.",False,,,,,,
B0CND14QB8,Funko Pop! Movies: The Conjuring – Lorraine,"R$ 66,50","R$ 78,68",BRL,4.8,103,https://www.amazon.com.br/dp/B0CND14QB8,https://m.media-amazon.com/images/I/71pglW85wWL._AC_UL960_FMwebp_QL65_.jpg,1,"R$ 66,50",False,False,True,False,Mais de 100 compras no mês passado,,False,,Oferta Prime Day,,,,
B0DHLHNFKP,LEGO Speed Champions Carro de Corrida Williams Racing FW46 F1® 77249,"R$ 219,00",,BRL,4.9,196,https://www.amazon.com.br/dp/B0DHLHNFKP,https://m.media-amazon.com/images/I/81FemWE9amL._AC_UL960_FMwebp_QL65_.jpg,20,"R$ 199,90",False,False,False,False,Mais de 100 compras no mês passado,"Entrega GRÁTIS: qua., 16 de jul.",False,,,,,,
B0DRZ6YRLB,"Trick Or Treat, Halloween 2 - Strategy Board Game - for 2 to 4 Players, Ages 14+","R$ 287,40",,BRL,5,1,https://www.amazon.com.br/dp/B0DRZ6YRLB,https://m.media-amazon.com/images/I/91bqHwUARAL._AC_UL960_FMwebp_QL65_.jpg,1,"R$ 287,40",False,False,False,False,Mais de 20 compras no mês passado,"Entrega R$ 8,90: ter., 5 de ago.",False,,,,,,
B0D81JNHYW,Slide Street 2&quot; 5 piece Set Car Culture 2024 Series H Diecast Model Cars FPY86-959H,"R$ 385,74",,BRL,5,1,https://www.amazon.com.br/dp/B0D81JNHYW,https://m.media-amazon.com/images/I/81RQdCj8+gL._AC_UL960_FMwebp_QL65_.jpg,1,"R$ 263,27",False,False,True,False,Mais de 30 compras no mês passado,"Entrega R$ 8,90: ter., 5 de ago.",False,,,,,,
B0D321S27K,"2 Unidades de Bola Rítmica Africana, Instrumento Kashaka, Agitador de Ovos Musical, Cabaça Dupla, Percussão, Asalato, Bolas de Tambor na Ponta Dos Dedos, Ajustáveis ​​para Bola","R$ 109,00",,BRL,3.8,6,https://www.amazon.com.br/dp/B0D321S27K,https://m.media-amazon.com/images/I/61wplSISItL._AC_UL960_FMwebp_QL65_.jpg,1,"R$ 109,00",False,False,False,False,Mais de 20 compras no mês passado,Entrega GRÁTIS: 1 - 11 de ago.,False,,,,,,
B0CMGT2NRT,Wicked Boneca Glinda com canções para crianças a partir de 4 anos,"R$ 253,35","R$ 332,49",BRL,4.6,152,https://www.amazon.com.br/dp/B0CMGT2NRT,https://m.media-amazon.com/images/I/61v9c6iJcdL._AC_UL960_FMwebp_QL65_.jpg,1,"R$ 253,35",False,False,True,False,,,False,,Oferta Prime Day,,,,
B0DFGQ6BQL,"Buba, Tapete Dobrável Animal Party","R$ 190,06",,BRL,4.8,21,https://www.amazon.com.br/dp/B0DFGQ6BQL,https://m.media-amazon.com/images/I/71Skf2o6XxL._AC_UL960_FMwebp_QL65_.jpg,7,"R$ 187,00",False,False,False,False,Mais de 40 compras no mês passado,"Entrega GRÁTIS: qui., 31 de jul.",False,,,,,,
B08963F172,"Pogobol, Amarelo e Laranja, Estrela","R$ 128,24","R$ 157,99",BRL,4.8,618,https://www.amazon.com.br/dp/B08963F172,https://m.media-amazon.com/images/I/71xbixHCKlL._AC_UL960_FMwebp_QL65_.jpg,1,"R$ 128,24",False,False,True,False,Mais de 100 compras no mês passado,,False,,Oferta Prime Day,,,,
B0DJ19M6KK,LEGO Star Wars Logotipo de Star Wars Construído com peças 75407,"R$ 479,99","R$ 539,00",BRL,4.8,133,https://www.amazon.com.br/dp/B0DJ19M6KK,https://m.media-amazon.com/images/I/81Z+qQqtoZL._AC_UL960_FMwebp_QL65_.jpg,10,"R$ 473,99",False,False,False,False,Mais de 30 compras no mês passado,"Entrega GRÁTIS: Amanhã, 14 de jul.Ou entrega mais rápida: Hoje",False,,,,,,
B07N7HCL1K,EAGLE-GRYPHON GAMES Fleet: The Dice Game (2ª Edição) - Jogo de Cartas Estratégico de Rolagem e Escrita - 1-4 Jogadores - Edição em Inglês,"R$ 328,15",,BRL,,0,https://www.amazon.com.br/dp/B07N7HCL1K,https://m.media-amazon.com/images/I/61ksMMzi+rS._AC_UL960_FMwebp_QL65_.jpg,1,"R$ 328,15",False,False,False,False,Mais de 20 compras no mês passado,"Entrega R$ 8,90: 21 de jul. - 6 de ago.",False,,,,,,
B0F1TVQWZW,"Pokémon TCG, Box Coleção Bellibolt ex da Kissera","R$ 124,90",,BRL,4.9,12,https://www.amazon.com.br/dp/B0F1TVQWZW,https://m.media-amazon.com/images/I/81f9ChMmD0L._AC_UL960_FMwebp_QL65_.jpg,23,"R$ 111,51",False,False,False,False,Mais de 50 compras no mês passado,"Entrega GRÁTIS: Amanhã, 14 de jul.Ou entrega mais rápida: Hoje",False,,,,,,
B0CPB7FJT7,Super7 Johnny Ramone - 3.75&quot; Johnny Ramone Action Figure with Accessory Classic Music Collectibles and Retro Toys,"R$ 178,75",,BRL,4.8,22,https://www.amazon.com.br/dp/B0CPB7FJT7,https://m.media-amazon.com/images/I/81X3JCWPKSL._AC_UL960_FMwebp_QL65_.jpg,1,"R$ 178,75",False,False,False,False,Mais de 30 compras no mês passado,"Entrega R$ 8,90: ter., 5 de ago.",False,,,,,,
B0D2M5T8C6,"Play-Doh Conjunto de Massinha Sorveteria Colorida, kit com 5 potes de massinha de modelar e acessórios, para crianças acima de 3 anos","R$ 102,00","R$ 128,54",BRL,4.8,44,https://www.amazon.com.br/dp/B0D2M5T8C6,https://m.media-amazon.com/images/I/61zdIDHI-aL._AC_UL960_FMwebp_QL65_.jpg,1,"R$ 102,00",False,False,False,False,Mais de 200 compras no mês passado,"Entrega GRÁTIS: Amanhã, 14 de jul.Ou entrega mais rápida: Hoje",False,,,,,,
B09H83XG6L,"Carrinho de Rolimã Azul, Importway","R$ 279,99","R$ 299,90",BRL,4.6,44,https://www.amazon.com.br/dp/B09H83XG6L,https://m.media-amazon.com/images/I/516xIe1uO8L._AC_UL960_FMwebp_QL65_.jpg,8,"R$ 199,99",False,False,False,False,,"Entrega GRÁTIS: ter., 29 de jul.",False,,,,,,
B0DG412Q4G,"SFG Darkest Dungeon: The Board Game - The Crimson Court Expansion - Jogo de Tabuleiro Cooperativo para 1 a 4 Jogadores, a partir de 12 anos","R$ 352,89",,BRL,4.4,10,https://www.amazon.com.br/dp/B0DG412Q4G,https://m.media-amazon.com/images/I/61kqyPFESfL._AC_UL960_FMwebp_QL65_.jpg,1,"R$ 352,89",False,False,False,False,Mais de 40 compras no mês passado,"Entrega R$ 8,90: 28 de jul. - 12 de ago.",False,,,,,,
B0DRNXRS68,Bebê Reborn Boneca Corpo de Silicone Realista Menina Pintada Original (Garota Linda 55cm),"R$ 279,65","R$ 329,00",BRL,4.6,174,https://www.amazon.com.br/dp/B0DRNXRS68,https://m.media-amazon.com/images/I/71heJY9IucL._AC_UL960_FMwebp_QL65_.jpg,1,"R$ 279,65",False,False,True,False,Mais de 40 compras no mês passado,,False,,Com Prime,,,,
B0D1CV963Q,"Mario 5&quot; Com Acessorio, Mario Bross, Sunny","R$ 109,99",,BRL,5,27,https://www.amazon.com.br/dp/B0D1CV963Q,https://m.media-amazon.com/images/I/61fVXB-nSHL._AC_UL960_FMwebp_QL65_.jpg,17,"R$ 99,43",False,False,False,False,Mais de 50 compras no mês passado,"Entrega GRÁTIS: Amanhã, 14 de jul.Ou entrega mais rápida: Hoje",False,,,,,,
B0D952LZKT,"G.I. Joe Classified Series #153, Frag-Viper, Collectible 6 Inch Action Figure with 10 Accessories","R$ 222,39",,BRL,5,32,https://www.amazon.com.br/dp/B0D952LZKT,https://m.media-amazon.com/images/I/71gIQDyrMNL._AC_UL960_FMwebp_QL65_.jpg,1,"R$ 222,39",False,False,False,False,,"Entrega R$ 8,90: ter., 5 de ago.",False,,,,,,
B0DZF38RY2,"Hoplomachus: Pandora’s Might Expansion - Strategy Board Game for Victorum, New Heroes, Tactical Dice","R$ 178,36",,BRL,,0,https://www.amazon.com.br/dp/B0DZF38RY2,https://m.media-amazon.com/images/I/61gRorAE1eL._AC_UL960_FMwebp_QL65_.jpg,1,"R$ 178,36",False,False,False,False,Mais de 30 compras no mês passado,"Entrega R$ 8,90: ter., 5 de ago.",False,,,,,,
B0DRNXRS68,Bebê Reborn Boneca Corpo de Silicone Realista Menina Pintada Original (Garota Linda 55cm),"R$ 279,65","R$ 329,00",BRL,4.6,174,https://www.amazon.com.br/dp/B0DRNXRS68,https://m.media-amazon.com/images/I/71heJY9IucL._AC_UL960_FMwebp_QL65_.jpg,1,"R$ 279,65",False,False,True,False,Mais de 40 compras no mês passado,,False,,Com Prime,,,,
B0D1CV963Q,"Mario 5&quot; Com Acessorio, Mario Bross, Sunny","R$ 109,99",,BRL,5,27,https://www.amazon.com.br/dp/B0D1CV963Q,https://m.media-amazon.com/images/I/61fVXB-nSHL._AC_UL960_FMwebp_QL65_.jpg,17,"R$ 99,43",False,False,False,False,Mais de 50 compras no mês passado,"Entrega GRÁTIS: Amanhã, 14 de jul.Ou entrega mais rápida: Hoje",False,,,,,,
B0D952LZKT,"G.I. Joe Classified Series #153, Frag-Viper, Collectible 6 Inch Action Figure with 10 Accessories","R$ 222,39",,BRL,5,32,https://www.amazon.com.br/dp/B0D952LZKT,https://m.media-amazon.com/images/I/71gIQDyrMNL._AC_UL960_FMwebp_QL65_.jpg,1,"R$ 222,39",False,False,False,False,,"Entrega R$ 8,90: ter., 5 de ago.",False,,,,,,
B0DZF38RY2,"Hoplomachus: Pandora’s Might Expansion - Strategy Board Game for Victorum, New Heroes, Tactical Dice","R$ 178,36",,BRL,,0,https://www.amazon.com.br/dp/B0DZF38RY2,https://m.media-amazon.com/images/I/61gRorAE1eL._AC_UL960_FMwebp_QL65_.jpg,1,"R$ 178,36",False,False,False,False,Mais de 30 compras no mês passado,"Entrega R$ 8,90: ter., 5 de ago.",False,,,,,,
B0CSZ4LW95,Ravensburger - Trading Cards (11098386),"R$ 145,15",,BRL,4.7,105,https://www.amazon.com.br/dp/B0CSZ4LW95,https://m.media-amazon.com/images/I/61nns2PdrsL._AC_UL960_FMwebp_QL65_.jpg,1,"R$ 145,15",False,True,False,False,Mais de 100 compras no mês passado,"Entrega R$ 8,90: 4 - 26 de ago.",False,,Escolha,,,,
B0DMSV7LF3,Placa de Montessori Sensorial para Crianças Maleta Educativa Brinquedo (Animal),"R$ 142,00",,BRL,4.6,305,https://www.amazon.com.br/dp/B0DMSV7LF3,https://m.media-amazon.com/images/I/71lFr2x4I0L._AC_UL960_FMwebp_QL65_.jpg,1,"R$ 142,00",False,False,False,False,Mais de 50 compras no mês passado,"Entrega GRÁTIS: ter., 22 de jul.",False,,,,,,
B0B9PBX1KP,Jogo Porquinho Comilão Multikids - BR1794,"R$ 191,98",,BRL,4.8,135,https://www.amazon.com.br/dp/B0B9PBX1KP,https://m.media-amazon.com/images/I/51NiFK1F1WL._AC_UL960_FMwebp_QL65_.jpg,1,"R$ 191,98",False,False,False,False,Mais de 30 compras no mês passado,"Entrega GRÁTIS: Amanhã, 14 de jul.Ou entrega mais rápida: Hoje",False,,,,,,
B0DGB3RVR5,"Galápagos, Cidades Sombrias #5: Hollywood 1947, Galera, 14 anos+, 1 a 9 jogadores, partidas de até 30 min.","R$ 233,91",,BRL,5,13,https://www.amazon.com.br/dp/B0DGB3RVR5,https://m.media-amazon.com/images/I/71mYFfmKanL._AC_UL960_FMwebp_QL65_.jpg,3,"R$ 199,99",False,False,False,False,Mais de 30 compras no mês passado,"Entrega GRÁTIS: Amanhã, 14 de jul.Ou entrega mais rápida: Hoje",False,,,,,,
B0DDTFYFSK,"Sonic 3 Movie - Figuras de 12,7 cm: Sonic com Emerald Wave 3","R$ 153,89",,BRL,4.5,45,https://www.amazon.com.br/dp/B0DDTFYFSK,https://m.media-amazon.com/images/I/61DprdeXv0L._AC_UL960_FMwebp_QL65_.jpg,1,"R$ 153,89",False,False,False,False,Mais de 50 compras no mês passado,"Entrega R$ 8,90: ter., 5 de ago.",False,,,,,,
B0DJ199XBY,LEGO Super Mario Mario Kart™ – Kart padrão 72032,"R$ 144,90","R$ 170,47",BRL,4.8,312,https://www.amazon.com.br/dp/B0DJ199XBY,https://m.media-amazon.com/images/I/816jF71AZUL._AC_UL960_FMwebp_QL65_.jpg,1,"R$ 144,90",False,False,True,False,Mais de 100 compras no mês passado,,False,,Oferta Prime Day,,,,
B0D1DNK83N,"Funko Pop Bitty: Stranger Things - Hopper, Joyce, Demogorgon - (Closed Face), and Mystery Chase Figure - (Style May Vary) and A Surprise Mystery Mini Figure - 0.9 Inch (2.2 Cm) Collectable","R$ 49,91","R$ 57,55",BRL,4.8,54,https://www.amazon.com.br/dp/B0D1DNK83N,https://m.media-amazon.com/images/I/71gZEciT1SL._AC_UL960_FMwebp_QL65_.jpg,1,"R$ 49,91",False,False,True,False,Mais de 50 compras no mês passado,,False,,Oferta Prime Day,,,,
B089633L2H,"Pogobol, Roxo e Verde, Estrela","R$ 144,99",,BRL,4.7,554,https://www.amazon.com.br/dp/B089633L2H,https://m.media-amazon.com/images/I/81+njk09gxL._AC_UL960_FMwebp_QL65_.jpg,15,"R$ 92,96",False,False,False,False,Mais de 50 compras no mês passado,"Entrega GRÁTIS: ter., 29 de jul.",False,,,,,,
1913947319,The Marina Abramovic Method: Instruction Cards to Reboot Your Life,"R$ 66,14","R$ 119,65",BRL,4.6,134,https://www.amazon.com.br/dp/1913947319,https://m.media-amazon.com/images/I/71Pqdt01u4L._AC_UL960_FMwebp_QL65_.jpg,1,"R$ 66,14",False,False,True,False,,,False,,Oferta Prime Day,,,,
B0D9HB8YCH,DEVIR - AS RUÍNAS PERDIDAS DE ARNAK: LÍDERES DA EXPEDIÇÃO (EXPANSÃO),"R$ 339,00",,BRL,4.7,15,https://www.amazon.com.br/dp/B0D9HB8YCH,https://m.media-amazon.com/images/I/71ii7S73fuL._AC_UL960_FMwebp_QL65_.jpg,9,"R$ 309,00",False,False,False,False,Mais de 40 compras no mês passado,"Entrega GRÁTIS: seg., 21 de jul.",False,,,,,,
B0DJ1BH9T1,LEGO City Great Vehicles Utilitário Off-Road 4x4 60447,"R$ 146,00","R$ 175,98",BRL,4.9,261,https://www.amazon.com.br/dp/B0DJ1BH9T1,https://m.media-amazon.com/images/I/810wFczGM6L._AC_UL960_FMwebp_QL65_.jpg,1,"R$ 146,00",False,False,False,False,Mais de 100 compras no mês passado,"Entrega GRÁTIS: Amanhã, 14 de jul.Ou entrega mais rápida: Hoje",False,,,,,,
B0F8V7BB2B,"FINYQBET Tabuleiro de Xadrez Magnético Dobrável de Madeira 29x29 cm - Jogo Portátil para Viagens e Lazer, Peças Magnéticas com Armazenamento, Ideal para Crianças, Adultos e Famílias","R$ 101,99","R$ 119,99",BRL,4,2,https://www.amazon.com.br/dp/B0F8V7BB2B,https://m.media-amazon.com/images/I/61NI+VOfg6L._AC_UL960_FMwebp_QL65_.jpg,1,"R$ 101,99",False,False,True,False,Mais de 40 compras no mês passado,,False,,Com Prime,,,,
B0DQLYPVH2,Carrinho de Controle Remoto Relâmpago Mcqueen Carros Brinquedo Infantil Presente para Meninos,"R$ 177,62",,BRL,4.6,6,https://www.amazon.com.br/dp/B0DQLYPVH2,https://m.media-amazon.com/images/I/61GI17+oDkL._AC_UL960_FMwebp_QL65_.jpg,3,"R$ 147,30",False,False,False,False,Mais de 50 compras no mês passado,"Entrega GRÁTIS: qua., 16 de jul.",False,,,,,,
B0DYKZH8MS,"Galápagos,O Senhor dos Anéis - A Sociedade do Anel: O Jogo de Vazas","R$ 210,29",,BRL,4.8,8,https://www.amazon.com.br/dp/B0DYKZH8MS,https://m.media-amazon.com/images/I/61bYuj3O8aL._AC_UL960_FMwebp_QL65_.jpg,1,"R$ 210,29",False,False,False,False,Mais de 100 compras no mês passado,"Entrega GRÁTIS: Amanhã, 14 de jul.Ou entrega mais rápida: Hoje",False,,,,,,
B07FLQ8SDH,5 Packs Dragon Shield Matte Gold Standard Size 100 ct Card Sleeves Value Bundle!,"R$ 456,40",,BRL,4.7,13,https://www.amazon.com.br/dp/B07FLQ8SDH,https://m.media-amazon.com/images/I/61deHD5jFnL._AC_UL960_FMwebp_QL65_.jpg,1,"R$ 456,40",False,False,False,False,Mais de 40 compras no mês passado,"Entrega R$ 8,90: 4 - 26 de ago.",False,,,,,,
B09NTPL69B,SEGA Goods EVANGELION 3.0 - Asuka Last Mission Activate Color - Estatueta 21 cm,"R$ 170,19",,BRL,4.6,129,https://www.amazon.com.br/dp/B09NTPL69B,https://m.media-amazon.com/images/I/51Gu4f8IuuL._AC_UL960_FMwebp_QL65_.jpg,1,"R$ 170,19",False,False,False,False,Mais de 40 compras no mês passado,"Entrega R$ 8,90: ter., 5 de ago.",False,,,,,,
B0C2FLPNK2,"Big Book of Battle Mats Revised by Loke, Accessory for Tabletop Roleplaying Games","R$ 100,36",,BRL,4.8,148,https://www.amazon.com.br/dp/B0C2FLPNK2,https://m.media-amazon.com/images/I/81KTKOGw7AL._AC_UL960_FMwebp_QL65_.jpg,1,"R$ 100,36",False,False,False,False,,"Entrega GRÁTIS: qua., 16 de jul.",False,,,Espiral,Edição Inglêspor Loke,,
B0D7PT1JJJ,Hot Wheels Action Pista de Brinquedo Desafio Turbina de Ação para crianças a partir de 4 anos,"R$ 215,34","R$ 242,86",BRL,4.6,86,https://www.amazon.com.br/dp/B0D7PT1JJJ,https://m.media-amazon.com/images/I/71jKfaNHv0L._AC_UL960_FMwebp_QL65_.jpg,1,"R$ 215,34",False,False,False,False,Mais de 100 compras no mês passado,"Entrega GRÁTIS: Amanhã, 14 de jul.Ou entrega mais rápida: Hoje",False,,,,,,
B0F7RXGRX1,Tapete Térmico Tatame Emborrachado Infantil Atividades Dupla Face Dobrável Macio Impermeável Premium 8mm (Cidade: Lodon/Pista de Carros),"R$ 126,23",,BRL,4,2,https://www.amazon.com.br/dp/B0F7RXGRX1,https://m.media-amazon.com/images/I/71P3k36BOXL._AC_UL960_FMwebp_QL65_.jpg,1,"R$ 126,23",False,False,False,False,,"Entrega GRÁTIS: qui., 24 de jul.",False,,,,,,
B0DBXDPC3S,"Genérico Jogo de Bingo Loto, Globo de Metal, Tabuleiro Semi Profissional para 18 Jogadores, Idade Mínima 60 Anos","R$ 115,00","R$ 125,00",BRL,4.4,24,https://www.amazon.com.br/dp/B0DBXDPC3S,https://m.media-amazon.com/images/I/71UkBV1VmNL._AC_UL960_FMwebp_QL65_.jpg,1,"R$ 115,00",False,False,False,False,Mais de 50 compras no mês passado,"Entrega GRÁTIS: qua., 16 de jul.",False,,Economize 8%,,,,
B09NTPL69B,SEGA Goods EVANGELION 3.0 - Asuka Last Mission Activate Color - Estatueta 21 cm,"R$ 170,19",,BRL,4.6,129,https://www.amazon.com.br/dp/B09NTPL69B,https://m.media-amazon.com/images/I/51Gu4f8IuuL._AC_UL960_FMwebp_QL65_.jpg,1,"R$ 170,19",False,False,False,False,Mais de 40 compras no mês passado,"Entrega R$ 8,90: ter., 5 de ago.",False,,,,,,
B0C2FLPNK2,"Big Book of Battle Mats Revised by Loke, Accessory for Tabletop Roleplaying Games","R$ 100,36",,BRL,4.8,148,https://www.amazon.com.br/dp/B0C2FLPNK2,https://m.media-amazon.com/images/I/81KTKOGw7AL._AC_UL960_FMwebp_QL65_.jpg,1,"R$ 100,36",False,False,False,False,,"Entrega GRÁTIS: qua., 16 de jul.",False,,,Espiral,Edição Inglêspor Loke,,
B0D7PT1JJJ,Hot Wheels Action Pista de Brinquedo Desafio Turbina de Ação para crianças a partir de 4 anos,"R$ 215,34","R$ 242,86",BRL,4.6,86,https://www.amazon.com.br/dp/B0D7PT1JJJ,https://m.media-amazon.com/images/I/71jKfaNHv0L._AC_UL960_FMwebp_QL65_.jpg,1,"R$ 215,34",False,False,False,False,Mais de 100 compras no mês passado,"Entrega GRÁTIS: Amanhã, 14 de jul.Ou entrega mais rápida: Hoje",False,,,,,,
B0F7RXGRX1,Tapete Térmico Tatame Emborrachado Infantil Atividades Dupla Face Dobrável Macio Impermeável Premium 8mm (Cidade: Lodon/Pista de Carros),"R$ 126,23",,BRL,4,2,https://www.amazon.com.br/dp/B0F7RXGRX1,https://m.media-amazon.com/images/I/71P3k36BOXL._AC_UL960_FMwebp_QL65_.jpg,1,"R$ 126,23",False,False,False,False,,"Entrega GRÁTIS: qui., 24 de jul.",False,,,,,,
B0DBXDPC3S,"Genérico Jogo de Bingo Loto, Globo de Metal, Tabuleiro Semi Profissional para 18 Jogadores, Idade Mínima 60 Anos","R$ 115,00","R$ 125,00",BRL,4.4,24,https://www.amazon.com.br/dp/B0DBXDPC3S,https://m.media-amazon.com/images/I/71UkBV1VmNL._AC_UL960_FMwebp_QL65_.jpg,1,"R$ 115,00",False,False,False,False,Mais de 50 compras no mês passado,"Entrega GRÁTIS: qua., 16 de jul.",False,,Economize 8%,,,,
B0CP9L95T9,"Sonic The Hedgehog 3 Ultimate Talking Sonic 12-Inch Figure, Features 30+ Iconic and Humorous Phrases and Sounds from The Movies, Light-Up Eyes and Quills","R$ 309,48",,BRL,4.7,1060,https://www.amazon.com.br/dp/B0CP9L95T9,https://m.media-amazon.com/images/I/81ZWqvbK8KL._AC_UL960_FMwebp_QL65_.jpg,1,"R$ 309,48",False,False,False,False,Mais de 30 compras no mês passado,"Entrega R$ 8,90: ter., 5 de ago.",False,,,,,,
B0DL2TRYCK,"Metrônomo mecânico ,Núcleo mecânico de cobre formato clássico, batida precisa, vários modos de batida, adequado para piano, guitarra, bateria, violino, bateria ,saxofone madeira granulada som alto","R$ 150,00",,BRL,5,9,https://www.amazon.com.br/dp/B0DL2TRYCK,https://m.media-amazon.com/images/I/61ZVaDYurDL._AC_UL960_FMwebp_QL65_.jpg,1,"R$ 150,00",False,False,False,False,Mais de 30 compras no mês passado,"Entrega GRÁTIS: qua., 16 de jul.",False,,,,,,
B0CMGN6KTS,"Wicked, Boneca Elphaba com Cabelo Preto Trançado e Roupa de Baile Removível","R$ 279,97","R$ 309,97",BRL,4.8,1192,https://www.amazon.com.br/dp/B0CMGN6KTS,https://m.media-amazon.com/images/I/81wDBEAoDWL._AC_UL960_FMwebp_QL65_.jpg,12,"R$ 243,87",False,False,False,False,,"Entrega GRÁTIS: Amanhã, 14 de jul.Ou entrega mais rápida: Hoje",False,,,,,,
B0CV2G23D8,LEGO Super Mario Aventuras interativas com o LEGO® Mario™ 71439,"R$ 333,19","R$ 374,90",BRL,4.9,646,https://www.amazon.com.br/dp/B0CV2G23D8,https://m.media-amazon.com/images/I/81nfi1vadaL._AC_UL960_FMwebp_QL65_.jpg,1,"R$ 333,19",False,False,False,False,Mais de 50 compras no mês passado,"Entrega GRÁTIS: Amanhã, 14 de jul.Ou entrega mais rápida: Hoje",False,,,,,,
B0DS6HG5DQ,Robô Inteligente - Brinquedo Interativo: Cão Elétrico que Dança e Faz a Festa - Repete a Fala Voz - Com Gravador Gravação (BRANCO E CINZA) - MJ BRANDS,"R$ 106,25",,BRL,4.5,14,https://www.amazon.com.br/dp/B0DS6HG5DQ,https://m.media-amazon.com/images/I/61lgHRg1ltL._AC_UL960_FMwebp_QL65_.jpg,1,"R$ 106,25",False,False,False,False,,"Entrega GRÁTIS: qua., 16 de jul.",False,,,,,,
B0D8WPJ5K6,Tapete Infantil Tatame Dobrável Dupla Face Portátil - Animais,"R$ 107,99",,BRL,3.8,12,https://www.amazon.com.br/dp/B0D8WPJ5K6,https://m.media-amazon.com/images/I/51tmPDk4TpL._AC_UL960_FMwebp_QL65_.jpg,1,"R$ 107,99",False,False,False,False,Mais de 50 compras no mês passado,"Entrega GRÁTIS: qui., 31 de jul.",False,,,,,,
B0DFMQRRG7,"Livro Magnético Carros de Corrida - 68 Peças, Janod","R$ 119,90",,BRL,5,7,https://www.amazon.com.br/dp/B0DFMQRRG7,https://m.media-amazon.com/images/I/61aY+TqfDsL._AC_UL960_FMwebp_QL65_.jpg,1,"R$ 119,90",False,False,False,False,Mais de 40 compras no mês passado,"Entrega GRÁTIS: dom., 20 de jul.",False,,,,,,
B0CMGKYJ7V,Barbie Fashion &amp; Beauty Conjunto de Brinquedo Armário dos Sonhos com Acessórios e Boneca para crianças a partir de 3 anos,"R$ 262,61","R$ 323,28",BRL,4.6,111,https://www.amazon.com.br/dp/B0CMGKYJ7V,https://m.media-amazon.com/images/I/61GuXWOKL9L._AC_UL960_FMwebp_QL65_.jpg,1,"R$ 262,61",False,False,True,False,,,False,,Oferta Prime Day,,,,
B0DM3GQGLH,Replay Kids Carrinho de Controle Remoto 4x4 Gira 360 OffRoad,"R$ 219,53","R$ 225,84",BRL,3.6,16,https://www.amazon.com.br/dp/B0DM3GQGLH,https://m.media-amazon.com/images/I/718T7QHNy6L._AC_UL960_FMwebp_QL65_.jpg,1,"R$ 219,53",False,False,False,False,,"Entrega GRÁTIS: sáb., 19 de jul.",False,,,,,,
B0DC4HZ3Y9,Bburago 1/43 - F1 Aston Martin Aramco F1 Team AMR23 2023 Collection Racing Alloy Car Die Cast Car Model (#18 Lance Stroll),"R$ 161,24",,BRL,5,3,https://www.amazon.com.br/dp/B0DC4HZ3Y9,https://m.media-amazon.com/images/I/71cZURovpKL._AC_UL960_FMwebp_QL65_.jpg,1,"R$ 161,24",False,False,False,False,,"Entrega R$ 8,90: 25 de jul. - 9 de ago.",False,,,,,,
B0DT4XYC32,"Mobile Infantil Interativo com Animais Marinhos, Estímulo Sensorial Bibi Joy","R$ 144,90",,BRL,5,22,https://www.amazon.com.br/dp/B0DT4XYC32,https://m.media-amazon.com/images/I/61itnULqGaL._AC_UL960_FMwebp_QL65_.jpg,1,"R$ 144,90",False,False,False,False,,"Entrega GRÁTIS: qua., 16 de jul.",False,,,,,,
B0CYHFZLHZ,"Galápagos, Exploding Kittens Para A Galera, Jogo de Cartas para Amigos, 2 a 10 jogadores, 15 minutos por partida","R$ 149,99",,BRL,4.9,277,https://www.amazon.com.br/dp/B0CYHFZLHZ,https://m.media-amazon.com/images/I/715RIVylPML._AC_UL960_FMwebp_QL65_.jpg,13,"R$ 144,90",False,False,False,False,Mais de 50 compras no mês passado,"Entrega GRÁTIS: qua., 16 de jul.",False,,,,,,
B0D4P24Q73,Bicicleta‎‎ Andador‎‎ Tico-Tico‎‎ De‎‎ Equilíbrio‎‎ Sem‎‎ Pedal‎‎ Infantil‎‎ 4‎‎‎ Rodas,"R$ 89,90","R$ 109,90",BRL,4.2,73,https://www.amazon.com.br/dp/B0D4P24Q73,https://m.media-amazon.com/images/I/61cMHHO5d-L._AC_UL960_FMwebp_QL65_.jpg,1,"R$ 89,90",False,False,True,True,Mais de 200 compras no mês passado,,False,,Oferta Prime Day,,,,
B0DFMP4HWZ,"Livro Magnético Contos de Fadas - 40 Peças, Janod","R$ 119,90",,BRL,5,5,https://www.amazon.com.br/dp/B0DFMP4HWZ,https://m.media-amazon.com/images/I/6197ap2nieL._AC_UL960_FMwebp_QL65_.jpg,1,"R$ 119,90",False,False,False,False,Mais de 30 compras no mês passado,"Entrega GRÁTIS: dom., 20 de jul.",False,,,,,,
B07W5RD46H,Floodgate Games Sagrada: Expansão da paixão - English,"R$ 178,41",,BRL,4.8,420,https://www.amazon.com.br/dp/B07W5RD46H,https://m.media-amazon.com/images/I/81zf03uHS0L._AC_UL960_FMwebp_QL65_.jpg,1,"R$ 178,41",False,False,False,False,,"Entrega R$ 8,90: ter., 5 de ago.",False,,,,,,
B0F1TYGZMN,"Pokémon TCG, Box Lillie","R$ 123,13",,BRL,4.2,22,https://www.amazon.com.br/dp/B0F1TYGZMN,https://m.media-amazon.com/images/I/71V2+ZptHFL._AC_UL960_FMwebp_QL65_.jpg,29,"R$ 111,90",False,False,False,False,Mais de 50 compras no mês passado,"Entrega GRÁTIS: qua., 16 de jul.",False,,,,,,
B084TMM421,"Galápagos, Gamegenic: Prime Album 8-Pocket (Vermelho), Acessório","R$ 153,65",,BRL,4.6,31,https://www.amazon.com.br/dp/B084TMM421,https://m.media-amazon.com/images/I/419jy2Yv+BL._AC_UL960_FMwebp_QL65_.jpg,4,"R$ 149,99",False,False,False,False,,"Entrega GRÁTIS: qua., 16 de jul.",False,,,,,,
B0D1DSZQ39,"Funko Pop Bitty: Star Wars - Darth Vader, Lando Calrissian, Luke Skywalker and Yoda, &amp; Mystery Chase Figure - (Styles May Vary) and A Surprise Mystery Mini Figure - 0.9 Inch (2.2 Cm)","R$ 103,62",,BRL,4.7,64,https://www.amazon.com.br/dp/B0D1DSZQ39,https://m.media-amazon.com/images/I/71mCt3b7OgL._AC_UL960_FMwebp_QL65_.jpg,1,"R$ 103,62",False,False,False,False,Mais de 30 compras no mês passado,"Entrega R$ 8,90: ter., 5 de ago.",False,,,,,,
B0DT2DYLYS,Andador Educativo Didático Musical 8D Toys Ginasio Andador para Bebê Andador Centro de Atividades Para bebe Infantil,"R$ 187,90","R$ 209,90",BRL,4.2,29,https://www.amazon.com.br/dp/B0DT2DYLYS,https://m.media-amazon.com/images/I/71UfFJXP5zL._AC_UL960_FMwebp_QL65_.jpg,1,"R$ 187,90",False,False,False,False,Mais de 50 compras no mês passado,"Entrega R$ 56,30: 13 - 21 de ago.Ou entrega mais rápida: 24 - 28 de jul.",False,,,,,,
B084TMM421,"Galápagos, Gamegenic: Prime Album 8-Pocket (Vermelho), Acessório","R$ 153,65",,BRL,4.6,31,https://www.amazon.com.br/dp/B084TMM421,https://m.media-amazon.com/images/I/419jy2Yv+BL._AC_UL960_FMwebp_QL65_.jpg,4,"R$ 149,99",False,False,False,False,,"Entrega GRÁTIS: qua., 16 de jul.",False,,,,,,
B0D1DSZQ39,"Funko Pop Bitty: Star Wars - Darth Vader, Lando Calrissian, Luke Skywalker and Yoda, &amp; Mystery Chase Figure - (Styles May Vary) and A Surprise Mystery Mini Figure - 0.9 Inch (2.2 Cm)","R$ 103,62",,BRL,4.7,64,https://www.amazon.com.br/dp/B0D1DSZQ39,https://m.media-amazon.com/images/I/71mCt3b7OgL._AC_UL960_FMwebp_QL65_.jpg,1,"R$ 103,62",False,False,False,False,Mais de 30 compras no mês passado,"Entrega R$ 8,90: ter., 5 de ago.",False,,,,,,
B0DT2DYLYS,Andador Educativo Didático Musical 8D Toys Ginasio Andador para Bebê Andador Centro de Atividades Para bebe Infantil,"R$ 187,90","R$ 209,90",BRL,4.2,29,https://www.amazon.com.br/dp/B0DT2DYLYS,https://m.media-amazon.com/images/I/71UfFJXP5zL._AC_UL960_FMwebp_QL65_.jpg,1,"R$ 187,90",False,False,False,False,Mais de 50 compras no mês passado,"Entrega R$ 56,30: 13 - 21 de ago.Ou entrega mais rápida: 24 - 28 de jul.",False,,,,,,
B0CQMR3KSY,Barbie Um Toque de Mágica Boneca Malibu para crianças a partir de 3 anos,"R$ 143,15","R$ 164,99",BRL,4.8,337,https://www.amazon.com.br/dp/B0CQMR3KSY,https://m.media-amazon.com/images/I/61EMajmK9ZL._AC_UL960_FMwebp_QL65_.jpg,1,"R$ 143,15",False,False,False,False,Mais de 50 compras no mês passado,"Entrega GRÁTIS: Amanhã, 14 de jul.Ou entrega mais rápida: Hoje",False,,,,,,
B0DBW2DCLW,"Galápagos, Dobble: Disney, Familia, 6 anos+, 2 a 8 jogadores, partidas de até 15 min The Forest Stewardship Council","R$ 113,47",,BRL,4.4,204,https://www.amazon.com.br/dp/B0DBW2DCLW,https://m.media-amazon.com/images/I/61PKwyf1l3L._AC_UL960_FMwebp_QL65_.jpg,5,"R$ 99,99",False,False,False,True,Mais de 30 compras no mês passado,"Entrega GRÁTIS: Amanhã, 14 de jul.Ou entrega mais rápida: Hoje",False,,,,,,
B0DYL9TK2X,"Galápagos,Power Hungry Pets,Para Família, A partir de 8 anos,Partidas de até 15 min.","R$ 129,90",,BRL,5,3,https://www.amazon.com.br/dp/B0DYL9TK2X,https://m.media-amazon.com/images/I/712m3gQSziL._AC_UL960_FMwebp_QL65_.jpg,5,"R$ 129,90",False,False,False,False,Mais de 30 compras no mês passado,,False,,,,,,
B084RHBFTV,OPO 10 - Ayrton Senna McLaren MP4 / 8# 8 - Winner Australian GP - Formula 1 1993 1:43 Altaya (713)_AB,"R$ 352,40",,BRL,4.4,102,https://www.amazon.com.br/dp/B084RHBFTV,https://m.media-amazon.com/images/I/41cKPYZTIjL._AC_UL960_FMwebp_QL65_.jpg,1,"R$ 352,40",False,False,False,False,,"Entrega R$ 8,90: ter., 5 de ago.",False,,,,,,
B0CRM24QCB,"Moana 2, Boneca Moana com Blusa e Saia Removível, Para crianças a partir de 3 anos","R$ 100,07","R$ 127,92",BRL,4.8,546,https://www.amazon.com.br/dp/B0CRM24QCB,https://m.media-amazon.com/images/I/91ctYDdeGiL._AC_UL960_FMwebp_QL65_.jpg,25,"R$ 117,46",False,False,False,False,Mais de 50 compras no mês passado,"Entrega GRÁTIS: Amanhã, 14 de jul.Ou entrega mais rápida: Hoje",False,,,,,,
B0DX29TBQ8,"Pokémon TCG, Box Zacian 39 Cartas","R$ 124,90",,BRL,5,7,https://www.amazon.com.br/dp/B0DX29TBQ8,https://m.media-amazon.com/images/I/81xfxiHDNnL._AC_UL960_FMwebp_QL65_.jpg,28,"R$ 102,76",False,False,False,False,Mais de 50 compras no mês passado,"Entrega GRÁTIS: qua., 16 de jul.",False,,,,,,
B0D5FH2N4Z,"Galápagos, Bem-vindos a Everdell, Jogo de Tabuleiro Infantil, 2 a 4 jogadores, 30 minutos por partida","R$ 240,86",,BRL,5,12,https://www.amazon.com.br/dp/B0D5FH2N4Z,https://m.media-amazon.com/images/I/81ElbuTzGtL._AC_UL960_FMwebp_QL65_.jpg,7,"R$ 216,90",False,False,False,False,Mais de 50 compras no mês passado,"Entrega GRÁTIS: Amanhã, 14 de jul.Ou entrega mais rápida: Hoje",False,,,,,,
B0CFW3DG24,"STAR WARS The Vintage Collection Professor Huyang, Ahsoka 3.75-Inch Collectible Action Figures, Ages 4 and Up","R$ 90,06","R$ 101,81",BRL,4.7,166,https://www.amazon.com.br/dp/B0CFW3DG24,https://m.media-amazon.com/images/I/61B2z9x9aHL._AC_UL960_FMwebp_QL65_.jpg,1,"R$ 90,06",False,False,True,False,,,False,,Oferta Prime Day,,,,
B0CSDYCJZV,Dragon Ball Super TCG: Fusion World Starter Deck: Son Goku,"R$ 107,37",,BRL,4.5,77,https://www.amazon.com.br/dp/B0CSDYCJZV,https://m.media-amazon.com/images/I/814nvf8JNCL._AC_UL960_FMwebp_QL65_.jpg,1,"R$ 107,37",False,False,False,False,Mais de 40 compras no mês passado,"Entrega R$ 8,90",False,,,,,,
B0CV27Y7ZT,LEGO Speed Champions Supercarro Ferrari F40 76934,"R$ 144,49","R$ 189,00",BRL,4.8,927,https://www.amazon.com.br/dp/B0CV27Y7ZT,https://m.media-amazon.com/images/I/81cM4dA+DRL._AC_UL960_FMwebp_QL65_.jpg,1,"R$ 144,49",False,False,True,False,Mais de 400 compras no mês passado,,False,,Oferta Prime Day,,,,
B0CP488R9K,Transformers One MegaMega Changer Optimus Prime (Orion Pax) Figura 28 cm para Crianças Idade 6+,"R$ 105,99",,BRL,4.1,389,https://www.amazon.com.br/dp/B0CP488R9K,https://m.media-amazon.com/images/I/711pRYKH7vL._AC_UL960_FMwebp_QL65_.jpg,1,"R$ 105,99",False,False,False,False,Mais de 100 compras no mês passado,"Entrega GRÁTIS: Amanhã, 14 de jul.Ou entrega mais rápida: Hoje",False,,,,,,
B0DQWV176X,Deck Pokemon Charizard Ex Batalha De Liga Copag,"R$ 105,90",,BRL,4.5,118,https://www.amazon.com.br/dp/B0DQWV176X,https://m.media-amazon.com/images/I/61EADfwU8gL._AC_UL960_FMwebp_QL65_.jpg,27,"R$ 93,76",False,False,False,False,Mais de 200 compras no mês passado,"Entrega GRÁTIS: qua., 16 de jul.",False,,,,,,
B0DB2RBYPQ,DEVIR - AS RUÍNAS PERDIDAS DE ARNAK: A EXPEDIÇÃO PERDIDA (EXPANSÃO),"R$ 359,00",,BRL,5,14,https://www.amazon.com.br/dp/B0DB2RBYPQ,https://m.media-amazon.com/images/I/71Dv75vBRuL._AC_UL960_FMwebp_QL65_.jpg,9,"R$ 329,90",False,False,False,False,Mais de 50 compras no mês passado,"Entrega GRÁTIS: seg., 21 de jul.",False,,,,,,
B0DJ19L2ZW,LEGO City Great Vehicles Carregadeira de Rodas de Construção Amarela 60450,"R$ 107,37","R$ 127,49",BRL,4.9,210,https://www.amazon.com.br/dp/B0DJ19L2ZW,https://m.media-amazon.com/images/I/810e3PTGSxL._AC_UL960_FMwebp_QL65_.jpg,1,"R$ 107,37",False,False,False,False,Mais de 50 compras no mês passado,"Entrega GRÁTIS: Amanhã, 14 de jul.Ou entrega mais rápida: Hoje",False,,,,,,
B09CV5JPKG,Walking Petz D�lmata Pel�cia Interativa Multikids - BR1421,"R$ 152,92","R$ 179,90",BRL,4.6,66,https://www.amazon.com.br/dp/B09CV5JPKG,https://m.media-amazon.com/images/I/61yDDsD2l4L._AC_UL960_FMwebp_QL65_.jpg,1,"R$ 152,92",False,True,True,False,Mais de 30 compras no mês passado,,False,,Escolha,,,,
B0D1YNY248,Toyng - Toy Story - Disney - Boneco de Ação Woody de Pano com Som - 4 Peças Fouve,"R$ 279,90","R$ 312,00",BRL,2.2,12,https://www.amazon.com.br/dp/B0D1YNY248,https://m.media-amazon.com/images/I/71DakJCupXL._AC_UL960_FMwebp_QL65_.jpg,1,"R$ 279,90",False,False,False,False,Mais de 30 compras no mês passado,"Entrega GRÁTIS: Amanhã, 14 de jul.Ou entrega mais rápida: Hoje",False,,,,,,
B0CND3799C,Funko POP! Movies: Teenage Mutant Ninja Turtles (TMNT) - Michelangelo Sausage Link Nunchucks - Collectable Vinyl Figure - Gift Idea - Official Merchandise,"R$ 106,23",,BRL,4.8,126,https://www.amazon.com.br/dp/B0CND3799C,https://m.media-amazon.com/images/I/61OiqbZOT2L._AC_UL960_FMwebp_QL65_.jpg,5,"R$ 104,04",False,False,False,False,,"Entrega R$ 8,90: ter., 5 de ago.",False,,,,,,
B0DLQMWC4H,"Galápagos,Pokémon TCG: Scarlet &amp; Violet - Prismatic Evolutions - Accessory Pouch - Inglês","R$ 269,90",,BRL,4.6,147,https://www.amazon.com.br/dp/B0DLQMWC4H,https://m.media-amazon.com/images/I/8132wxtdTqL._AC_UL960_FMwebp_QL65_.jpg,1,"R$ 269,90",False,False,False,False,Mais de 30 compras no mês passado,"Entrega R$ 36,02: 23 - 25 de jul.",False,,,,,,
B0CH1N48SL,"Marvel Legends Series - Viúva vermelha, figura de ação colecionável, inspirada em banda desenhada de 15 cm com peça de figura para montar","R$ 248,55",,BRL,4.7,889,https://www.amazon.com.br/dp/B0CH1N48SL,https://m.media-amazon.com/images/I/61KoAtWH+sL._AC_UL960_FMwebp_QL65_.jpg,1,"R$ 248,55",False,False,False,False,,"Entrega R$ 8,90: ter., 5 de ago.",False,,,,,,
B0DV5MMPCR,"Brinquedos Estrela, Jogo Pula Stitch, Multicolor","R$ 107,00","R$ 113,99",BRL,4.8,6,https://www.amazon.com.br/dp/B0DV5MMPCR,https://m.media-amazon.com/images/I/61OI6Ckom8L._AC_UL960_FMwebp_QL65_.jpg,17,"R$ 96,30",False,False,False,False,Mais de 50 compras no mês passado,"Entrega GRÁTIS: Amanhã, 14 de jul.Ou entrega mais rápida: Hoje",False,,,,,,
B0DJ19B5FN,LEGO Classic Dinossauros Criativos 11041,"R$ 210,80","R$ 248,00",BRL,4.8,51,https://www.amazon.com.br/dp/B0DJ19B5FN,https://m.media-amazon.com/images/I/81m4h7RXfHL._AC_UL960_FMwebp_QL65_.jpg,1,"R$ 210,80",False,False,True,False,Mais de 40 compras no mês passado,,False,,Oferta Prime Day,,,,
B0D1YNY248,Toyng - Toy Story - Disney - Boneco de Ação Woody de Pano com Som - 4 Peças Fouve,"R$ 279,90","R$ 312,00",BRL,2.2,12,https://www.amazon.com.br/dp/B0D1YNY248,https://m.media-amazon.com/images/I/71DakJCupXL._AC_UL960_FMwebp_QL65_.jpg,1,"R$ 279,90",False,False,False,False,Mais de 30 compras no mês passado,"Entrega GRÁTIS: Amanhã, 14 de jul.Ou entrega mais rápida: Hoje",False,,,,,,
B0CND3799C,Funko POP! Movies: Teenage Mutant Ninja Turtles (TMNT) - Michelangelo Sausage Link Nunchucks - Collectable Vinyl Figure - Gift Idea - Official Merchandise,"R$ 106,23",,BRL,4.8,126,https://www.amazon.com.br/dp/B0CND3799C,https://m.media-amazon.com/images/I/61OiqbZOT2L._AC_UL960_FMwebp_QL65_.jpg,5,"R$ 104,04",False,False,False,False,,"Entrega R$ 8,90: ter., 5 de ago.",False,,,,,,
B0DLQMWC4H,"Galápagos,Pokémon TCG: Scarlet &amp; Violet - Prismatic Evolutions - Accessory Pouch - Inglês","R$ 269,90",,BRL,4.6,147,https://www.amazon.com.br/dp/B0DLQMWC4H,https://m.media-amazon.com/images/I/8132wxtdTqL._AC_UL960_FMwebp_QL65_.jpg,1,"R$ 269,90",False,False,False,False,Mais de 30 compras no mês passado,"Entrega R$ 36,02: 23 - 25 de jul.",False,,,,,,
B0CH1N48SL,"Marvel Legends Series - Viúva vermelha, figura de ação colecionável, inspirada em banda desenhada de 15 cm com peça de figura para montar","R$ 248,55",,BRL,4.7,889,https://www.amazon.com.br/dp/B0CH1N48SL,https://m.media-amazon.com/images/I/61KoAtWH+sL._AC_UL960_FMwebp_QL65_.jpg,1,"R$ 248,55",False,False,False,False,,"Entrega R$ 8,90: ter., 5 de ago.",False,,,,,,
B0DV5MMPCR,"Brinquedos Estrela, Jogo Pula Stitch, Multicolor","R$ 107,00","R$ 113,99",BRL,4.8,6,https://www.amazon.com.br/dp/B0DV5MMPCR,https://m.media-amazon.com/images/I/61OI6Ckom8L._AC_UL960_FMwebp_QL65_.jpg,17,"R$ 96,30",False,False,False,False,Mais de 50 compras no mês passado,"Entrega GRÁTIS: Amanhã, 14 de jul.Ou entrega mais rápida: Hoje",False,,,,,,
B00BQOFXAG,"Pyle Alto-falante Megaphone PA Bullhorn – 20 watts, controle de vol ajustável com sirene integrada e alcance de 800 metros – PMP20","R$ 167,52",,BRL,4.4,8648,https://www.amazon.com.br/dp/B00BQOFXAG,https://m.media-amazon.com/images/I/710iuGXxyFL._AC_UL960_FMwebp_QL65_.jpg,1,"R$ 167,52",False,False,False,False,Mais de 20 compras no mês passado,"Entrega GRÁTIS: qua., 16 de jul.",False,,,,,,
B0DJ19B5FN,LEGO Classic Dinossauros Criativos 11041,"R$ 210,80","R$ 248,00",BRL,4.8,51,https://www.amazon.com.br/dp/B0DJ19B5FN,https://m.media-amazon.com/images/I/81m4h7RXfHL._AC_UL960_FMwebp_QL65_.jpg,1,"R$ 210,80",False,False,True,False,Mais de 40 compras no mês passado,,False,,Oferta Prime Day,,,,
B0DX2KLH5Y,"Dungeons &amp; Dragons: Xanathar&#x27;s Treasure Pack - Conjunto sortido aleatoriamente com 7 peças, bolsa de dados e moedas de metal - RPG, coleção Waterdeep da D&amp;D, Sirius Dice","R$ 208,24",,BRL,4.5,22,https://www.amazon.com.br/dp/B0DX2KLH5Y,https://m.media-amazon.com/images/I/718xhHF0R9L._AC_UL960_FMwebp_QL65_.jpg,2,"R$ 140,85",False,False,True,False,,"Entrega R$ 8,90: ter., 5 de ago.",False,,,,,,
B0DDXWXPDJ,"Funko Pop! Televisão: Boneco de vinil The Sandman Dream, 11,3 cm","R$ 224,85",,BRL,4.6,5,https://www.amazon.com.br/dp/B0DDXWXPDJ,https://m.media-amazon.com/images/I/51HW0qVdZ+L._AC_UL960_FMwebp_QL65_.jpg,6,"R$ 140,33",False,False,True,False,Mais de 50 compras no mês passado,"Entrega R$ 8,90: qua., 6 de ago.",False,,,,,,
B09LZ8NL66,"Aquabeads AQB - 31912 Beginners Carry Case, Multi","R$ 138,20","R$ 163,84",BRL,4.6,3144,https://www.amazon.com.br/dp/B09LZ8NL66,https://m.media-amazon.com/images/I/81gmtWF-4oL._AC_UL960_FMwebp_QL65_.jpg,25,"R$ 135,99",False,False,False,False,Mais de 40 compras no mês passado,"Entrega GRÁTIS: Amanhã, 14 de jul.Ou entrega mais rápida: Hoje",False,,,,,,
B0F4XN4F43,"Zenkon Ceramica Fria Kit, Kit Ceramica Fria Iniciante de 34 Peças, Ferramentas de Estecas Profissionais","R$ 129,99",,BRL,3.6,4,https://www.amazon.com.br/dp/B0F4XN4F43,https://m.media-amazon.com/images/I/61yT4EmhJ-L._AC_UL960_FMwebp_QL65_.jpg,1,"R$ 129,99",False,False,False,False,Mais de 40 compras no mês passado,"Entrega GRÁTIS: qua., 16 de jul.",False,,,,,,
B0DS2YZL2P,Action Force Valaverse Series 5 Atlas Premium 6-Inch Scale Action Figure with Multiple Accessories,"R$ 292,15",,BRL,4,6,https://www.amazon.com.br/dp/B0DS2YZL2P,https://m.media-amazon.com/images/I/61dCF7LowML._AC_UL960_FMwebp_QL65_.jpg,1,"R$ 292,15",False,False,False,False,,"Entrega R$ 8,90: ter., 5 de ago.",False,,,,,,
B0D9523DXM,FIGURA MARVEL LEGENDS ADAM WARLOCK,"R$ 329,99",,BRL,4.8,911,https://www.amazon.com.br/dp/B0D9523DXM,https://m.media-amazon.com/images/I/71iMItGWH4L._AC_UL960_FMwebp_QL65_.jpg,5,"R$ 253,77",False,False,False,False,Mais de 30 compras no mês passado,"Entrega GRÁTIS: Amanhã, 14 de jul.Ou entrega mais rápida: Hoje",False,,,,,,
B0DFMNCC6F,"Livro Magnético Misture e Combine Dinossauros - 50 Peças, Janod","R$ 119,90",,BRL,5,5,https://www.amazon.com.br/dp/B0DFMNCC6F,https://m.media-amazon.com/images/I/61fVuDjZY0L._AC_UL960_FMwebp_QL65_.jpg,1,"R$ 119,90",False,False,False,False,Mais de 30 compras no mês passado,"Entrega GRÁTIS: qua., 16 de jul.",False,,,,,,
B08VJKZB15,"Galápagos, Telestrations, Jogo de Tabuleiro para Amigos, 4 a 8 jogadores, 20 a 30 minutos por partida","R$ 186,99","R$ 221,39",BRL,4.9,347,https://www.amazon.com.br/dp/B08VJKZB15,https://m.media-amazon.com/images/I/71fhpyMW04L._AC_UL960_FMwebp_QL65_.jpg,1,"R$ 186,99",False,False,True,False,Mais de 100 compras no mês passado,,False,,Oferta Prime Day,,,,
B0CQ81LWQQ,Erwachsenenpuzzle 500 Teile - Sonic the Hedgehog - Classic Sonic,"R$ 152,46",,BRL,4.5,40,https://www.amazon.com.br/dp/B0CQ81LWQQ,https://m.media-amazon.com/images/I/61SyYpLRMgL._AC_UL960_FMwebp_QL65_.jpg,3,"R$ 133,07",False,False,False,False,,"Entrega R$ 8,90: ter., 5 de ago.",False,,,,,,
B0CGYQ7YL5,"Super7 G.I. Joe Cobra Commander (Robô Funhouse) – Boneco G.I. Joe de 9,5 cm com acessório, clássicos de desenhos animados colecionáveis e brinquedos retrô","R$ 54,74","R$ 63,01",BRL,4.1,14,https://www.amazon.com.br/dp/B0CGYQ7YL5,https://m.media-amazon.com/images/I/71hhbnb8j1L._AC_UL960_FMwebp_QL65_.jpg,1,"R$ 54,74",False,False,True,False,,,False,,Oferta Prime Day,,,,
B0DCGRNJYS,Mesa de Ferramentas Bancada com Furadeira Brinquedo Infantil Faz de Conta 53 Peças,"R$ 118,90","R$ 139,90",BRL,5,21,https://www.amazon.com.br/dp/B0DCGRNJYS,https://m.media-amazon.com/images/I/71WwnUmY2ML._AC_UL960_FMwebp_QL65_.jpg,1,"R$ 118,90",False,False,True,True,Mais de 50 compras no mês passado,,False,,Oferta Prime Day,,,,
B08DL6Z4VM,"Citadel Black MTG Metal Keyword Counters - Set of 24 Reversible Tokens - Includes Drawstring Pouch, Antique Metal Finish, Designed for MTG TCG Magic: The Gathering Accessory","R$ 116,10",,BRL,4.7,1290,https://www.amazon.com.br/dp/B08DL6Z4VM,https://m.media-amazon.com/images/I/71xwxeAuoXL._AC_UL960_FMwebp_QL65_.jpg,1,"R$ 116,10",False,False,False,False,,"Entrega R$ 8,90: ter., 5 de ago.",False,,,,,,
B0CSLZS9N2,"G.I. Joe Classified Series #125, Dreadnok Gnawgahyde and Pets Porkbelly &amp; Yobbo, Collectible 6-Inch Action Figure with 16 Accessories","R$ 373,71",,BRL,4.8,301,https://www.amazon.com.br/dp/B0CSLZS9N2,https://m.media-amazon.com/images/I/71B4HTuj0zL._AC_UL960_FMwebp_QL65_.jpg,3,"R$ 242,97",False,False,False,False,Mais de 30 compras no mês passado,"Entrega R$ 8,90: ter., 5 de ago.",False,,,,,,
B0DJS5D1X1,DM Toys Patinete Aviaozinho Feliz Ajustavel Lean-to-Steer 3 Rodas com Led e Som até 60kg Rosa,"R$ 255,94",,BRL,4.6,22,https://www.amazon.com.br/dp/B0DJS5D1X1,https://m.media-amazon.com/images/I/41gQPGxDPrL._AC_UL960_FMwebp_QL65_.jpg,7,"R$ 255,94",False,False,False,False,Mais de 50 compras no mês passado,,False,,,,,,
B00KZFY812,POP! DRAGON BALL Z - VEGETA - #10,"R$ 189,90",,BRL,4.8,4767,https://www.amazon.com.br/dp/B00KZFY812,https://m.media-amazon.com/images/I/61rQq69ccXL._AC_UL960_FMwebp_QL65_.jpg,5,"R$ 149,90",False,False,False,False,Mais de 800 compras no mês passado,"Entrega GRÁTIS: dom., 20 de jul.",False,,,,,,
B0D1DMM7TN,"Funko Pop Bitty: Stranger Things - Eleven with Waffles, Mike, Jonathan, and Mystery Chase Figure - (Style May Vary) and A Surprise Mystery Mini Figure - 0.9 Inch (2.2 Cm) Collectable","R$ 128,58",,BRL,4.8,54,https://www.amazon.com.br/dp/B0D1DMM7TN,https://m.media-amazon.com/images/I/71FTSKkwVTL._AC_UL960_FMwebp_QL65_.jpg,1,"R$ 128,58",False,False,False,False,,"Entrega R$ 8,90: ter., 5 de ago.",False,,,,,,
B0CGGPHBRC,Funko Marvel Homem-Aranha 2 - Peter Parker Traje Avançado 2.0,"R$ 114,13",,BRL,4.7,348,https://www.amazon.com.br/dp/B0CGGPHBRC,https://m.media-amazon.com/images/I/71pd8dFR8ZL._AC_UL960_FMwebp_QL65_.jpg,15,"R$ 114,13",False,False,False,False,Mais de 500 compras no mês passado,,False,,,,,,
B0D1DMM7TN,"Funko Pop Bitty: Stranger Things - Eleven with Waffles, Mike, Jonathan, and Mystery Chase Figure - (Style May Vary) and A Surprise Mystery Mini Figure - 0.9 Inch (2.2 Cm) Collectable","R$ 128,58",,BRL,4.8,54,https://www.amazon.com.br/dp/B0D1DMM7TN,https://m.media-amazon.com/images/I/71FTSKkwVTL._AC_UL960_FMwebp_QL65_.jpg,1,"R$ 128,58",False,False,False,False,,"Entrega R$ 8,90: ter., 5 de ago.",False,,,,,,
B0CGGPHBRC,Funko Marvel Homem-Aranha 2 - Peter Parker Traje Avançado 2.0,"R$ 114,13",,BRL,4.7,348,https://www.amazon.com.br/dp/B0CGGPHBRC,https://m.media-amazon.com/images/I/71pd8dFR8ZL._AC_UL960_FMwebp_QL65_.jpg,15,"R$ 114,13",False,False,False,False,Mais de 500 compras no mês passado,,False,,,,,,
B0DXQG17BB,Brinquedo Montessori Educativo Animais De Silicone Classificação Das Cores Pinça (Animais da Selva),"R$ 116,23",,BRL,4.9,45,https://www.amazon.com.br/dp/B0DXQG17BB,https://m.media-amazon.com/images/I/61Hnck5kHFL._AC_UL960_FMwebp_QL65_.jpg,1,"R$ 116,23",False,False,False,False,,"Entrega GRÁTIS: seg., 4 de ago.",False,,,,,,
B0DTDH4W83,Bburago 1/43 Scale Formula 1 McLaren F1 MCL38 Miami Grand Prix Collection - #81 Oscar Piastri,"R$ 222,34",,BRL,4.6,6,https://www.amazon.com.br/dp/B0DTDH4W83,https://m.media-amazon.com/images/I/71rrFScDMdL._AC_UL960_FMwebp_QL65_.jpg,2,"R$ 173,34",False,False,False,False,Mais de 30 compras no mês passado,"Entrega R$ 8,90: ter., 5 de ago.",False,,,,,,
B0CFBG6QCL,Buffalo Games - Aimee Stewart - Winter Reading Nook - 1000 Teile Puzzle,"R$ 135,21",,BRL,4.8,662,https://www.amazon.com.br/dp/B0CFBG6QCL,https://m.media-amazon.com/images/I/71vsyLRdBlL._AC_UL960_FMwebp_QL65_.jpg,1,"R$ 135,21",False,False,False,False,Mais de 40 compras no mês passado,"Entrega R$ 8,90: ter., 5 de ago.",False,,,,,,
B085ZL6D1N,"MIFOGE Kalimba Piano de polegar 17 teclas com madeira de mogno, Mbira, caixa protetora à prova d&#x27;água, fácil de aprender, instrumento musical portátil, presente para iniciantes (mogno)","R$ 145,00",,BRL,4.6,2466,https://www.amazon.com.br/dp/B085ZL6D1N,https://m.media-amazon.com/images/I/81Px39iZynL._AC_UL960_FMwebp_QL65_.jpg,1,"R$ 145,00",False,False,False,False,Mais de 30 compras no mês passado,Entrega R$ 8: 24 - 28 de jul.,False,,,,,,
B0D9RNVCZQ,Brastoy Bebê Reborn Boneca Silicone Menina Negra Pintada Original 55cm,"R$ 246,09","R$ 289,52",BRL,4.7,564,https://www.amazon.com.br/dp/B0D9RNVCZQ,https://m.media-amazon.com/images/I/81X3M5AiodL._AC_UL960_FMwebp_QL65_.jpg,1,"R$ 246,09",False,False,True,False,Mais de 30 compras no mês passado,,False,,Com Prime,,,,
B0CGGPYX4X,Funko Pop! Animation: Dragon Ball GT - Bulla,"R$ 46,43","R$ 57,28",BRL,4.7,67,https://www.amazon.com.br/dp/B0CGGPYX4X,https://m.media-amazon.com/images/I/71ErCS-JGaL._AC_UL960_FMwebp_QL65_.jpg,1,"R$ 46,43",False,False,True,False,Mais de 50 compras no mês passado,,False,,Oferta Prime Day,,,,
B0CWRZ194W,Ursinho Que Reza Rosa,"R$ 117,11",,BRL,4.5,24,https://www.amazon.com.br/dp/B0CWRZ194W,https://m.media-amazon.com/images/I/51u4kMGCDdL._AC_UL960_FMwebp_QL65_.jpg,7,"R$ 107,30",False,False,False,False,Mais de 40 compras no mês passado,"Entrega GRÁTIS: Amanhã, 14 de jul.Ou entrega mais rápida: Hoje",False,,,,,,
B0BXRK4BP2,POP! STRANGER THINGS SEASON 4 - EDDIE COM GUITARRA #1462,"R$ 149,75",,BRL,4.8,1465,https://www.amazon.com.br/dp/B0BXRK4BP2,https://m.media-amazon.com/images/I/614btQeD-qL._AC_UL960_FMwebp_QL65_.jpg,12,"R$ 148,00",False,False,False,False,Mais de 400 compras no mês passado,"Entrega GRÁTIS: ter., 15 de jul.",False,,,,,,
B07T8SLRCG,"Brinquedo Relógio Omnitrix Série 3, Ben 10, Sunny","R$ 106,01","R$ 129,58",BRL,4.6,254,https://www.amazon.com.br/dp/B07T8SLRCG,https://m.media-amazon.com/images/I/61t1slG9cRL._AC_UL960_FMwebp_QL65_.jpg,1,"R$ 106,01",False,False,True,False,Mais de 50 compras no mês passado,,False,,Oferta Prime Day,,,,
B0D952XB8N,"G.I. Joe Classified Series #146, Dreadnok Zandar, Collectible 6 Inch Action Figure with 5 Accessories","R$ 146,78","R$ 166,40",BRL,4.8,142,https://www.amazon.com.br/dp/B0D952XB8N,https://m.media-amazon.com/images/I/71wEdZBNFfL._AC_UL960_FMwebp_QL65_.jpg,1,"R$ 146,78",False,False,True,False,Mais de 50 compras no mês passado,,False,,Oferta Prime Day,,,,
B0DJ1BM44B,LEGO Minecraft A Expedição na Mina do Tatu 21269,"R$ 224,99",,BRL,4.8,246,https://www.amazon.com.br/dp/B0DJ1BM44B,https://m.media-amazon.com/images/I/81nzckqBF6L._AC_UL960_FMwebp_QL65_.jpg,1,"R$ 224,99",False,False,False,False,Mais de 50 compras no mês passado,"Entrega GRÁTIS: Amanhã, 14 de jul.Ou entrega mais rápida: Hoje",False,,,,,,
B09P54HB7B,"DND Dice, 10 X 7 (70 peças) Conjunto de dados em poliuretano para masmorras e dragões DND RPG MTG Jogos de mesa D4 D6 D8 D10 D% D12 D20 com pacote de 10 bolsas pretas","R$ 126,39",,BRL,4.7,198,https://www.amazon.com.br/dp/B09P54HB7B,https://m.media-amazon.com/images/I/713tu-pfXvS._AC_UL960_FMwebp_QL65_.jpg,1,"R$ 126,39",False,False,False,False,,"Entrega R$ 8,90: ter., 5 de ago.",False,,,,,,
B0CTN3PJS8,"Play-Doh Cafeteria Colorida - Brincar de Cafeteria - Kit com 5 Cores de Massa de Modelar e Acessórios, para Crianças acima de 3 anos, Presentes Criativos para Meninos e Meninas","R$ 189,99",,BRL,4.6,47,https://www.amazon.com.br/dp/B0CTN3PJS8,https://m.media-amazon.com/images/I/51VxN1MkD3L._AC_UL960_FMwebp_QL65_.jpg,15,"R$ 100,70",False,False,False,False,Mais de 50 compras no mês passado,"Entrega GRÁTIS: dom., 20 de jul.",False,,,,,,
B08KGZC6KC,Domino Mexicano Double 12 Lata Com 91 Peças,"R$ 129,70",,BRL,4.5,120,https://www.amazon.com.br/dp/B08KGZC6KC,https://m.media-amazon.com/images/I/61JjvNkVN7L._AC_UL960_FMwebp_QL65_.jpg,1,"R$ 129,70",False,False,False,False,Mais de 50 compras no mês passado,"Entrega GRÁTIS: dom., 20 de jul.",False,,,,,,
B0F3XKGNJQ,"Maxi Baby Tapete Ginasio, Tapete de Atividades para Piano Funny, Tapete de Atividades com Piano E Pastime, Tapete de Atividades com Piano e Andador 3 em 1 para","R$ 179,99",,BRL,2,1,https://www.amazon.com.br/dp/B0F3XKGNJQ,https://m.media-amazon.com/images/I/61g5ISbkaRL._AC_UL960_FMwebp_QL65_.jpg,1,"R$ 179,99",False,False,False,False,,"Entrega GRÁTIS: qua., 16 de jul.",False,Economize 5% com o cupom,,,,,
B0DJ1C6Z9W,LEGO Sonic Super Shadow vs. Biolizard 77003,"R$ 303,99","R$ 365,49",BRL,4.8,185,https://www.amazon.com.br/dp/B0DJ1C6Z9W,https://m.media-amazon.com/images/I/81CjAqOsLYL._AC_UL960_FMwebp_QL65_.jpg,1,"R$ 303,99",False,False,True,False,Mais de 30 compras no mês passado,,False,,Oferta Prime Day,,,,
B0CWPMG3DF,"Tapete Infantil Emborrachado Tatame 8mm Dobrável Dupla Face Atividades (Pista) 1,80cm X 1,50cm","R$ 116,00",,BRL,4.1,129,https://www.amazon.com.br/dp/B0CWPMG3DF,https://m.media-amazon.com/images/I/71huvaQf9AL._AC_UL960_FMwebp_QL65_.jpg,1,"R$ 116,00",False,False,False,True,Mais de 200 compras no mês passado,"Entrega GRÁTIS: qua., 30 de jul.",False,,,,,,
B01C3O182E,"Bicicleta de Equilíbrio Infantil Sem Pedal – Para Crianças a Partir de 1 Ano | Desenvolve Coordenação Motora e Equilíbrio | Leve, Segura e Ideal Para Uso Interno e Externo","R$ 117,50",,BRL,5,2,https://www.amazon.com.br/dp/B01C3O182E,https://m.media-amazon.com/images/I/51NeTNRz3HL._AC_UL960_FMwebp_QL65_.jpg,1,"R$ 117,50",False,False,False,False,,"Entrega GRÁTIS: qui., 31 de jul.",False,,,,,,
B08Z78H2PR,TRICICLO INFANTIL PASSEIO PEDAL 2 EM 1 CESTO MEGA COMPRAS,"R$ 259,90","R$ 299,90",BRL,3.7,170,https://www.amazon.com.br/dp/B08Z78H2PR,https://m.media-amazon.com/images/I/61zQDubW+2L._AC_UL960_FMwebp_QL65_.jpg,1,"R$ 259,90",False,False,False,False,Mais de 30 compras no mês passado,"Entrega GRÁTIS: qui., 31 de jul.",False,,,,,,
B0CK3KBJQW,Fun Divirta-se - Tamagotchi Bichinho Virtual - Sortidos,"R$ 109,56",,BRL,4.4,95,https://www.amazon.com.br/dp/B0CK3KBJQW,https://m.media-amazon.com/images/I/51hnLMai9fL._AC_UL960_FMwebp_QL65_.jpg,10,"R$ 104,99",False,False,False,False,Mais de 100 compras no mês passado,"Entrega GRÁTIS: Amanhã, 14 de jul.Ou entrega mais rápida: Hoje",False,,,,,,
B0DSGLK4RF,RACE MODEL Bburago Escala 1/43 Fórmula 1 Mercedes AMG Petronas F1 W15 Grand Prix Collection - #44 Lewis Hamilton,"R$ 129,90",,BRL,5,2,https://www.amazon.com.br/dp/B0DSGLK4RF,https://m.media-amazon.com/images/I/71LZra0wfEL._AC_UL960_FMwebp_QL65_.jpg,1,"R$ 129,90",False,False,False,False,Mais de 50 compras no mês passado,"Entrega R$ 61,84: 4 - 12 de ago.Ou entrega mais rápida: 28 - 31 de jul.",False,,,,,,
B0DJSM5L6X,Hot Wheels Diecast Veículo de Brinquedo Let&#x27;s Race Embalagem com 10 Carros Surpresa para crianças a partir de 3 anos,"R$ 178,90",,BRL,4.9,165,https://www.amazon.com.br/dp/B0DJSM5L6X,https://m.media-amazon.com/images/I/815FGETzPJL._AC_UL960_FMwebp_QL65_.jpg,9,"R$ 153,60",False,False,False,False,Mais de 100 compras no mês passado,"Entrega R$ 28,29: 23 - 25 de jul.",False,,,,,,
B0DJ1C6Z9W,LEGO Sonic Super Shadow vs. Biolizard 77003,"R$ 303,99","R$ 365,49",BRL,4.8,185,https://www.amazon.com.br/dp/B0DJ1C6Z9W,https://m.media-amazon.com/images/I/81CjAqOsLYL._AC_UL960_FMwebp_QL65_.jpg,1,"R$ 303,99",False,False,True,False,Mais de 30 compras no mês passado,,False,,Oferta Prime Day,,,,
B0CWPMG3DF,"Tapete Infantil Emborrachado Tatame 8mm Dobrável Dupla Face Atividades (Pista) 1,80cm X 1,50cm","R$ 116,00",,BRL,4.1,129,https://www.amazon.com.br/dp/B0CWPMG3DF,https://m.media-amazon.com/images/I/71huvaQf9AL._AC_UL960_FMwebp_QL65_.jpg,1,"R$ 116,00",False,False,False,True,Mais de 200 compras no mês passado,"Entrega GRÁTIS: qua., 30 de jul.",False,,,,,,
B01C3O182E,"Bicicleta de Equilíbrio Infantil Sem Pedal – Para Crianças a Partir de 1 Ano | Desenvolve Coordenação Motora e Equilíbrio | Leve, Segura e Ideal Para Uso Interno e Externo","R$ 117,50",,BRL,5,2,https://www.amazon.com.br/dp/B01C3O182E,https://m.media-amazon.com/images/I/51NeTNRz3HL._AC_UL960_FMwebp_QL65_.jpg,1,"R$ 117,50",False,False,False,False,,"Entrega GRÁTIS: qui., 31 de jul.",False,,,,,,
B08Z78H2PR,TRICICLO INFANTIL PASSEIO PEDAL 2 EM 1 CESTO MEGA COMPRAS,"R$ 259,90","R$ 299,90",BRL,3.7,170,https://www.amazon.com.br/dp/B08Z78H2PR,https://m.media-amazon.com/images/I/61zQDubW+2L._AC_UL960_FMwebp_QL65_.jpg,1,"R$ 259,90",False,False,False,False,Mais de 30 compras no mês passado,"Entrega GRÁTIS: qui., 31 de jul.",False,,,,,,
B0CK3KBJQW,Fun Divirta-se - Tamagotchi Bichinho Virtual - Sortidos,"R$ 109,56",,BRL,4.4,95,https://www.amazon.com.br/dp/B0CK3KBJQW,https://m.media-amazon.com/images/I/51hnLMai9fL._AC_UL960_FMwebp_QL65_.jpg,10,"R$ 104,99",False,False,False,False,Mais de 100 compras no mês passado,"Entrega GRÁTIS: Amanhã, 14 de jul.Ou entrega mais rápida: Hoje",False,,,,,,
B0DSGLK4RF,RACE MODEL Bburago Escala 1/43 Fórmula 1 Mercedes AMG Petronas F1 W15 Grand Prix Collection - #44 Lewis Hamilton,"R$ 129,90",,BRL,5,2,https://www.amazon.com.br/dp/B0DSGLK4RF,https://m.media-amazon.com/images/I/71LZra0wfEL._AC_UL960_FMwebp_QL65_.jpg,1,"R$ 129,90",False,False,False,False,Mais de 50 compras no mês passado,"Entrega R$ 61,84: 4 - 12 de ago.Ou entrega mais rápida: 28 - 31 de jul.",False,,,,,,
B0DJSM5L6X,Hot Wheels Diecast Veículo de Brinquedo Let&#x27;s Race Embalagem com 10 Carros Surpresa para crianças a partir de 3 anos,"R$ 178,90",,BRL,4.9,165,https://www.amazon.com.br/dp/B0DJSM5L6X,https://m.media-amazon.com/images/I/815FGETzPJL._AC_UL960_FMwebp_QL65_.jpg,9,"R$ 153,60",False,False,False,False,Mais de 100 compras no mês passado,"Entrega R$ 28,29: 23 - 25 de jul.",False,,,,,,
B0D1PJVYQY,Novabrink - Baby Brink - Boneca Rosinha It Malia - 26 cm de altura,"R$ 94,90","R$ 125,99",BRL,4.8,43,https://www.amazon.com.br/dp/B0D1PJVYQY,https://m.media-amazon.com/images/I/61pL8ZwGxFL._AC_UL960_FMwebp_QL65_.jpg,1,"R$ 94,90",False,False,True,False,,,False,,Com Prime,,,,
B0DK7W4CLW,"Pokémon TCG, Box Terapagos Ex","R$ 229,90",,BRL,4.8,100,https://www.amazon.com.br/dp/B0DK7W4CLW,https://m.media-amazon.com/images/I/615IGEuCBnL._AC_UL960_FMwebp_QL65_.jpg,1,"R$ 229,90",False,False,False,False,Mais de 50 compras no mês passado,"Entrega GRÁTIS: qua., 16 de jul.",False,,,,,,
B09TW5Q53K,Kiboule Brinquedos Inteligentes para Crianças Memória Colorida Xadrez Memória De Madeira Matchstick Jogo De Xadrez Memória Desenvolvendo Xadrez Família Brinquedos Intelectuais,,,,4.5,2,https://www.amazon.com.br/dp/B09TW5Q53K,https://m.media-amazon.com/images/I/61uro73kBwL._AC_UL960_FMwebp_QL65_.jpg,1,,False,False,False,False,Mais de 40 compras no mês passado,Não disponível.,False,,,,,,
B0DLP1BBDJ,"Patins Infantil 4 Rodas, Patins Quad, Patins Infantil Menina, Ajustável em 4 Tamanhos, com Bolsa e Kit Proteção, Ideal para meninas, meninos e iniciante","R$ 285,90",,BRL,4.7,268,https://www.amazon.com.br/dp/B0DLP1BBDJ,https://m.media-amazon.com/images/I/71rhcixgwbL._AC_UL960_FMwebp_QL65_.jpg,1,"R$ 285,90",False,False,False,False,,"Entrega R$ 92,99: 31 de jul. - 7 de ago.Ou entrega mais rápida: 24 - 28 de jul.",False,,,,,,
B0D98P6ZCX,"Copag, Jogo Sequence Kids, Cor: Estampado","R$ 76,80","R$ 90,35",BRL,5,5,https://www.amazon.com.br/dp/B0D98P6ZCX,https://m.media-amazon.com/images/I/71ivjd+n+EL._AC_UL960_FMwebp_QL65_.jpg,1,"R$ 76,80",False,False,True,False,Mais de 40 compras no mês passado,,False,,Oferta Prime Day,,,,
B07846MF8M,Jogo Rummikub,"R$ 164,91","R$ 173,60",BRL,4.9,2887,https://www.amazon.com.br/dp/B07846MF8M,https://m.media-amazon.com/images/I/61sw1qSCzHL._AC_UL960_FMwebp_QL65_.jpg,32,"R$ 141,41",False,False,False,False,Mais de 600 compras no mês passado,"Entrega GRÁTIS: Amanhã, 14 de jul.Ou entrega mais rápida: Hoje",False,,,,,,
B0DJ19MZ5G,LEGO Ninjago Pack de Combate do Spinjitzu de Dragão 71826,"R$ 119,99","R$ 139,90",BRL,4.8,141,https://www.amazon.com.br/dp/B0DJ19MZ5G,https://m.media-amazon.com/images/I/91xdiGX48WL._AC_UL960_FMwebp_QL65_.jpg,1,"R$ 119,99",False,False,False,False,Mais de 50 compras no mês passado,"Entrega GRÁTIS: Amanhã, 14 de jul.Ou entrega mais rápida: Hoje",False,,,,,,
B0968KFKFM,Pega em 6! (PaperGames),"R$ 119,99","R$ 135,90",BRL,4.9,427,https://www.amazon.com.br/dp/B0968KFKFM,https://m.media-amazon.com/images/I/71UrInPKXNL._AC_UL960_FMwebp_QL65_.jpg,1,"R$ 119,99",False,False,False,False,Mais de 50 compras no mês passado,"Entrega GRÁTIS: qua., 16 de jul.",False,,,,,,
B0F7Y65JSJ,Devil May Cry 5 - PlayStation 4,"R$ 111,03","R$ 119,90",BRL,3,1,https://www.amazon.com.br/dp/B0F7Y65JSJ,https://m.media-amazon.com/images/I/71Deix5wp8L._AC_UL960_FMwebp_QL65_.jpg,3,"R$ 109,90",False,False,False,False,,"Entrega GRÁTIS: Amanhã, 14 de jul.Ou entrega mais rápida: Hoje",False,,,PlayStation 4,por Capcom,,
B0DFRZK1GD,Blocos de Construção Magnético Para Crianças Brinquedo Educativo de Montar 129 Peças,"R$ 256,40","R$ 269,90",BRL,3.9,16,https://www.amazon.com.br/dp/B0DFRZK1GD,https://m.media-amazon.com/images/I/81HffXcnC5L._AC_UL960_FMwebp_QL65_.jpg,1,"R$ 256,40",False,False,False,True,Mais de 20 compras no mês passado,"Entrega GRÁTIS: sáb., 19 de jul.",False,,,,,,
B0D18QJNKJ,Castelo Da Princesa 240Pcs,"R$ 107,47","R$ 126,84",BRL,4.4,29,https://www.amazon.com.br/dp/B0D18QJNKJ,https://m.media-amazon.com/images/I/81kb7c-sIcL._AC_UL960_FMwebp_QL65_.jpg,1,"R$ 107,47",False,False,False,False,Mais de 100 compras no mês passado,"Entrega GRÁTIS: qui., 17 de jul.",False,,,,,,
B0DHSVLRLM,Máquina de Pegar Bichinhos de Pelúcia Infantil Brinquedo com Som e Luz Garra,"R$ 161,40","R$ 188,90",BRL,4.3,18,https://www.amazon.com.br/dp/B0DHSVLRLM,https://m.media-amazon.com/images/I/71H+SxyjVML._AC_UL960_FMwebp_QL65_.jpg,1,"R$ 161,40",False,False,False,True,,"Entrega GRÁTIS: qua., 16 de jul.",False,,Economize 10%,,,,
B0CVNN2NL3,Funko POP Animation: HxH - Silva Zoldyck - Hunter X Hunter (HXH) - Collectable Vinyl Figure - Gift Idea - Official Merchandise - for Kids &amp; Adults - Anime Fans - Model Figure for Collectors,"R$ 114,86",,BRL,4.8,61,https://www.amazon.com.br/dp/B0CVNN2NL3,https://m.media-amazon.com/images/I/615TDodHYGL._AC_UL960_FMwebp_QL65_.jpg,1,"R$ 114,86",False,False,False,False,Mais de 40 compras no mês passado,"Entrega R$ 8,90: ter., 5 de ago.",False,,,,,,
B0D9W2HPCL,"UAONO Caixa de armazenamento de cartões para cartas colecionáveis, caixa de baralho Commander 1800+ para MTG com janela de exibição, estojo de cartão Toploader serve para cartões esportivos Magic TCG","R$ 231,05",,BRL,4.8,120,https://www.amazon.com.br/dp/B0D9W2HPCL,https://m.media-amazon.com/images/I/715rAC+Q93L._AC_UL960_FMwebp_QL65_.jpg,1,"R$ 231,05",False,False,False,False,,"Entrega R$ 8,90: 7 de ago. - 16 de set.",False,,,,,,
B0DD4S6Z64,Jogo Imagem &amp; Ação Maluco - Grow,"R$ 131,79",,BRL,4.9,29,https://www.amazon.com.br/dp/B0DD4S6Z64,https://m.media-amazon.com/images/I/619fmFFyFlL._AC_UL960_FMwebp_QL65_.jpg,17,"R$ 121,41",False,False,False,False,Mais de 50 compras no mês passado,"Entrega GRÁTIS: Amanhã, 14 de jul.Ou entrega mais rápida: Hoje",False,,,,,,
B0DP3FHJMS,Boneco Funko Pop! Racing McLaren- Ayrton Senna,"R$ 139,25","R$ 149,81",BRL,4.6,168,https://www.amazon.com.br/dp/B0DP3FHJMS,https://m.media-amazon.com/images/I/517JS46ITML._AC_UL960_FMwebp_QL65_.jpg,37,"R$ 116,15",False,False,False,False,Mais de 500 compras no mês passado,"Entrega GRÁTIS: Amanhã, 14 de jul.Ou entrega mais rápida: Hoje",False,,,,,,
B0CHR9FP8L,TAKARA TOMY Lançador de cordas Beyblade X BX-18,"R$ 109,02",,BRL,4.4,370,https://www.amazon.com.br/dp/B0CHR9FP8L,https://m.media-amazon.com/images/I/516yKZ3Y0oL._AC_UL960_FMwebp_QL65_.jpg,1,"R$ 109,02",False,False,False,False,Mais de 20 compras no mês passado,"Entrega R$ 8,90: ter., 5 de ago.",False,,,,,,
B0DHSVLRLM,Máquina de Pegar Bichinhos de Pelúcia Infantil Brinquedo com Som e Luz Garra,"R$ 161,40","R$ 188,90",BRL,4.3,18,https://www.amazon.com.br/dp/B0DHSVLRLM,https://m.media-amazon.com/images/I/71H+SxyjVML._AC_UL960_FMwebp_QL65_.jpg,1,"R$ 161,40",False,False,False,True,,"Entrega GRÁTIS: qua., 16 de jul.",False,,Economize 10%,,,,
B0CVNN2NL3,Funko POP Animation: HxH - Silva Zoldyck - Hunter X Hunter (HXH) - Collectable Vinyl Figure - Gift Idea - Official Merchandise - for Kids &amp; Adults - Anime Fans - Model Figure for Collectors,"R$ 114,86",,BRL,4.8,61,https://www.amazon.com.br/dp/B0CVNN2NL3,https://m.media-amazon.com/images/I/615TDodHYGL._AC_UL960_FMwebp_QL65_.jpg,1,"R$ 114,86",False,False,False,False,Mais de 40 compras no mês passado,"Entrega R$ 8,90: ter., 5 de ago.",False,,,,,,
B0D9W2HPCL,"UAONO Caixa de armazenamento de cartões para cartas colecionáveis, caixa de baralho Commander 1800+ para MTG com janela de exibição, estojo de cartão Toploader serve para cartões esportivos Magic TCG","R$ 231,05",,BRL,4.8,120,https://www.amazon.com.br/dp/B0D9W2HPCL,https://m.media-amazon.com/images/I/715rAC+Q93L._AC_UL960_FMwebp_QL65_.jpg,1,"R$ 231,05",False,False,False,False,,"Entrega R$ 8,90: 7 de ago. - 16 de set.",False,,,,,,
B0DD4S6Z64,Jogo Imagem &amp; Ação Maluco - Grow,"R$ 131,79",,BRL,4.9,29,https://www.amazon.com.br/dp/B0DD4S6Z64,https://m.media-amazon.com/images/I/619fmFFyFlL._AC_UL960_FMwebp_QL65_.jpg,17,"R$ 121,41",False,False,False,False,Mais de 50 compras no mês passado,"Entrega GRÁTIS: Amanhã, 14 de jul.Ou entrega mais rápida: Hoje",False,,,,,,
B0DP3FHJMS,Boneco Funko Pop! Racing McLaren- Ayrton Senna,"R$ 139,25","R$ 149,81",BRL,4.6,168,https://www.amazon.com.br/dp/B0DP3FHJMS,https://m.media-amazon.com/images/I/517JS46ITML._AC_UL960_FMwebp_QL65_.jpg,37,"R$ 116,15",False,False,False,False,Mais de 500 compras no mês passado,"Entrega GRÁTIS: Amanhã, 14 de jul.Ou entrega mais rápida: Hoje",False,,,,,,
B0CHR9FP8L,TAKARA TOMY Lançador de cordas Beyblade X BX-18,"R$ 109,02",,BRL,4.4,370,https://www.amazon.com.br/dp/B0CHR9FP8L,https://m.media-amazon.com/images/I/516yKZ3Y0oL._AC_UL960_FMwebp_QL65_.jpg,1,"R$ 109,02",False,False,False,False,Mais de 20 compras no mês passado,"Entrega R$ 8,90: ter., 5 de ago.",False,,,,,,
B0CV2KSL3V,LEGO Botanicals Crisântemo 10368,"R$ 182,99","R$ 212,99",BRL,4.9,2195,https://www.amazon.com.br/dp/B0CV2KSL3V,https://m.media-amazon.com/images/I/71CQditw8GL._AC_UL960_FMwebp_QL65_.jpg,1,"R$ 182,99",False,False,False,False,Mais de 100 compras no mês passado,"Entrega GRÁTIS: Amanhã, 14 de jul.Ou entrega mais rápida: Hoje",False,,,,,,
B07QN82G93,Ceaco Puzzle Disney Pixar Clips 2000 peças novo 3502-4,"R$ 205,78",,BRL,4.6,2507,https://www.amazon.com.br/dp/B07QN82G93,https://m.media-amazon.com/images/I/81d27DhWDjL._AC_UL960_FMwebp_QL65_.jpg,1,"R$ 205,78",False,False,False,False,Mais de 40 compras no mês passado,"Entrega R$ 8,90: ter., 5 de ago.",False,,,,,,
B0DHW6GKS8,Pista Dinossauro Carrinhos com Looping Radical Túnel Brinquedo Luz e Som 92 Peças (217),"R$ 142,40","R$ 149,90",BRL,4.2,19,https://www.amazon.com.br/dp/B0DHW6GKS8,https://m.media-amazon.com/images/I/71I2Jo5wJxL._AC_UL960_FMwebp_QL65_.jpg,1,"R$ 142,40",False,False,False,True,Mais de 50 compras no mês passado,"Entrega GRÁTIS: sáb., 19 de jul.",False,,,,,,
B0CMGDL9LT,"Barbie, Conjunto de Brinquedo com 1 Cavalo e Acessórios, Emite mais de 20 Sons, Inspirado na série Barbie Detetive: A Grande Corrida de Cavalos, Para crianças a partir de 3 anos","R$ 284,00","R$ 323,53",BRL,4.8,1027,https://www.amazon.com.br/dp/B0CMGDL9LT,https://m.media-amazon.com/images/I/81QL1ELB97L._AC_UL960_FMwebp_QL65_.jpg,1,"R$ 284,00",False,True,False,False,Mais de 20 compras no mês passado,"Entrega GRÁTIS: Amanhã, 14 de jul.Ou entrega mais rápida: Hoje",False,,Escolha,,,,
B0DXFDQ1DL,Robôs Blocos de Montar Construção Brinquedos STEM Educacional Infantil Com Controle Remoto e APP Programável 369 Peças,"R$ 219,00",,BRL,3.6,4,https://www.amazon.com.br/dp/B0DXFDQ1DL,https://m.media-amazon.com/images/I/71qQV8+niaL._AC_UL960_FMwebp_QL65_.jpg,1,"R$ 219,00",False,False,False,False,Mais de 40 compras no mês passado,"Entrega GRÁTIS: sáb., 19 de jul.",False,Economize 10% com o cupom,,,,,
B0DGRDTSNR,"SUNNY, Figuras de Ação, DC Comics, 4 Bonecos - 30 cm","R$ 229,50","R$ 270,00",BRL,5,9,https://www.amazon.com.br/dp/B0DGRDTSNR,https://m.media-amazon.com/images/I/71U8j0hWQVL._AC_UL960_FMwebp_QL65_.jpg,1,"R$ 229,50",False,False,True,False,,,False,,Oferta Prime Day,,,,
B0C11YTB16,"McFarlane Brinquedos - Disney Mirrorverse Genie 12,7 cm Scrooge McDuck 12,7 cm e Pateta 17,7 cm, pacote com 3 bonecos de ação, etiqueta dourada, exclusivo da Amazon","R$ 286,00",,BRL,4.5,48,https://www.amazon.com.br/dp/B0C11YTB16,https://m.media-amazon.com/images/I/81Y4wGNOTWL._AC_UL960_FMwebp_QL65_.jpg,1,"R$ 286,00",False,False,False,False,,"Entrega R$ 8,90: ter., 5 de ago.",False,,,,,,
B0DSG6R7N8,"Caminhão Bombeiro, Guindaste Ou Escavadeira Controle Remoto Conect Brinq (Guindaste)","R$ 127,41","R$ 249,90",BRL,4.8,8,https://www.amazon.com.br/dp/B0DSG6R7N8,https://m.media-amazon.com/images/I/61TLVQ+KcJL._AC_UL960_FMwebp_QL65_.jpg,1,"R$ 127,41",False,False,True,False,,,False,,Com Prime,,,,
B0CFSHYVQZ,"G.I. Joe Classified Series #129, Mad Marauders SGT Slaughter, Collectible 6 Inch Action Figure with 18 Accessories","R$ 308,78",,BRL,4.9,250,https://www.amazon.com.br/dp/B0CFSHYVQZ,https://m.media-amazon.com/images/I/81lrjvqRi2L._AC_UL960_FMwebp_QL65_.jpg,1,"R$ 308,78",False,False,False,False,Mais de 30 compras no mês passado,"Entrega R$ 8,90: 22 de jul. - 8 de ago.",False,,,,,,
B0DJ1BQJ5Y,LEGO Disney Princess Diversão na Ilha da Moana 43260,"R$ 130,99","R$ 161,99",BRL,4.9,173,https://www.amazon.com.br/dp/B0DJ1BQJ5Y,https://m.media-amazon.com/images/I/81c-ktiFQPL._AC_UL960_FMwebp_QL65_.jpg,1,"R$ 130,99",False,False,False,False,Mais de 100 compras no mês passado,"Entrega GRÁTIS: Amanhã, 14 de jul.Ou entrega mais rápida: Hoje",False,,,,,,
B075XLRXBJ,Mor - Piscina 2.000 Litros,"R$ 359,82","R$ 387,44",BRL,4.6,5932,https://www.amazon.com.br/dp/B075XLRXBJ,https://m.media-amazon.com/images/I/41eSjDzlefL._AC_UL960_FMwebp_QL65_.jpg,36,"R$ 296,99",False,False,False,False,,"Entrega GRÁTIS: sex., 25 de jul.",False,,,,,,
B0DJ1BGHYJ,LEGO DUPLO Árvore para Equilibrar e Empilhar 10440,"R$ 129,19","R$ 154,90",BRL,4.6,47,https://www.amazon.com.br/dp/B0DJ1BGHYJ,https://m.media-amazon.com/images/I/81rI57RWA5L._AC_UL960_FMwebp_QL65_.jpg,1,"R$ 129,19",False,False,True,False,Mais de 30 compras no mês passado,,False,,Oferta Prime Day,,,,
B0CMR1971Q,"Verden Bicicleta Infantil Amy Aro 12 Lílas e Rosa com rodinhas, cestinha e garrafinha","R$ 242,90","R$ 280,10",BRL,5,7,https://www.amazon.com.br/dp/B0CMR1971Q,https://m.media-amazon.com/images/I/514Md05Cx2L._AC_UL960_FMwebp_QL65_.jpg,1,"R$ 242,90",False,False,False,False,Mais de 20 compras no mês passado,Entrega GRÁTIS: 21 - 22 de jul.,False,,,,,,
B086Y9569P,"Gamewright Shifting Stones – A Visual, Decision-Making Family Strategy Game of Tiles, Cards, and Tactics for Ages 8 and up","R$ 170,03",,BRL,4.8,958,https://www.amazon.com.br/dp/B086Y9569P,https://m.media-amazon.com/images/I/71jwuwtWcML._AC_UL960_FMwebp_QL65_.jpg,1,"R$ 170,03",False,False,False,False,Mais de 50 compras no mês passado,"Entrega R$ 8,90: ter., 5 de ago.",False,,,,,,
B0C217ZZ3J,Bluey 8th Wonder Wooden Stacking Game,"R$ 111,69",,BRL,4.7,966,https://www.amazon.com.br/dp/B0C217ZZ3J,https://m.media-amazon.com/images/I/71Ol0737grL._AC_UL960_FMwebp_QL65_.jpg,1,"R$ 111,69",False,False,False,False,,"Entrega R$ 8,90: ter., 5 de ago.",False,,,,,,
B07X9V8MFQ,"Galápagos, Bang! Dice Game, Jogo de Dados para Amigos, 3-8 jogadores, 15 minutos por partida","R$ 199,90",,BRL,4.9,887,https://www.amazon.com.br/dp/B07X9V8MFQ,https://m.media-amazon.com/images/I/81f8wJoUbqL._AC_UL960_FMwebp_QL65_.jpg,2,"R$ 187,88",False,False,False,False,Mais de 30 compras no mês passado,"Entrega GRÁTIS: qua., 6 de ago.",False,,,,,,
B0DDPHFTTC,Ravensburger Disney Lorcana TCG: Reign of Jafar Single-Player Deck – Ruby &amp; Steel for Ages 8 and Up| Engaging Gameplay | Over 200 Original Disney Artworks,"R$ 178,37",,BRL,4.5,17,https://www.amazon.com.br/dp/B0DDPHFTTC,https://m.media-amazon.com/images/I/61y+xpRQ5wL._AC_UL960_FMwebp_QL65_.jpg,1,"R$ 178,37",False,False,False,False,Mais de 30 compras no mês passado,,False,,,,,,
B0B8X3LRF1,FIGURE NARUTO SHIPPUDEN - UZUMAKI NARUTO - EFFECTREME - REF.: 19288 - BANDAI BANPRESTO,"R$ 141,55","R$ 214,60",BRL,4.7,125,https://www.amazon.com.br/dp/B0B8X3LRF1,https://m.media-amazon.com/images/I/718CJMnmdOL._AC_UL960_FMwebp_QL65_.jpg,1,"R$ 141,55",False,False,True,False,,,False,,Oferta Prime Day,,,,
B0C217ZZ3J,Bluey 8th Wonder Wooden Stacking Game,"R$ 111,69",,BRL,4.7,966,https://www.amazon.com.br/dp/B0C217ZZ3J,https://m.media-amazon.com/images/I/71Ol0737grL._AC_UL960_FMwebp_QL65_.jpg,1,"R$ 111,69",False,False,False,False,,"Entrega R$ 8,90: ter., 5 de ago.",False,,,,,,
B07X9V8MFQ,"Galápagos, Bang! Dice Game, Jogo de Dados para Amigos, 3-8 jogadores, 15 minutos por partida","R$ 199,90",,BRL,4.9,887,https://www.amazon.com.br/dp/B07X9V8MFQ,https://m.media-amazon.com/images/I/81f8wJoUbqL._AC_UL960_FMwebp_QL65_.jpg,2,"R$ 187,88",False,False,False,False,Mais de 30 compras no mês passado,"Entrega GRÁTIS: qua., 6 de ago.",False,,,,,,
B0DDPHFTTC,Ravensburger Disney Lorcana TCG: Reign of Jafar Single-Player Deck – Ruby &amp; Steel for Ages 8 and Up| Engaging Gameplay | Over 200 Original Disney Artworks,"R$ 178,37",,BRL,4.5,17,https://www.amazon.com.br/dp/B0DDPHFTTC,https://m.media-amazon.com/images/I/61y+xpRQ5wL._AC_UL960_FMwebp_QL65_.jpg,1,"R$ 178,37",False,False,False,False,Mais de 30 compras no mês passado,,False,,,,,,
B0B8X3LRF1,FIGURE NARUTO SHIPPUDEN - UZUMAKI NARUTO - EFFECTREME - REF.: 19288 - BANDAI BANPRESTO,"R$ 141,55","R$ 214,60",BRL,4.7,125,https://www.amazon.com.br/dp/B0B8X3LRF1,https://m.media-amazon.com/images/I/718CJMnmdOL._AC_UL960_FMwebp_QL65_.jpg,1,"R$ 141,55",False,False,True,False,,,False,,Oferta Prime Day,,,,
B0BHKSWBV9,"Funbox Hive Pocket - Jogo de Estratégia para 2 Jogadores, Idade 12+ - Original","R$ 169,86",,BRL,4.9,102,https://www.amazon.com.br/dp/B0BHKSWBV9,https://m.media-amazon.com/images/I/51GNc3K3r3L._AC_UL960_FMwebp_QL65_.jpg,12,"R$ 156,00",False,False,False,False,Mais de 50 compras no mês passado,"Entrega GRÁTIS: qua., 16 de jul.",False,,,,,,
B0C3NYY3PK,F1 Ferrari Sf-23 Charles Leclerc #16 2023 1/43 Bburago Acrílico,"R$ 180,84",,BRL,4.7,155,https://www.amazon.com.br/dp/B0C3NYY3PK,https://m.media-amazon.com/images/I/71a0bTLAolL._AC_UL960_FMwebp_QL65_.jpg,1,"R$ 180,84",False,False,False,False,Mais de 100 compras no mês passado,"Entrega R$ 8,90: ter., 5 de ago.",False,,,,,,
B0C1HSS2LQ,"Banco Imobiliário Grande Clássico, Brinquedos Estrela","R$ 107,64",,BRL,4.8,987,https://www.amazon.com.br/dp/B0C1HSS2LQ,https://m.media-amazon.com/images/I/61JQwRtCK3L._AC_UL960_FMwebp_QL65_.jpg,34,"R$ 90,80",False,False,False,False,Mais de 500 compras no mês passado,"Entrega GRÁTIS: qua., 16 de jul.",False,,,,,,
B07JFKXM6N,Colchão Multiuso Casal com Fole,"R$ 138,00",,BRL,4.6,4158,https://www.amazon.com.br/dp/B07JFKXM6N,https://m.media-amazon.com/images/I/517OVjk1QZL._AC_UL960_FMwebp_QL65_.jpg,41,"R$ 118,99",False,False,False,False,Mais de 1 mil compras no mês passado,"Entrega GRÁTIS: qua., 16 de jul.",False,,,,,,
B0CWS1CMPN,Ursinho Que Reza Bege,"R$ 111,26","R$ 120,49",BRL,4.2,18,https://www.amazon.com.br/dp/B0CWS1CMPN,https://m.media-amazon.com/images/I/51judBZ4bcL._AC_UL960_FMwebp_QL65_.jpg,14,"R$ 108,12",False,False,False,False,Mais de 50 compras no mês passado,"Entrega GRÁTIS: Amanhã, 14 de jul.Ou entrega mais rápida: Hoje",False,,,,,,
B0D9WMYM52,Game Portátil R36s Tela IPS 3.5 64GB 15 Mil jogos,"R$ 385,00",,BRL,4.4,62,https://www.amazon.com.br/dp/B0D9WMYM52,https://m.media-amazon.com/images/I/51j8X9nhmgL._AC_UL960_FMwebp_QL65_.jpg,1,"R$ 385,00",False,False,False,True,Mais de 50 compras no mês passado,"Entrega GRÁTIS: sáb., 19 de jul.",False,,,,,,
B0C5Y6PP3T,"Big Book of Battle Mats Rooms Vaults &amp; Chambers by Loke, Board Game Maps","R$ 118,85","R$ 133,26",BRL,4.9,104,https://www.amazon.com.br/dp/B0C5Y6PP3T,https://m.media-amazon.com/images/I/81HKB6MAIrL._AC_UL960_FMwebp_QL65_.jpg,1,"R$ 118,85",False,False,True,False,,,False,,Oferta Prime Day,,,,
6586600332,"Gálapagos, Vampiro: A Máscara (5ª Edição) - Camarilla (Suplemento), Livro de RPG","R$ 130,44",,BRL,4.9,332,https://www.amazon.com.br/dp/6586600332,https://m.media-amazon.com/images/I/61MS2p9iJqL._AC_UL960_FMwebp_QL65_.jpg,4,"R$ 117,40",False,False,False,False,Mais de 50 compras no mês passado,"Entrega GRÁTIS: Amanhã, 14 de jul.Ou entrega mais rápida: Hoje",False,,,,,,
B0BNLL9H6L,CMON Marvel United Tales of Asgard Expansion | Tabletop Miniatures Game | Strategy Game | Cooperative Game for Adults and Kids | Ages 14+ | 1-4 Players | Average Playtime 40 Minutes | Made by CMON,"R$ 227,74",,BRL,4.8,49,https://www.amazon.com.br/dp/B0BNLL9H6L,https://m.media-amazon.com/images/I/81DXu6wBFpL._AC_UL960_FMwebp_QL65_.jpg,1,"R$ 227,74",False,False,False,False,,"Entrega R$ 8,90: ter., 5 de ago.",False,,,,,,
B083KMQ2XK,"Bicicleta Infantil, Nathor, Aro 12, Hot Wheels","R$ 275,00",,BRL,,0,https://www.amazon.com.br/dp/B083KMQ2XK,https://m.media-amazon.com/images/I/61VUbQP52FL._AC_UL960_FMwebp_QL65_.jpg,12,"R$ 232,98",False,False,False,False,Mais de 30 compras no mês passado,"Entrega GRÁTIS: seg., 21 de jul.",False,,,,,,
B0F4L1KY4R,"Pokémon TCG, Treinador Pokémon EV10 Avançado Rivais Predestinados","R$ 483,89",,BRL,4.3,10,https://www.amazon.com.br/dp/B0F4L1KY4R,https://m.media-amazon.com/images/I/51ii4Dy8EfL._AC_UL960_FMwebp_QL65_.jpg,2,"R$ 483,89",False,False,False,False,Mais de 100 compras no mês passado,,False,,,,,,
B0CKWJ7V3B,Matchbox 2023 70th Anniversary Special Edition Moving Parts Complete Set of 5 Diecast Vehicles from HMV12-956A Release,"R$ 167,42",,BRL,4,106,https://www.amazon.com.br/dp/B0CKWJ7V3B,https://m.media-amazon.com/images/I/712gYlgUmRL._AC_UL960_FMwebp_QL65_.jpg,7,"R$ 112,70",False,False,True,False,Mais de 20 compras no mês passado,"Entrega R$ 8,90: ter., 5 de ago.",False,,,,,,
B0CR49W696,"Barbie, Conjunto de Brinquedo Estábulo dos Sonhos com Boneca, Cavalo e +25 Acessórios, Inspirado na série Barbie Detetive: A Grande Corrida de Cavalos, Para crianças a partir de 3 anos","R$ 419,62","R$ 554,86",BRL,4.8,19,https://www.amazon.com.br/dp/B0CR49W696,https://m.media-amazon.com/images/I/71r7mFlxroL._AC_UL960_FMwebp_QL65_.jpg,13,"R$ 287,39",False,False,False,False,Mais de 20 compras no mês passado,"Entrega GRÁTIS: sáb., 19 de jul.",False,,,,,,
B0CZV3JN9M,Triciclo Banderetta Passeio &amp; Pedal (Rosa) Bandeirante,"R$ 391,99","R$ 399,99",BRL,4.6,125,https://www.amazon.com.br/dp/B0CZV3JN9M,https://m.media-amazon.com/images/I/51H3l0yECwL._AC_UL960_FMwebp_QL65_.jpg,1,"R$ 391,99",False,False,False,False,,"Entrega GRÁTIS: qui., 31 de jul.",False,,,,,,
B0DJ1BKD7Q,LEGO Ninjago Carro de Corrida de Puxar do Lloyd 71828,"R$ 164,35","R$ 221,38",BRL,4.8,84,https://www.amazon.com.br/dp/B0DJ1BKD7Q,https://m.media-amazon.com/images/I/81F01xV9o9L._AC_UL960_FMwebp_QL65_.jpg,1,"R$ 164,35",False,False,True,False,,,False,,Oferta Prime Day,,,,
B0DV42PV4D,Mochila Escolar Infantil À Prova D&#x27;água Para Meninos Meninas Ortopédicas Do Ensino Fundamental Impermeavel Nylon Leve 42 Cm,"R$ 124,98",,BRL,4.7,9,https://www.amazon.com.br/dp/B0DV42PV4D,https://m.media-amazon.com/images/I/51cpmqobBZL._AC_UL960_FMwebp_QL65_.jpg,1,"R$ 124,98",False,False,False,False,,"Entrega GRÁTIS: sáb., 19 de jul.",True,,,,,,
B0DBN1VZ8Q,Star Wars Boneco The Black Series HSG0074 15 cm IG-12 &amp; Grogu Deluxe Edition,"R$ 256,95",,BRL,5,3,https://www.amazon.com.br/dp/B0DBN1VZ8Q,https://m.media-amazon.com/images/I/51CbcBlnbiL._AC_UL960_FMwebp_QL65_.jpg,1,"R$ 256,95",False,False,False,False,Mais de 50 compras no mês passado,"Entrega R$ 8,90: 24 de jul. - 9 de ago.",False,,,,,,
B0DVS23Z7W,Masters of the Universe Sketch Book Series Hordak &amp; Grizzlor,"R$ 309,66",,BRL,3.5,3,https://www.amazon.com.br/dp/B0DVS23Z7W,https://m.media-amazon.com/images/I/71ZVFXSw0IL._AC_UL960_FMwebp_QL65_.jpg,8,"R$ 238,72",False,False,False,False,,"Entrega R$ 8,90: 5 - 29 de ago.",False,,,,,,
B0CKGPKQ33,Big Rock City • 1000-Piece Jigsaw Puzzle from The Magic Puzzle Company • Series Four,"R$ 229,45",,BRL,4.9,644,https://www.amazon.com.br/dp/B0CKGPKQ33,https://m.media-amazon.com/images/I/912JaSLsKKL._AC_UL960_FMwebp_QL65_.jpg,1,"R$ 229,45",False,False,False,False,,"Entrega R$ 8,90: ter., 5 de ago.",False,,,,,,
B0DJ196YL1,LEGO Technic Retroescavadeira 42197,"R$ 102,29",,BRL,4.8,300,https://www.amazon.com.br/dp/B0DJ196YL1,https://m.media-amazon.com/images/I/81jw+YF5trL._AC_UL960_FMwebp_QL65_.jpg,19,"R$ 89,91",False,False,False,False,Mais de 100 compras no mês passado,"Entrega GRÁTIS: Amanhã, 14 de jul.Ou entrega mais rápida: Hoje",False,,,,,,
B0CR49W696,"Barbie, Conjunto de Brinquedo Estábulo dos Sonhos com Boneca, Cavalo e +25 Acessórios, Inspirado na série Barbie Detetive: A Grande Corrida de Cavalos, Para crianças a partir de 3 anos","R$ 419,62","R$ 554,86",BRL,4.8,19,https://www.amazon.com.br/dp/B0CR49W696,https://m.media-amazon.com/images/I/71r7mFlxroL._AC_UL960_FMwebp_QL65_.jpg,13,"R$ 287,39",False,False,False,False,Mais de 20 compras no mês passado,"Entrega GRÁTIS: sáb., 19 de jul.",False,,,,,,
B0CZV3JN9M,Triciclo Banderetta Passeio &amp; Pedal (Rosa) Bandeirante,"R$ 391,99","R$ 399,99",BRL,4.6,125,https://www.amazon.com.br/dp/B0CZV3JN9M,https://m.media-amazon.com/images/I/51H3l0yECwL._AC_UL960_FMwebp_QL65_.jpg,1,"R$ 391,99",False,False,False,False,,"Entrega GRÁTIS: qui., 31 de jul.",False,,,,,,
B0DJ1BKD7Q,LEGO Ninjago Carro de Corrida de Puxar do Lloyd 71828,"R$ 164,35","R$ 221,38",BRL,4.8,84,https://www.amazon.com.br/dp/B0DJ1BKD7Q,https://m.media-amazon.com/images/I/81F01xV9o9L._AC_UL960_FMwebp_QL65_.jpg,1,"R$ 164,35",False,False,True,False,,,False,,Oferta Prime Day,,,,
B0DV42PV4D,Mochila Escolar Infantil À Prova D&#x27;água Para Meninos Meninas Ortopédicas Do Ensino Fundamental Impermeavel Nylon Leve 42 Cm,"R$ 124,98",,BRL,4.7,9,https://www.amazon.com.br/dp/B0DV42PV4D,https://m.media-amazon.com/images/I/51cpmqobBZL._AC_UL960_FMwebp_QL65_.jpg,1,"R$ 124,98",False,False,False,False,,"Entrega GRÁTIS: sáb., 19 de jul.",True,,,,,,
B0DBN1VZ8Q,Star Wars Boneco The Black Series HSG0074 15 cm IG-12 &amp; Grogu Deluxe Edition,"R$ 256,95",,BRL,5,3,https://www.amazon.com.br/dp/B0DBN1VZ8Q,https://m.media-amazon.com/images/I/51CbcBlnbiL._AC_UL960_FMwebp_QL65_.jpg,1,"R$ 256,95",False,False,False,False,Mais de 50 compras no mês passado,"Entrega R$ 8,90: 24 de jul. - 9 de ago.",False,,,,,,
B0DVS23Z7W,Masters of the Universe Sketch Book Series Hordak &amp; Grizzlor,"R$ 309,66",,BRL,3.5,3,https://www.amazon.com.br/dp/B0DVS23Z7W,https://m.media-amazon.com/images/I/71ZVFXSw0IL._AC_UL960_FMwebp_QL65_.jpg,8,"R$ 238,72",False,False,False,False,,"Entrega R$ 8,90: 5 - 29 de ago.",False,,,,,,
B0CKGPKQ33,Big Rock City • 1000-Piece Jigsaw Puzzle from The Magic Puzzle Company • Series Four,"R$ 229,45",,BRL,4.9,644,https://www.amazon.com.br/dp/B0CKGPKQ33,https://m.media-amazon.com/images/I/912JaSLsKKL._AC_UL960_FMwebp_QL65_.jpg,1,"R$ 229,45",False,False,False,False,,"Entrega R$ 8,90: ter., 5 de ago.",False,,,,,,
B0DJ196YL1,LEGO Technic Retroescavadeira 42197,"R$ 102,29",,BRL,4.8,300,https://www.amazon.com.br/dp/B0DJ196YL1,https://m.media-amazon.com/images/I/81jw+YF5trL._AC_UL960_FMwebp_QL65_.jpg,19,"R$ 89,91",False,False,False,False,Mais de 100 compras no mês passado,"Entrega GRÁTIS: Amanhã, 14 de jul.Ou entrega mais rápida: Hoje",False,,,,,,
B071P2WP5R,Star Wars: Imperial Assault - Imperial Assault Emperor Palpatine,"R$ 135,01",,BRL,4.1,63,https://www.amazon.com.br/dp/B071P2WP5R,https://m.media-amazon.com/images/I/91z5fkSVi3L._AC_UL960_FMwebp_QL65_.jpg,1,"R$ 135,01",False,False,False,False,,"Entrega R$ 8,90: ter., 5 de ago.",False,,,,,,
B0CNBVLKCW,Linda moeda 2012 Bandeira Flor de cunho,"R$ 224,80",,BRL,4.7,30,https://www.amazon.com.br/dp/B0CNBVLKCW,https://m.media-amazon.com/images/I/41iSWcy5tFL._AC_UL800_FMwebp_QL65_.jpg,2,"R$ 199,90",False,False,False,False,,"Entrega R$ 27,30: 7 - 13 de ago.",False,,,,,,
B0DJ1BDRV5,LEGO City Great Vehicles Sem Limites: Pista de Rampa para Carros de Corrida 60460,"R$ 449,80",,BRL,4.8,100,https://www.amazon.com.br/dp/B0DJ1BDRV5,https://m.media-amazon.com/images/I/81S5-3AvVWL._AC_UL960_FMwebp_QL65_.jpg,4,"R$ 448,00",False,False,False,False,,"Entrega GRÁTIS: dom., 20 de jul.",False,,,,,,
B0DJ1B3Q5Q,LEGO Creator Animais Selvagens: Flamingo Rosa 31170,"R$ 170,01","R$ 201,33",BRL,4.9,405,https://www.amazon.com.br/dp/B0DJ1B3Q5Q,https://m.media-amazon.com/images/I/81JttOdnbKL._AC_UL960_FMwebp_QL65_.jpg,1,"R$ 170,01",False,False,True,False,Mais de 40 compras no mês passado,,False,,Oferta Prime Day,,,,
B0DNTPCJJP,Maxi Baby Móbile Bebê Arco Para Carrinho e Berço Space,"R$ 166,02","R$ 186,72",BRL,4.7,21,https://www.amazon.com.br/dp/B0DNTPCJJP,https://m.media-amazon.com/images/I/510y8CJYWlL._AC_UL960_FMwebp_QL65_.jpg,1,"R$ 166,02",False,False,False,False,Mais de 50 compras no mês passado,"Entrega GRÁTIS: qua., 16 de jul.",False,,,,,,
B0DFMPH7DQ,Janod Livro Magnético Crazy Faces Meninos - 82 Peças,"R$ 119,90",,BRL,5,13,https://www.amazon.com.br/dp/B0DFMPH7DQ,https://m.media-amazon.com/images/I/61sppuKWBxL._AC_UL960_FMwebp_QL65_.jpg,1,"R$ 119,90",False,False,False,False,Mais de 50 compras no mês passado,"Entrega GRÁTIS: qua., 16 de jul.",False,,,,,,
B0938BMK5F,Bohnanza (PaperGames),"R$ 141,01",,BRL,4.8,90,https://www.amazon.com.br/dp/B0938BMK5F,https://m.media-amazon.com/images/I/810iZE7NBgL._AC_UL960_FMwebp_QL65_.jpg,13,"R$ 119,90",False,False,False,False,Mais de 50 compras no mês passado,"Entrega GRÁTIS: Amanhã, 14 de jul.Ou entrega mais rápida: Hoje",False,,,,,,
B0DHT3V848,Boneca Bebê Reborn Ayla Toma Água e Faz Xixi - Lullaby,"R$ 298,76",,BRL,4.6,10,https://www.amazon.com.br/dp/B0DHT3V848,https://m.media-amazon.com/images/I/61YuDZ0pcdL._AC_UL960_FMwebp_QL65_.jpg,1,"R$ 298,76",False,False,False,False,Mais de 50 compras no mês passado,"Entrega GRÁTIS: dom., 20 de jul.",False,,,,,,
B0F9PX1M5S,Kit Bonecas Emilly Vick e Katlen Dos Rosa Youtubers Baby Brink,"R$ 224,90",,BRL,5,1,https://www.amazon.com.br/dp/B0F9PX1M5S,https://m.media-amazon.com/images/I/61WSyVRV6rL._AC_UL960_FMwebp_QL65_.jpg,1,"R$ 224,90",False,False,False,False,,"Entrega GRÁTIS: ter., 22 de jul.",False,,,,,,
B0DXS2RZH9,Jogo Xadrez Dama Gamão 3 Em 1 50x50 Madeira Tamanho Grande,"R$ 109,99","R$ 129,99",BRL,4,8,https://www.amazon.com.br/dp/B0DXS2RZH9,https://m.media-amazon.com/images/I/71t07EpiRvL._AC_UL960_FMwebp_QL65_.jpg,1,"R$ 109,99",False,False,False,False,,"Entrega GRÁTIS: sáb., 19 de jul.",False,,Economize 15%,,,,
B0CS4J2CNX,"Figura G.I. Joe Classified Series Retro Cardback, Sgt. Stalker","R$ 239,99",,BRL,4.8,128,https://www.amazon.com.br/dp/B0CS4J2CNX,https://m.media-amazon.com/images/I/61TGp7Qn3wL._AC_UL960_FMwebp_QL65_.jpg,1,"R$ 239,99",False,False,False,False,,"Entrega GRÁTIS: Amanhã, 14 de jul.Ou entrega mais rápida: Hoje",False,,,,,,
B0CGGJ8VQP,Funko Pop! Disney: Inside Out 2 - Embarrassment,"R$ 148,50",,BRL,4.8,254,https://www.amazon.com.br/dp/B0CGGJ8VQP,https://m.media-amazon.com/images/I/61aH5IlUQlL._AC_UL960_FMwebp_QL65_.jpg,9,"R$ 142,44",False,False,False,False,Mais de 100 compras no mês passado,"Entrega R$ 23,69: ter., 5 de ago.Ou entrega mais rápida: 17 - 21 de jul.",False,,,,,,
B0BSHHGT6Q,Inside Job | Social Deduction Game | Card Game | Family Games | Kosmos | 2-5 Players | Spy Games | Fast-Paced,"R$ 160,87",,BRL,4.6,99,https://www.amazon.com.br/dp/B0BSHHGT6Q,https://m.media-amazon.com/images/I/81JW9t7w9TL._AC_UL960_FMwebp_QL65_.jpg,1,"R$ 160,87",False,False,False,False,Mais de 20 compras no mês passado,"Entrega R$ 8,90: ter., 5 de ago.",False,,,,,,
B0DJ18LDHN,LEGO Harry Potter Castelo de Hogwarts™: Clube dos Duelos 76441,"R$ 179,35","R$ 208,05",BRL,4.8,153,https://www.amazon.com.br/dp/B0DJ18LDHN,https://m.media-amazon.com/images/I/81DO6RtBCUL._AC_UL960_FMwebp_QL65_.jpg,1,"R$ 179,35",False,False,True,False,Mais de 40 compras no mês passado,,False,,Oferta Prime Day,,,,
B0D7JB3M2S,The Awakened Artifacts • 1000-Piece Jigsaw Puzzle from The Magic Puzzle Company • Series Four,"R$ 220,56",,BRL,4.9,363,https://www.amazon.com.br/dp/B0D7JB3M2S,https://m.media-amazon.com/images/I/91ciDukOnnL._AC_UL960_FMwebp_QL65_.jpg,1,"R$ 220,56",False,False,False,False,Mais de 30 compras no mês passado,"Entrega R$ 8,90: ter., 5 de ago.",False,,,,,,
B0CYHW89NV,"Monster High, Boneca Cleo Articulável com Vestido Dourado e Acessórios, Para crianças a partir de 4 anos","R$ 129,99",,BRL,4.8,880,https://www.amazon.com.br/dp/B0CYHW89NV,https://m.media-amazon.com/images/I/61HM1wn8RtL._AC_UL960_FMwebp_QL65_.jpg,1,"R$ 129,99",False,False,False,False,Mais de 40 compras no mês passado,"Entrega GRÁTIS: qua., 16 de jul.",False,,,,,,
B0DJ18LDHN,LEGO Harry Potter Castelo de Hogwarts™: Clube dos Duelos 76441,"R$ 179,35","R$ 208,05",BRL,4.8,153,https://www.amazon.com.br/dp/B0DJ18LDHN,https://m.media-amazon.com/images/I/81DO6RtBCUL._AC_UL960_FMwebp_QL65_.jpg,1,"R$ 179,35",False,False,True,False,Mais de 40 compras no mês passado,,False,,Oferta Prime Day,,,,
B0D7JB3M2S,The Awakened Artifacts • 1000-Piece Jigsaw Puzzle from The Magic Puzzle Company • Series Four,"R$ 220,56",,BRL,4.9,363,https://www.amazon.com.br/dp/B0D7JB3M2S,https://m.media-amazon.com/images/I/91ciDukOnnL._AC_UL960_FMwebp_QL65_.jpg,1,"R$ 220,56",False,False,False,False,Mais de 30 compras no mês passado,"Entrega R$ 8,90: ter., 5 de ago.",False,,,,,,
B0CYHW89NV,"Monster High, Boneca Cleo Articulável com Vestido Dourado e Acessórios, Para crianças a partir de 4 anos","R$ 129,99",,BRL,4.8,880,https://www.amazon.com.br/dp/B0CYHW89NV,https://m.media-amazon.com/images/I/61HM1wn8RtL._AC_UL960_FMwebp_QL65_.jpg,1,"R$ 129,99",False,False,False,False,Mais de 40 compras no mês passado,"Entrega GRÁTIS: qua., 16 de jul.",False,,,,,,
B00A0Q79RQ,Guerra Do Anel - 2º Edição Devir,"R$ 301,53",,BRL,,0,https://www.amazon.com.br/dp/B00A0Q79RQ,https://m.media-amazon.com/images/I/71ADqxaoNfL._AC_UL960_FMwebp_QL65_.jpg,1,"R$ 301,53",False,False,False,False,,"Entrega R$ 8,90: 24 de jul. - 12 de ago.",False,,,,,,
B0C4C2CYJ6,CMYK Lacuna,"R$ 283,42",,BRL,4.8,178,https://www.amazon.com.br/dp/B0C4C2CYJ6,https://m.media-amazon.com/images/I/71GlgkUDQWL._AC_UL960_FMwebp_QL65_.jpg,1,"R$ 283,42",False,False,False,False,Mais de 20 compras no mês passado,"Entrega R$ 8,90: ter., 5 de ago.",False,,,,,,
B0BNJW5Z1Z,Funko Hello Kitty with Glasses,"R$ 265,16",,BRL,4.8,432,https://www.amazon.com.br/dp/B0BNJW5Z1Z,https://m.media-amazon.com/images/I/71drgE20++L._AC_UL960_FMwebp_QL65_.jpg,1,"R$ 265,16",False,False,False,False,,"Entrega R$ 8,90: qua., 6 de ago.",False,,,,,,
B0CGY3QD8V,LEGO Set Harry Potter TM 76424 Ford Anglia™ Voador 165 peças,"R$ 119,90","R$ 136,60",BRL,4.8,2633,https://www.amazon.com.br/dp/B0CGY3QD8V,https://m.media-amazon.com/images/I/81YtRYVU9fL._AC_UL960_FMwebp_QL65_.jpg,4,"R$ 117,54",False,False,False,False,Mais de 100 compras no mês passado,"Entrega R$ 30,43: ter., 5 de ago.Ou entrega mais rápida: 18 - 24 de jul.",False,,,,,,
B084R6JDL8,OPO 10 - Ayrton Senna Williams Renault FW16# 2 - Brasilien GP Formule 1-1994 1:43 Altaya (715),"R$ 352,45",,BRL,4.6,212,https://www.amazon.com.br/dp/B084R6JDL8,https://m.media-amazon.com/images/I/61mEjsVX0UL._AC_UL960_FMwebp_QL65_.jpg,1,"R$ 352,45",False,False,False,False,Mais de 20 compras no mês passado,"Entrega R$ 8,90: ter., 5 de ago.",False,,,,,,
B0D6TPF7W7,"Candide, Max, Blocos de Construção, Blocos de Montar, Max Build, Acima de 3 anos - 253 Peças","R$ 117,96",,BRL,5,6,https://www.amazon.com.br/dp/B0D6TPF7W7,https://m.media-amazon.com/images/I/61gmfO+rZcL._AC_UL960_FMwebp_QL65_.jpg,1,"R$ 117,96",False,False,False,False,Mais de 30 compras no mês passado,"Entrega GRÁTIS: Amanhã, 14 de jul.Ou entrega mais rápida: Hoje",False,,,,,,
B0DJ197ZQY,LEGO Technic Bush Plane 42198,"R$ 163,36","R$ 192,19",BRL,4.8,235,https://www.amazon.com.br/dp/B0DJ197ZQY,https://m.media-amazon.com/images/I/81vpp8BFnfL._AC_UL960_FMwebp_QL65_.jpg,1,"R$ 163,36",False,False,True,False,Mais de 40 compras no mês passado,,False,,Oferta Prime Day,,,,
B0DHLGNGWP,LEGO Speed Champions Carro de Corrida MoneyGram Haas F1® Team VF-24 77250,"R$ 204,99","R$ 216,99",BRL,5,143,https://www.amazon.com.br/dp/B0DHLGNGWP,https://m.media-amazon.com/images/I/81gs6QgCgLL._AC_UL960_FMwebp_QL65_.jpg,1,"R$ 204,99",False,False,False,False,Mais de 50 compras no mês passado,Entrega GRÁTIS: 21 - 22 de jul.,False,,,,,,
B0DP3G3YR2,Boneco Funko Pop! League of Legends - Ahri,"R$ 116,76",,BRL,,0,https://www.amazon.com.br/dp/B0DP3G3YR2,https://m.media-amazon.com/images/I/61+nsdULExL._AC_UL960_FMwebp_QL65_.jpg,11,"R$ 115,00",False,False,False,False,,"Entrega GRÁTIS: Amanhã, 14 de jul.Ou entrega mais rápida: Hoje",False,,,,,,
B0DJ18PQWH,LEGO City Fire Caminhão dos Bombeiros com Escada de Combate ao Fogo 60463,"R$ 110,20","R$ 139,90",BRL,4.8,85,https://www.amazon.com.br/dp/B0DJ18PQWH,https://m.media-amazon.com/images/I/810RzKNOvyL._AC_UL960_FMwebp_QL65_.jpg,1,"R$ 110,20",False,False,True,False,Mais de 50 compras no mês passado,,False,,Oferta Prime Day,,,,
B0DJ1CP9BM,LEGO Super Mario Mario Kart™ – Moto Yoshi 72031,"R$ 101,00","R$ 136,93",BRL,4.9,316,https://www.amazon.com.br/dp/B0DJ1CP9BM,https://m.media-amazon.com/images/I/81b64oe+H7L._AC_UL960_FMwebp_QL65_.jpg,1,"R$ 101,00",False,False,True,False,Mais de 100 compras no mês passado,,False,,Oferta Prime Day,,,,
B09NWCVLQH,"Patins divertidos para iniciantes da Roller Derby, tamanho ajustável, patins para crianças, meninos, meninas","R$ 296,43",,BRL,4.7,4097,https://www.amazon.com.br/dp/B09NWCVLQH,https://m.media-amazon.com/images/I/81FSYB43qrL._AC_UL960_FMwebp_QL65_.jpg,1,"R$ 296,43",False,False,False,False,,"Entrega R$ 8,90: ter., 5 de ago.",False,,,,,,
B0CV2HGKDQ,LEGO Botanicals Flor de Ameixeira 10369,"R$ 181,29","R$ 205,70",BRL,4.9,2711,https://www.amazon.com.br/dp/B0CV2HGKDQ,https://m.media-amazon.com/images/I/71NhLcg6bDL._AC_UL960_FMwebp_QL65_.jpg,10,"R$ 142,82",False,False,False,False,Mais de 100 compras no mês passado,"Entrega GRÁTIS: Amanhã, 14 de jul.Ou entrega mais rápida: Hoje",False,,,,,,
B0CVL3XL5Q,"Galápagos,Cortex: Disney Edition,2 a 6 jogadore, Competitivo","R$ 141,09",,BRL,4.8,28,https://www.amazon.com.br/dp/B0CVL3XL5Q,https://m.media-amazon.com/images/I/81omZ6FFGyL._AC_UL960_FMwebp_QL65_.jpg,10,"R$ 109,79",False,False,False,False,,"Entrega GRÁTIS: Amanhã, 14 de jul.Ou entrega mais rápida: Hoje",False,,,,,,
B0DFS3TR55,Pista de Carrinhos Infantil Brinquedo Corrida Posto Polícia Com Luz e Som,"R$ 159,90","R$ 219,90",BRL,5,1,https://www.amazon.com.br/dp/B0DFS3TR55,https://m.media-amazon.com/images/I/71gs8Uf2LCL._AC_UL960_FMwebp_QL65_.jpg,1,"R$ 159,90",False,False,True,True,,,False,,Oferta Prime Day,,,,
B07W4MQ8TP,"Bandai Namco - Dragon Ball Super - Super Saiyan Broly, Dragon Ball Evolve 5&quot; Action Figure","R$ 110,54",,BRL,,0,https://www.amazon.com.br/dp/B07W4MQ8TP,https://m.media-amazon.com/images/I/71RYHBSwE1L._AC_UL960_FMwebp_QL65_.jpg,1,"R$ 110,54",False,False,False,False,,"Entrega R$ 8,90: ter., 5 de ago.",False,,,,,,
B0D4B5FMZ5,Funko Pop! Marvel: Deadpool &amp; Wolverine - X-23,"R$ 100,17",,BRL,4.8,197,https://www.amazon.com.br/dp/B0D4B5FMZ5,https://m.media-amazon.com/images/I/61Cqrtg0k7L._AC_UL960_FMwebp_QL65_.jpg,6,"R$ 91,77",False,False,False,False,,"Entrega R$ 8,90: ter., 5 de ago.",False,,,,,,
B076PPQBDX,Mor - Piscina Inflável 1.000 Litros,"R$ 136,03","R$ 146,91",BRL,4.7,708,https://www.amazon.com.br/dp/B076PPQBDX,https://m.media-amazon.com/images/I/51qHZ3No1sL._AC_UL960_FMwebp_QL65_.jpg,23,"R$ 104,84",False,False,False,False,Mais de 30 compras no mês passado,"Entrega GRÁTIS: Amanhã, 14 de jul.Ou entrega mais rápida: Hoje",False,,,,Plástico,,
B09YBXXVLQ,AEG Ready Set Bet | Head Off to The Races | Betting &amp; Bluffing | Real-Time Dice Rolling Party Game | Simultaneous Play | 2-6 Players | Ages 10+,"R$ 353,30",,BRL,4.8,283,https://www.amazon.com.br/dp/B09YBXXVLQ,https://m.media-amazon.com/images/I/817HJ4o82qL._AC_UL960_FMwebp_QL65_.jpg,2,"R$ 289,49",False,False,False,False,Mais de 50 compras no mês passado,"Entrega R$ 8,90: ter., 5 de ago.",False,,,,,,
B0027A7K22,"Bloco de papel Strathmore Bristol série 300, 20 folhas, 270 g, 22,9 x 30,5 cm","R$ 112,43",,BRL,4.8,2284,https://www.amazon.com.br/dp/B0027A7K22,https://m.media-amazon.com/images/I/71baHr+HLeL._AC_UL960_FMwebp_QL65_.jpg,6,"R$ 90,59",False,False,False,False,Mais de 30 compras no mês passado,"Entrega R$ 8,90: ter., 5 de ago.",False,,,,,,
B0CRSV3HGL,TOYUTOYI Video Game Retro Premium + 114 Mil Jogos + 4 Controles + Atualizado,"R$ 327,00",,BRL,4.4,192,https://www.amazon.com.br/dp/B0CRSV3HGL,https://m.media-amazon.com/images/I/81WL9JS5wXL._AC_UL960_FMwebp_QL65_.jpg,4,"R$ 283,86",False,False,False,False,Mais de 50 compras no mês passado,"Entrega GRÁTIS: qua., 30 de jul.",False,,,,por TOYUTOYI,,
B07W4MQ8TP,"Bandai Namco - Dragon Ball Super - Super Saiyan Broly, Dragon Ball Evolve 5&quot; Action Figure","R$ 110,54",,BRL,,0,https://www.amazon.com.br/dp/B07W4MQ8TP,https://m.media-amazon.com/images/I/71RYHBSwE1L._AC_UL960_FMwebp_QL65_.jpg,1,"R$ 110,54",False,False,False,False,,"Entrega R$ 8,90: ter., 5 de ago.",False,,,,,,
B0D4B5FMZ5,Funko Pop! Marvel: Deadpool &amp; Wolverine - X-23,"R$ 100,17",,BRL,4.8,197,https://www.amazon.com.br/dp/B0D4B5FMZ5,https://m.media-amazon.com/images/I/61Cqrtg0k7L._AC_UL960_FMwebp_QL65_.jpg,6,"R$ 91,77",False,False,False,False,,"Entrega R$ 8,90: ter., 5 de ago.",False,,,,,,
B076PPQBDX,Mor - Piscina Inflável 1.000 Litros,"R$ 136,03","R$ 146,91",BRL,4.7,708,https://www.amazon.com.br/dp/B076PPQBDX,https://m.media-amazon.com/images/I/51qHZ3No1sL._AC_UL960_FMwebp_QL65_.jpg,23,"R$ 104,84",False,False,False,False,Mais de 30 compras no mês passado,"Entrega GRÁTIS: Amanhã, 14 de jul.Ou entrega mais rápida: Hoje",False,,,,Plástico,,
B09YBXXVLQ,AEG Ready Set Bet | Head Off to The Races | Betting &amp; Bluffing | Real-Time Dice Rolling Party Game | Simultaneous Play | 2-6 Players | Ages 10+,"R$ 353,30",,BRL,4.8,283,https://www.amazon.com.br/dp/B09YBXXVLQ,https://m.media-amazon.com/images/I/817HJ4o82qL._AC_UL960_FMwebp_QL65_.jpg,2,"R$ 289,49",False,False,False,False,Mais de 50 compras no mês passado,"Entrega R$ 8,90: ter., 5 de ago.",False,,,,,,
B0027A7K22,"Bloco de papel Strathmore Bristol série 300, 20 folhas, 270 g, 22,9 x 30,5 cm","R$ 112,43",,BRL,4.8,2284,https://www.amazon.com.br/dp/B0027A7K22,https://m.media-amazon.com/images/I/71baHr+HLeL._AC_UL960_FMwebp_QL65_.jpg,6,"R$ 90,59",False,False,False,False,Mais de 30 compras no mês passado,"Entrega R$ 8,90: ter., 5 de ago.",False,,,,,,
B0CRSV3HGL,TOYUTOYI Video Game Retro Premium + 114 Mil Jogos + 4 Controles + Atualizado,"R$ 327,00",,BRL,4.4,192,https://www.amazon.com.br/dp/B0CRSV3HGL,https://m.media-amazon.com/images/I/81WL9JS5wXL._AC_UL960_FMwebp_QL65_.jpg,4,"R$ 283,86",False,False,False,False,Mais de 50 compras no mês passado,"Entrega GRÁTIS: qua., 30 de jul.",False,,,,por TOYUTOYI,,
B0F3M85WVN,"Tapete Infantil Tatame Impermeavel Dobrável XPE Emborrachado 1,20X1,80 10mm Dupla Face, Atividades bebe Estampado","R$ 125,39",,BRL,4.5,5,https://www.amazon.com.br/dp/B0F3M85WVN,https://m.media-amazon.com/images/I/51G70e7xNgL._AC_UL960_FMwebp_QL65_.jpg,1,"R$ 125,39",False,False,False,False,Mais de 50 compras no mês passado,"Entrega GRÁTIS: dom., 20 de jul.",False,,,,,,
B0F39CMM49,Toyster - Quebra-cabeça: Walt Disney Animation Studios Panorâmico - 1500 peças - Game Office,"R$ 119,00",,BRL,4.6,788,https://www.amazon.com.br/dp/B0F39CMM49,https://m.media-amazon.com/images/I/71FxySqh1pL._AC_UL960_FMwebp_QL65_.jpg,2,"R$ 119,00",False,False,False,False,Mais de 50 compras no mês passado,,False,,,,,,
B004QO7NGK,"SUNNY, Bitzee, Pet Interativo Virtual, Disney, 30 personagens","R$ 326,02","R$ 352,78",BRL,4.5,40,https://www.amazon.com.br/dp/B004QO7NGK,https://m.media-amazon.com/images/I/614HIew3cfL._AC_UL960_FMwebp_QL65_.jpg,16,"R$ 324,00",False,False,False,False,Mais de 40 compras no mês passado,"Entrega GRÁTIS: Amanhã, 14 de jul.Ou entrega mais rápida: Hoje",False,,,,,,
B0CND34J9J,Funko POP! Marvel: Spider-Man Across The Spider-Verse - MayDay Parker - Collectable Vinyl Figure - Gift Idea - Official Merchandise - for Kids &amp; Adults - Movies Fans - Model Figure for Collectors,"R$ 108,89",,BRL,4.8,138,https://www.amazon.com.br/dp/B0CND34J9J,https://m.media-amazon.com/images/I/71oiuHKBJvL._AC_UL960_FMwebp_QL65_.jpg,1,"R$ 108,89",False,False,False,False,Mais de 50 compras no mês passado,"Entrega R$ 8,90: ter., 5 de ago.",False,,,,,,
B0CV2NFRW6,LEGO DUPLO Disney Barraca de Café de Ariel e Linguado 10420,"R$ 189,90",,BRL,4.8,155,https://www.amazon.com.br/dp/B0CV2NFRW6,https://m.media-amazon.com/images/I/71L2gpEtjmL._AC_UL960_FMwebp_QL65_.jpg,12,"R$ 139,90",False,False,False,False,Mais de 40 compras no mês passado,"Entrega GRÁTIS: qua., 16 de jul.",False,,,,,,
B07TPT7931,"Yes4All Tapetes interligados com borda – Tapetes de espuma/tapetes de ginástica com azulejos interligados de EVA (3,5 metros quadrados – luz de madeira de nogueira – 12 azulejos)","R$ 150,00",,BRL,4,742,https://www.amazon.com.br/dp/B07TPT7931,https://m.media-amazon.com/images/I/81E8XFClwUL._AC_UL960_FMwebp_QL65_.jpg,3,"R$ 135,00",False,False,False,False,,"Entrega GRÁTIS: qua., 16 de jul.",False,,,,,,
B0D9YFDMJ3,"Mini Mesa de Sinuca Com 2 Tacos e 16 Bolas - Bilhar Snooker 35x26x7cm, Residencial e Portátil - Mini Jogo","R$ 149,99",,BRL,4.2,23,https://www.amazon.com.br/dp/B0D9YFDMJ3,https://m.media-amazon.com/images/I/61q57B4xsOL._AC_UL960_FMwebp_QL65_.jpg,1,"R$ 149,99",False,False,False,False,Mais de 40 compras no mês passado,"Entrega GRÁTIS: qua., 16 de jul.",False,,,,,,
B0CS4VH6BW,"G.I. Joe Classified Series Retro Cardback Cobra Trooper, Collectible 6 Inch Action Figure with 9 Accessories","R$ 211,47",,BRL,4.8,228,https://www.amazon.com.br/dp/B0CS4VH6BW,https://m.media-amazon.com/images/I/71zFEPHapmL._AC_UL960_FMwebp_QL65_.jpg,1,"R$ 211,47",False,False,False,False,Mais de 50 compras no mês passado,"Entrega R$ 8,90: ter., 5 de ago.",False,,,,,,
B0DFMNT5H7,"Livro Magnético - Profissões, Janod","R$ 124,90",,BRL,5,8,https://www.amazon.com.br/dp/B0DFMNT5H7,https://m.media-amazon.com/images/I/71m3sGvjuNL._AC_UL960_FMwebp_QL65_.jpg,1,"R$ 124,90",False,False,False,False,,"Entrega GRÁTIS: dom., 20 de jul.",False,,,,,,
B0DFMPPB4D,"Livro Magnético - Aprendendo o Alfabeto, Janod","R$ 119,90",,BRL,5,11,https://www.amazon.com.br/dp/B0DFMPPB4D,https://m.media-amazon.com/images/I/61-p8VI1ZpL._AC_UL960_FMwebp_QL65_.jpg,1,"R$ 119,90",False,False,False,False,Mais de 30 compras no mês passado,"Entrega GRÁTIS: dom., 20 de jul.",False,,,,,,
B0DGWJ2Z51,"Candide, Boombox Karaokê Stitch, Disney - Com Microfone","R$ 100,16",,BRL,5,5,https://www.amazon.com.br/dp/B0DGWJ2Z51,https://m.media-amazon.com/images/I/51RgkLOv66L._AC_UL960_FMwebp_QL65_.jpg,1,"R$ 100,16",False,False,False,False,Mais de 50 compras no mês passado,"Entrega GRÁTIS: Amanhã, 14 de jul.Ou entrega mais rápida: Hoje",False,,,,,,
B0DXHFR9CG,03 Blister Triplo Pokémon Evoluções Prismática Copag,"R$ 182,99",,BRL,5,7,https://www.amazon.com.br/dp/B0DXHFR9CG,https://m.media-amazon.com/images/I/61xxY7D+ktL._AC_UL960_FMwebp_QL65_.jpg,10,"R$ 169,90",False,False,False,False,Mais de 20 compras no mês passado,"Entrega GRÁTIS: dom., 20 de jul.",False,,,,,,
B0CD2N6BDT,"Bonecos colecionáveis do Homem-Aranha vs Morbius, da série Legends da Marvel, 15 cm, 3 acessórios","R$ 233,82",,BRL,4.5,100,https://www.amazon.com.br/dp/B0CD2N6BDT,https://m.media-amazon.com/images/I/61qrZR5BuhL._AC_UL960_FMwebp_QL65_.jpg,1,"R$ 233,82",False,False,False,False,,"Entrega R$ 8,90: ter., 5 de ago.",False,,,,,,
B0DBRM3RVW,Lançador Nerf N Series Pinpoint - Com 18 dardos Nerf N1 (Compatíveis Apenas com os Lançadores N Series),"R$ 179,90","R$ 219,99",BRL,4.7,4,https://www.amazon.com.br/dp/B0DBRM3RVW,https://m.media-amazon.com/images/I/81qYJgBYM3L._AC_UL960_FMwebp_QL65_.jpg,1,"R$ 179,90",False,False,True,False,,,False,,Oferta Prime Day,,,,
B0D2J5WY9G,"Consola Retro M15 PRO 4K HDMI con 20,000 Juegos Clasicos | 64 GB | 2 Mandos Inalámbricos | 2 Jugadores | Emuladores de PS1, Arcade y Más | Compatible con TV HD | Regalo Ideal para Niños y Adultos","R$ 129,00","R$ 154,60",BRL,2.9,8,https://www.amazon.com.br/dp/B0D2J5WY9G,https://m.media-amazon.com/images/I/713NwMO1uYL._AC_UL960_FMwebp_QL65_.jpg,1,"R$ 129,00",False,False,False,False,Mais de 20 compras no mês passado,"Entrega R$ 28,47: 23 - 25 de jul.",False,,,Linux,por AMAZTECH,,
B09VY7CC7L,"Maxi-Cosi, Luz e Som Soothe, White","R$ 386,10","R$ 399,90",BRL,4.7,190,https://www.amazon.com.br/dp/B09VY7CC7L,https://m.media-amazon.com/images/I/41oEOMx6EML._AC_UL960_FMwebp_QL65_.jpg,1,"R$ 386,10",False,False,False,False,Mais de 100 compras no mês passado,"Entrega GRÁTIS: Amanhã, 14 de jul.Ou entrega mais rápida: Hoje",False,,,,,,
B0CX3FN4QG,"Patins Roller Inline 4 Rodas Skates Ajustavél com Rodas Iluminadas Jovens e Adultos, Para iniciantes, Adequado para uso Interno e Externo Roller Quad","R$ 199,99",,BRL,4.2,174,https://www.amazon.com.br/dp/B0CX3FN4QG,https://m.media-amazon.com/images/I/51IYMPxy-7L._AC_UL960_FMwebp_QL65_.jpg,1,"R$ 199,99",False,False,False,False,,"Entrega R$ 73,99: 31 de jul. - 7 de ago.Ou entrega mais rápida: 24 - 28 de jul.",False,,,,,,
B0B9HPHNJ3,"Baby Alive Hora da papinha - Boneca que come e faz caquinha. Boneca de 20 cm, cabelos castanhos, para crianças acima de 3 anos",,,,4.7,318,https://www.amazon.com.br/dp/B0B9HPHNJ3,https://m.media-amazon.com/images/I/61kGs59f5jS._AC_UL960_FMwebp_QL65_.jpg,1,,False,False,False,False,Mais de 500 compras no mês passado,Não disponível.,False,,,,,,
B0DBRM3RVW,Lançador Nerf N Series Pinpoint - Com 18 dardos Nerf N1 (Compatíveis Apenas com os Lançadores N Series),"R$ 179,90","R$ 219,99",BRL,4.7,4,https://www.amazon.com.br/dp/B0DBRM3RVW,https://m.media-amazon.com/images/I/81qYJgBYM3L._AC_UL960_FMwebp_QL65_.jpg,1,"R$ 179,90",False,False,True,False,,,False,,Oferta Prime Day,,,,
B0D2J5WY9G,"Consola Retro M15 PRO 4K HDMI con 20,000 Juegos Clasicos | 64 GB | 2 Mandos Inalámbricos | 2 Jugadores | Emuladores de PS1, Arcade y Más | Compatible con TV HD | Regalo Ideal para Niños y Adultos","R$ 129,00","R$ 154,60",BRL,2.9,8,https://www.amazon.com.br/dp/B0D2J5WY9G,https://m.media-amazon.com/images/I/713NwMO1uYL._AC_UL960_FMwebp_QL65_.jpg,1,"R$ 129,00",False,False,False,False,Mais de 20 compras no mês passado,"Entrega R$ 28,47: 23 - 25 de jul.",False,,,Linux,por AMAZTECH,,
B09VY7CC7L,"Maxi-Cosi, Luz e Som Soothe, White","R$ 386,10","R$ 399,90",BRL,4.7,190,https://www.amazon.com.br/dp/B09VY7CC7L,https://m.media-amazon.com/images/I/41oEOMx6EML._AC_UL960_FMwebp_QL65_.jpg,1,"R$ 386,10",False,False,False,False,Mais de 100 compras no mês passado,"Entrega GRÁTIS: Amanhã, 14 de jul.Ou entrega mais rápida: Hoje",False,,,,,,
B0CX3FN4QG,"Patins Roller Inline 4 Rodas Skates Ajustavél com Rodas Iluminadas Jovens e Adultos, Para iniciantes, Adequado para uso Interno e Externo Roller Quad","R$ 199,99",,BRL,4.2,174,https://www.amazon.com.br/dp/B0CX3FN4QG,https://m.media-amazon.com/images/I/51IYMPxy-7L._AC_UL960_FMwebp_QL65_.jpg,1,"R$ 199,99",False,False,False,False,,"Entrega R$ 73,99: 31 de jul. - 7 de ago.Ou entrega mais rápida: 24 - 28 de jul.",False,,,,,,
B0B9HPHNJ3,"Baby Alive Hora da papinha - Boneca que come e faz caquinha. Boneca de 20 cm, cabelos castanhos, para crianças acima de 3 anos",,,,4.7,318,https://www.amazon.com.br/dp/B0B9HPHNJ3,https://m.media-amazon.com/images/I/61kGs59f5jS._AC_UL960_FMwebp_QL65_.jpg,1,,False,False,False,False,Mais de 500 compras no mês passado,Não disponível.,False,,,,,,
B07NHYYM1T,Exclusivo da Amazon Pressman Rummikub – o jogo original completo com prateleiras e azulejos em uma bolsa durável de armazenamento e viagem da Pressman,"R$ 164,09",,BRL,4.8,7455,https://www.amazon.com.br/dp/B07NHYYM1T,https://m.media-amazon.com/images/I/71GGBd1azKL._AC_UL960_FMwebp_QL65_.jpg,1,"R$ 164,09",False,False,False,False,Mais de 40 compras no mês passado,"Entrega R$ 8,90: ter., 5 de ago.",False,,,,,,
B0DZHYYK7R,"Tapete de Atividades Infantil Bebê (Dupla Face). Facilita o Desenvolvimento do Seu bebe. Tatame Dobrável Educativo Emborrachado Antiderrapante Interativo, Tapete Infantil de Proteção. Util em Quarto, Sala, Escola, Berçarios, Parques *8mm 1,80x1,50 - (Balão / Pegadas)","R$ 132,89","R$ 139,89",BRL,4.7,15,https://www.amazon.com.br/dp/B0DZHYYK7R,https://m.media-amazon.com/images/I/61XST6nMIbL._AC_UL960_FMwebp_QL65_.jpg,1,"R$ 132,89",False,False,False,False,,"Entrega GRÁTIS: dom., 20 de jul.",False,,,,,,
B0DYJFG1ZN,Bebê Reborn Silicone de Boneca Realista Pintado Menina Original (Olhos Azuis Menina 55cm),"R$ 319,00",,BRL,4.4,94,https://www.amazon.com.br/dp/B0DYJFG1ZN,https://m.media-amazon.com/images/I/61yhL+oS4JL._AC_UL960_FMwebp_QL65_.jpg,1,"R$ 319,00",False,False,False,False,,"Entrega GRÁTIS: ter., 22 de jul.",False,,,,,,
B0BGLHR9J4,Hasbro Star Wars The Vintage Collection Gaming Greats Jedi: Survivor 3 3/4-Inch Scale Action Figures 3-Pack (F5564),"R$ 266,03",,BRL,4.8,162,https://www.amazon.com.br/dp/B0BGLHR9J4,https://m.media-amazon.com/images/I/61QCVZfEE2L._AC_UL960_FMwebp_QL65_.jpg,1,"R$ 266,03",False,False,False,False,,"Entrega R$ 8,90: ter., 5 de ago.",False,,,,,,
B007EZMSFY,Arcane Wonders Onitama Way of The Wind,"R$ 76,97","R$ 89,01",BRL,4.8,338,https://www.amazon.com.br/dp/B007EZMSFY,https://m.media-amazon.com/images/I/91Of5DXfrxL._AC_UL960_FMwebp_QL65_.jpg,1,"R$ 76,97",False,False,True,False,Mais de 30 compras no mês passado,,False,,Oferta Prime Day,,,,
B081NZ1YYM,"Violão Acústico Tradicional para Iniciantes, 6 Cordas de Aço, Preto, 38&quot;, Madeira Birch/Basswood","R$ 257,99",,BRL,4.1,49,https://www.amazon.com.br/dp/B081NZ1YYM,https://m.media-amazon.com/images/I/41filu5wBnL._AC_UL960_FMwebp_QL65_.jpg,1,"R$ 257,99",False,False,False,False,Mais de 30 compras no mês passado,"Entrega GRÁTIS: seg., 21 de jul.",False,,,,,,
B09V4B3DCT,"SIQUK Bandeja de dados portátil com 4 peças, bandeja hexagonal de rolo de dados de couro sintético para jogos de dados como RPG, DND e outros jogos de mesa (preto, ciano, violeta, azul royal)","R$ 126,34",,BRL,4.7,248,https://www.amazon.com.br/dp/B09V4B3DCT,https://m.media-amazon.com/images/I/71Iyj0sVxnL._AC_UL960_FMwebp_QL65_.jpg,1,"R$ 126,34",False,False,False,False,,"Entrega R$ 8,90: ter., 5 de ago.",False,,,,,,
B077P8HCHD,"Jogo Genius, Estrela, Multicores","R$ 216,79",,BRL,4.7,2072,https://www.amazon.com.br/dp/B077P8HCHD,https://m.media-amazon.com/images/I/81xxnjcGmQL._AC_UL960_FMwebp_QL65_.jpg,36,"R$ 140,45",False,False,False,False,Mais de 100 compras no mês passado,"Entrega GRÁTIS: Amanhã, 14 de jul.Ou entrega mais rápida: Hoje",False,,,,,,
B0DNFJMRSS,"10 PCS Instrumentos de Percussão, 10 PCS Instrumentos Musicais Brinquedos com Bolsa de Transporte Instrumentos de Percussão, Instrumentos Musicais, Instrumento Musical","R$ 219,99",,BRL,4.8,13,https://www.amazon.com.br/dp/B0DNFJMRSS,https://m.media-amazon.com/images/I/51o5pxgucHL._AC_UL960_FMwebp_QL65_.jpg,1,"R$ 219,99",False,False,False,False,Mais de 40 compras no mês passado,,False,,,,,,
B0DK3SDK95,Bicicleta De Equilíbrio Infantil Sem Pedal 4 Rodas Yuupi,"R$ 239,90",,BRL,4.7,71,https://www.amazon.com.br/dp/B0DK3SDK95,https://m.media-amazon.com/images/I/510m34tme1L._AC_UL960_FMwebp_QL65_.jpg,1,"R$ 239,90",False,False,False,False,,"Entrega GRÁTIS: ter., 22 de jul.",False,,,,,,
B0CYSC3LZG,(Pre-order) Mini GT Lamborghini Huracán STO - Viola Pasifae,"R$ 143,80",,BRL,,0,https://www.amazon.com.br/dp/B0CYSC3LZG,https://m.media-amazon.com/images/I/51ls4f9AOJL._AC_UL960_FMwebp_QL65_.jpg,3,"R$ 123,69",False,False,False,False,,"Entrega R$ 8,90: ter., 5 de ago.",False,,,,,,
B0DJ1CPKL7,LEGO City Great Vehicles Utilitário Salva-vidas de Resgate na Praia 60453,"R$ 159,99","R$ 179,90",BRL,4.7,79,https://www.amazon.com.br/dp/B0DJ1CPKL7,https://m.media-amazon.com/images/I/81z8mXcvxnL._AC_UL960_FMwebp_QL65_.jpg,1,"R$ 159,99",False,False,False,False,,"Entrega GRÁTIS: ter., 15 de jul.",False,,,,,,
B0CG7KVNLB,L.O.L. Surprise Water Balloon Surprise Tots in PDQ,"R$ 157,48",,BRL,4.5,1309,https://www.amazon.com.br/dp/B0CG7KVNLB,https://m.media-amazon.com/images/I/71yyJBb+ksL._AC_UL960_FMwebp_QL65_.jpg,10,"R$ 156,00",False,False,False,False,Mais de 30 compras no mês passado,"Entrega GRÁTIS: qua., 16 de jul.",False,,,,,,
B0DJ1C3J2B,LEGO Super Heroes Marvel Robô do Homem de Ferro vs. Ultron 76307,"R$ 105,99","R$ 128,54",BRL,4.9,249,https://www.amazon.com.br/dp/B0DJ1C3J2B,https://m.media-amazon.com/images/I/81npJj0hCkL._AC_UL960_FMwebp_QL65_.jpg,1,"R$ 105,99",False,False,True,False,Mais de 100 compras no mês passado,,False,,Oferta Prime Day,,,,
B0CGY1Q3YP,LEGO Set Technic 42165 Mercedes-AMG F1 W14 E Performance Pull-Back 240 peças,"R$ 209,99",,BRL,4.8,1798,https://www.amazon.com.br/dp/B0CGY1Q3YP,https://m.media-amazon.com/images/I/8169JoooVRL._AC_UL960_FMwebp_QL65_.jpg,37,"R$ 200,00",False,False,False,False,Mais de 600 compras no mês passado,"Entrega GRÁTIS: Amanhã, 14 de jul.Ou entrega mais rápida: Hoje",False,,,,,,
B0DTD7TGGT,"Bburago Fórmula 1 Mercedes-AMG Petronas F1 W15 Team (2024): Modelo de carro em escala 1:43 do motorista nº 44 Lewis Hamilton, caixa de janela, 12,5 cm, prata preta (18-38208H)","R$ 140,27",,BRL,4.5,34,https://www.amazon.com.br/dp/B0DTD7TGGT,https://m.media-amazon.com/images/I/710a9HiRFCL._AC_UL960_FMwebp_QL65_.jpg,2,"R$ 140,27",False,False,False,False,Mais de 30 compras no mês passado,,False,,,,,,
B0DJ187VXL,LEGO Star Wars Starfighter N-1 de Mando e Grogu 75410,"R$ 165,31","R$ 202,88",BRL,4.8,96,https://www.amazon.com.br/dp/B0DJ187VXL,https://m.media-amazon.com/images/I/81dcnA5qaGL._AC_UL960_FMwebp_QL65_.jpg,1,"R$ 165,31",False,False,True,False,Mais de 50 compras no mês passado,,False,,Oferta Prime Day,,,,
B0CH1MYBBW,"Marvel Legends Series Wolfsbane, Comics Collectible 6-Inch Action Figure with Build-A-Figure Part","R$ 218,80",,BRL,4.7,232,https://www.amazon.com.br/dp/B0CH1MYBBW,https://m.media-amazon.com/images/I/61Lwy1q-C0L._AC_UL960_FMwebp_QL65_.jpg,1,"R$ 218,80",False,False,False,False,,"Entrega R$ 8,90: ter., 5 de ago.",False,,,,,,
B0CMR2L8VC,Verden Bicicleta Infantil Sonic Aro 12 Preta e Azul com rodinhas e garrafinha,"R$ 263,11",,BRL,4.7,59,https://www.amazon.com.br/dp/B0CMR2L8VC,https://m.media-amazon.com/images/I/51gHqwaIW0L._AC_UL960_FMwebp_QL65_.jpg,1,"R$ 263,11",False,False,False,False,Mais de 100 compras no mês passado,"Entrega GRÁTIS: qui., 31 de jul.",False,,,,,,
B0DJ1C3J2B,LEGO Super Heroes Marvel Robô do Homem de Ferro vs. Ultron 76307,"R$ 105,99","R$ 128,54",BRL,4.9,249,https://www.amazon.com.br/dp/B0DJ1C3J2B,https://m.media-amazon.com/images/I/81npJj0hCkL._AC_UL960_FMwebp_QL65_.jpg,1,"R$ 105,99",False,False,True,False,Mais de 100 compras no mês passado,,False,,Oferta Prime Day,,,,
B0CGY1Q3YP,LEGO Set Technic 42165 Mercedes-AMG F1 W14 E Performance Pull-Back 240 peças,"R$ 209,99",,BRL,4.8,1798,https://www.amazon.com.br/dp/B0CGY1Q3YP,https://m.media-amazon.com/images/I/8169JoooVRL._AC_UL960_FMwebp_QL65_.jpg,37,"R$ 200,00",False,False,False,False,Mais de 600 compras no mês passado,"Entrega GRÁTIS: Amanhã, 14 de jul.Ou entrega mais rápida: Hoje",False,,,,,,
B0DTD7TGGT,"Bburago Fórmula 1 Mercedes-AMG Petronas F1 W15 Team (2024): Modelo de carro em escala 1:43 do motorista nº 44 Lewis Hamilton, caixa de janela, 12,5 cm, prata preta (18-38208H)","R$ 140,27",,BRL,4.5,34,https://www.amazon.com.br/dp/B0DTD7TGGT,https://m.media-amazon.com/images/I/710a9HiRFCL._AC_UL960_FMwebp_QL65_.jpg,2,"R$ 140,27",False,False,False,False,Mais de 30 compras no mês passado,,False,,,,,,
B0DJ187VXL,LEGO Star Wars Starfighter N-1 de Mando e Grogu 75410,"R$ 165,31","R$ 202,88",BRL,4.8,96,https://www.amazon.com.br/dp/B0DJ187VXL,https://m.media-amazon.com/images/I/81dcnA5qaGL._AC_UL960_FMwebp_QL65_.jpg,1,"R$ 165,31",False,False,True,False,Mais de 50 compras no mês passado,,False,,Oferta Prime Day,,,,
B0CH1MYBBW,"Marvel Legends Series Wolfsbane, Comics Collectible 6-Inch Action Figure with Build-A-Figure Part","R$ 218,80",,BRL,4.7,232,https://www.amazon.com.br/dp/B0CH1MYBBW,https://m.media-amazon.com/images/I/61Lwy1q-C0L._AC_UL960_FMwebp_QL65_.jpg,1,"R$ 218,80",False,False,False,False,,"Entrega R$ 8,90: ter., 5 de ago.",False,,,,,,
B0CMR2L8VC,Verden Bicicleta Infantil Sonic Aro 12 Preta e Azul com rodinhas e garrafinha,"R$ 263,11",,BRL,4.7,59,https://www.amazon.com.br/dp/B0CMR2L8VC,https://m.media-amazon.com/images/I/51gHqwaIW0L._AC_UL960_FMwebp_QL65_.jpg,1,"R$ 263,11",False,False,False,False,Mais de 100 compras no mês passado,"Entrega GRÁTIS: qui., 31 de jul.",False,,,,,,
B0BT7HKWRF,Ravensburger Disney Lorcana TCG: The First Chapter - Amber &amp; Amethyst Single-Player Starter Deck | Engaging Gameplay | Over 200 Original Disney Artworks | Ideal for Ages 8+,"R$ 152,59",,BRL,4.6,482,https://www.amazon.com.br/dp/B0BT7HKWRF,https://m.media-amazon.com/images/I/61lUpJWTRIL._AC_UL960_FMwebp_QL65_.jpg,1,"R$ 152,59",False,False,False,False,Mais de 50 compras no mês passado,"Entrega R$ 8,90: ter., 5 de ago.",False,,,,,,
B0DY4B6KZF,"84 Peças Blocos Magnéticos Atualizados, Ladrilhos de Construção Resistentes, Brinquedos STEM para Meninos e Meninas com Mais de 3 Anos Aprendendo Jogando Jogos para Crianças","R$ 139,99",,BRL,2.8,5,https://www.amazon.com.br/dp/B0DY4B6KZF,https://m.media-amazon.com/images/I/81nB40jD4wL._AC_UL960_FMwebp_QL65_.jpg,1,"R$ 139,99",False,False,False,False,Mais de 50 compras no mês passado,"Entrega GRÁTIS: qua., 16 de jul.",False,,,,,,
B0CLF8Z18K,Funko Pop! TV: Stranger Things - Steve (Scoops Ahoy),"R$ 64,75","R$ 76,54",BRL,4.8,95,https://www.amazon.com.br/dp/B0CLF8Z18K,https://m.media-amazon.com/images/I/61D-n+joQ5L._AC_UL960_FMwebp_QL65_.jpg,1,"R$ 64,75",False,False,True,False,Mais de 30 compras no mês passado,,False,,Oferta Prime Day,,,,
B0DMWX3CY8,Cubo Didático Grande Educativo com Blocos e Formas para Bebês,"R$ 111,90",,BRL,4.8,11,https://www.amazon.com.br/dp/B0DMWX3CY8,https://m.media-amazon.com/images/I/81phlkB5s0L._AC_UL960_FMwebp_QL65_.jpg,1,"R$ 111,90",False,False,False,False,Mais de 30 compras no mês passado,"Entrega GRÁTIS: qua., 16 de jul.",False,,,,,,
B0BP745PTF,STAR WARS The Vintage Collection 3.75-Inch Rebel Soldier (Echo Base Battle Gear) 4-Pack Action Figure Set F5555 Ages 4 and Up,"R$ 282,10",,BRL,4.8,186,https://www.amazon.com.br/dp/B0BP745PTF,https://m.media-amazon.com/images/I/51993lSK6VL._AC_UL960_FMwebp_QL65_.jpg,1,"R$ 282,10",False,False,False,False,,"Entrega R$ 8,90: 24 de jul. - 12 de ago.",False,,,,,,
B0CTCXS5YF,"Brinquedos Estrela - Caixa encaixa Letras e Números, Multicolorido, Estrela Baby","R$ 123,89",,BRL,4.8,26,https://www.amazon.com.br/dp/B0CTCXS5YF,https://m.media-amazon.com/images/I/61XkkyV4tPL._AC_UL960_FMwebp_QL65_.jpg,8,"R$ 123,89",False,False,False,False,Mais de 50 compras no mês passado,,False,,,,,,
B07CZRY2MK,Código Secreto,"R$ 229,80",,BRL,4.8,546,https://www.amazon.com.br/dp/B07CZRY2MK,https://m.media-amazon.com/images/I/61jsiYKP-vL._AC_UL960_FMwebp_QL65_.jpg,1,"R$ 229,80",False,False,False,False,Mais de 40 compras no mês passado,"Entrega GRÁTIS: qui., 31 de jul.",False,,,,,,
B09HJCMNWL,Jogo Dig In - Encontre Se For Capaz - Copag,"R$ 104,99","R$ 114,99",BRL,4.7,233,https://www.amazon.com.br/dp/B09HJCMNWL,https://m.media-amazon.com/images/I/61DbUZjQVnL._AC_UL960_FMwebp_QL65_.jpg,4,"R$ 71,19",False,False,False,False,Mais de 100 compras no mês passado,"Entrega GRÁTIS: Amanhã, 14 de jul.Ou entrega mais rápida: Hoje",False,,,,,,
B07LC2CFTC,Porta-puzzle até 3000 peças,"R$ 132,23","R$ 168,99",BRL,4.2,1647,https://www.amazon.com.br/dp/B07LC2CFTC,https://m.media-amazon.com/images/I/61J7zkjDUsL._AC_UL960_FMwebp_QL65_.jpg,21,"R$ 105,37",False,False,False,False,Mais de 300 compras no mês passado,"Entrega GRÁTIS: Amanhã, 14 de jul.Ou entrega mais rápida: Hoje",False,,,,,,
B0DGMS3D3H,Triciclo com Pedal Bicicleta Equilíbrio com Pedal (Vermelho),"R$ 199,90","R$ 249,00",BRL,3.5,6,https://www.amazon.com.br/dp/B0DGMS3D3H,https://m.media-amazon.com/images/I/5179ANUTzHL._AC_UL960_FMwebp_QL65_.jpg,1,"R$ 199,90",False,False,False,False,,"Entrega GRÁTIS: ter., 5 de ago.",False,,,,,,
B0DKG5YYN8,"Brinquedo Montessori Madeira Trocando Roupa Educativo Urso, Quebra-cabeça Infantil de Madeira Urso Montessori Caixa (Urso)","R$ 129,90",,BRL,5,5,https://www.amazon.com.br/dp/B0DKG5YYN8,https://m.media-amazon.com/images/I/612QUqB35zL._AC_UL960_FMwebp_QL65_.jpg,1,"R$ 129,90",False,False,False,False,Mais de 20 compras no mês passado,Entrega GRÁTIS: 11 - 18 de ago.,False,Economize 5% com o cupom,,,,,
B0DS1Q5LGB,"Tapete de MúSica, 6 Sons de Animais e 6 Instrumentos Musicais, Tapete Ginásio Musical Interativo, Tapete de Atividades, Tapete Musical, Tapete Atividades, Tapete de Atividades","R$ 115,99",,BRL,4,2,https://www.amazon.com.br/dp/B0DS1Q5LGB,https://m.media-amazon.com/images/I/71qt-bbm3OL._AC_UL960_FMwebp_QL65_.jpg,1,"R$ 115,99",False,False,False,False,Mais de 20 compras no mês passado,"Entrega GRÁTIS: qua., 16 de jul.",False,"Economize R$ 12,00 com o cupom",,,,,
B0DV5S4Z1M,Boneco Funko Pop! Baldur’s Gate 3 - Astarion,"R$ 134,99","R$ 146,48",BRL,4.6,3,https://www.amazon.com.br/dp/B0DV5S4Z1M,https://m.media-amazon.com/images/I/61dxHNZjWrL._AC_UL960_FMwebp_QL65_.jpg,8,"R$ 129,90",False,False,False,False,Mais de 30 compras no mês passado,"Entrega GRÁTIS: qua., 16 de jul.",False,,,,,,
B0CHFWW6JK,Pelúcia Bob Esponja 30cm Multikids - BR2103,"R$ 117,91","R$ 149,50",BRL,4.7,47,https://www.amazon.com.br/dp/B0CHFWW6JK,https://m.media-amazon.com/images/I/51m5HQdDkLL._AC_UL960_FMwebp_QL65_.jpg,1,"R$ 117,91",False,False,True,False,Mais de 20 compras no mês passado,,False,,Oferta Prime Day,,,,
B0DLCZ6XKK,Kit Escolar Dinossauro Mochila Rodinha 13&quot; Lancheira Térmica 9&quot; Pets Clio Pets (Verde),"R$ 189,90",,BRL,4.1,19,https://www.amazon.com.br/dp/B0DLCZ6XKK,https://m.media-amazon.com/images/I/81iJBZ3sECL._AC_UL960_FMwebp_QL65_.jpg,1,"R$ 189,90",False,False,False,False,,"Entrega GRÁTIS: qua., 16 de jul.",True,,,,,,
B00D2O86SE,1958 Ford F-1 Pickup + Moto Harley Flh Duo Glide 1/24 Maisto Preto,"R$ 130,21","R$ 298,99",BRL,,0,https://www.amazon.com.br/dp/B00D2O86SE,https://m.media-amazon.com/images/I/61BQfK1WADL._AC_UL960_FMwebp_QL65_.jpg,1,"R$ 130,21",False,False,True,False,Mais de 50 compras no mês passado,,False,,Oferta Prime Day,,,,
B0BZZDSSH5,Bicicleta Aro 14 Power Game,"R$ 429,91","R$ 452,53",BRL,4.5,338,https://www.amazon.com.br/dp/B0BZZDSSH5,https://m.media-amazon.com/images/I/61+nBYZSENL._AC_UL960_FMwebp_QL65_.jpg,4,"R$ 426,99",False,False,False,False,Mais de 100 compras no mês passado,"Entrega GRÁTIS: qui., 31 de jul.",False,,,,,,
B0DJ1BHQ4X,LEGO Harry Potter Aventura no Nôitibus Andante 76446,"R$ 429,99",,BRL,4.8,160,https://www.amazon.com.br/dp/B0DJ1BHQ4X,https://m.media-amazon.com/images/I/81YVGWXfegL._AC_UL960_FMwebp_QL65_.jpg,6,"R$ 429,99",False,False,False,False,,,False,,,,,,
B0BP745PTF,STAR WARS The Vintage Collection 3.75-Inch Rebel Soldier (Echo Base Battle Gear) 4-Pack Action Figure Set F5555 Ages 4 and Up,"R$ 282,10",,BRL,4.8,186,https://www.amazon.com.br/dp/B0BP745PTF,https://m.media-amazon.com/images/I/51993lSK6VL._AC_UL960_FMwebp_QL65_.jpg,1,"R$ 282,10",False,False,False,False,,"Entrega R$ 8,90: 24 de jul. - 12 de ago.",False,,,,,,
B0CTCXS5YF,"Brinquedos Estrela - Caixa encaixa Letras e Números, Multicolorido, Estrela Baby","R$ 123,89",,BRL,4.8,26,https://www.amazon.com.br/dp/B0CTCXS5YF,https://m.media-amazon.com/images/I/61XkkyV4tPL._AC_UL960_FMwebp_QL65_.jpg,8,"R$ 123,89",False,False,False,False,Mais de 50 compras no mês passado,,False,,,,,,
B07CZRY2MK,Código Secreto,"R$ 229,80",,BRL,4.8,546,https://www.amazon.com.br/dp/B07CZRY2MK,https://m.media-amazon.com/images/I/61jsiYKP-vL._AC_UL960_FMwebp_QL65_.jpg,1,"R$ 229,80",False,False,False,False,Mais de 40 compras no mês passado,"Entrega GRÁTIS: qui., 31 de jul.",False,,,,,,
B09HJCMNWL,Jogo Dig In - Encontre Se For Capaz - Copag,"R$ 104,99","R$ 114,99",BRL,4.7,233,https://www.amazon.com.br/dp/B09HJCMNWL,https://m.media-amazon.com/images/I/61DbUZjQVnL._AC_UL960_FMwebp_QL65_.jpg,4,"R$ 71,19",False,False,False,False,Mais de 100 compras no mês passado,"Entrega GRÁTIS: Amanhã, 14 de jul.Ou entrega mais rápida: Hoje",False,,,,,,
B0D19P51QN,Funko POP Marvel: Spider-Man Comics - Miles Morales Iron Spider - 1/6 Odds for Rare Chase Variant - Marvel Comics - Collectable Vinyl Figure - Gift Idea - Official Merchandise - for Kids &amp; Adults,"R$ 126,40",,BRL,4.7,86,https://www.amazon.com.br/dp/B0D19P51QN,https://m.media-amazon.com/images/I/61VSnOkUX-L._AC_UL960_FMwebp_QL65_.jpg,1,"R$ 126,40",False,False,False,False,,"Entrega GRÁTIS: qua., 16 de jul.",False,,,,,,
B07LC2CFTC,Porta-puzzle até 3000 peças,"R$ 132,23","R$ 168,99",BRL,4.2,1647,https://www.amazon.com.br/dp/B07LC2CFTC,https://m.media-amazon.com/images/I/61J7zkjDUsL._AC_UL960_FMwebp_QL65_.jpg,21,"R$ 105,37",False,False,False,False,Mais de 300 compras no mês passado,"Entrega GRÁTIS: Amanhã, 14 de jul.Ou entrega mais rápida: Hoje",False,,,,,,
B0DGMS3D3H,Triciclo com Pedal Bicicleta Equilíbrio com Pedal (Vermelho),"R$ 199,90","R$ 249,00",BRL,3.5,6,https://www.amazon.com.br/dp/B0DGMS3D3H,https://m.media-amazon.com/images/I/5179ANUTzHL._AC_UL960_FMwebp_QL65_.jpg,1,"R$ 199,90",False,False,False,False,,"Entrega GRÁTIS: ter., 5 de ago.",False,,,,,,
B0DKG5YYN8,"Brinquedo Montessori Madeira Trocando Roupa Educativo Urso, Quebra-cabeça Infantil de Madeira Urso Montessori Caixa (Urso)","R$ 129,90",,BRL,5,5,https://www.amazon.com.br/dp/B0DKG5YYN8,https://m.media-amazon.com/images/I/612QUqB35zL._AC_UL960_FMwebp_QL65_.jpg,1,"R$ 129,90",False,False,False,False,Mais de 20 compras no mês passado,Entrega GRÁTIS: 11 - 18 de ago.,False,Economize 5% com o cupom,,,,,
B0DS1Q5LGB,"Tapete de MúSica, 6 Sons de Animais e 6 Instrumentos Musicais, Tapete Ginásio Musical Interativo, Tapete de Atividades, Tapete Musical, Tapete Atividades, Tapete de Atividades","R$ 115,99",,BRL,4,2,https://www.amazon.com.br/dp/B0DS1Q5LGB,https://m.media-amazon.com/images/I/71qt-bbm3OL._AC_UL960_FMwebp_QL65_.jpg,1,"R$ 115,99",False,False,False,False,Mais de 20 compras no mês passado,"Entrega GRÁTIS: qua., 16 de jul.",False,"Economize R$ 12,00 com o cupom",,,,,
B0DV5S4Z1M,Boneco Funko Pop! Baldur’s Gate 3 - Astarion,"R$ 134,99","R$ 146,48",BRL,4.6,3,https://www.amazon.com.br/dp/B0DV5S4Z1M,https://m.media-amazon.com/images/I/61dxHNZjWrL._AC_UL960_FMwebp_QL65_.jpg,8,"R$ 129,90",False,False,False,False,Mais de 30 compras no mês passado,"Entrega GRÁTIS: qua., 16 de jul.",False,,,,,,
B0CHFWW6JK,Pelúcia Bob Esponja 30cm Multikids - BR2103,"R$ 117,91","R$ 149,50",BRL,4.7,47,https://www.amazon.com.br/dp/B0CHFWW6JK,https://m.media-amazon.com/images/I/51m5HQdDkLL._AC_UL960_FMwebp_QL65_.jpg,1,"R$ 117,91",False,False,True,False,Mais de 20 compras no mês passado,,False,,Oferta Prime Day,,,,
B0DLCZ6XKK,Kit Escolar Dinossauro Mochila Rodinha 13&quot; Lancheira Térmica 9&quot; Pets Clio Pets (Verde),"R$ 189,90",,BRL,4.1,19,https://www.amazon.com.br/dp/B0DLCZ6XKK,https://m.media-amazon.com/images/I/81iJBZ3sECL._AC_UL960_FMwebp_QL65_.jpg,1,"R$ 189,90",False,False,False,False,,"Entrega GRÁTIS: qua., 16 de jul.",True,,,,,,
B00D2O86SE,1958 Ford F-1 Pickup + Moto Harley Flh Duo Glide 1/24 Maisto Preto,"R$ 130,21","R$ 298,99",BRL,,0,https://www.amazon.com.br/dp/B00D2O86SE,https://m.media-amazon.com/images/I/61BQfK1WADL._AC_UL960_FMwebp_QL65_.jpg,1,"R$ 130,21",False,False,True,False,Mais de 50 compras no mês passado,,False,,Oferta Prime Day,,,,
B0BZZDSSH5,Bicicleta Aro 14 Power Game,"R$ 429,91","R$ 452,53",BRL,4.5,338,https://www.amazon.com.br/dp/B0BZZDSSH5,https://m.media-amazon.com/images/I/61+nBYZSENL._AC_UL960_FMwebp_QL65_.jpg,4,"R$ 426,99",False,False,False,False,Mais de 100 compras no mês passado,"Entrega GRÁTIS: qui., 31 de jul.",False,,,,,,
B0DJ1BHQ4X,LEGO Harry Potter Aventura no Nôitibus Andante 76446,"R$ 429,99",,BRL,4.8,160,https://www.amazon.com.br/dp/B0DJ1BHQ4X,https://m.media-amazon.com/images/I/81YVGWXfegL._AC_UL960_FMwebp_QL65_.jpg,6,"R$ 429,99",False,False,False,False,,,False,,,,,,
B0DD7W7Q6X,"Barraca Astronauta Toca Túnel c/ Cesta Basquete - 3 em 1 Estrela Rosa, Menina ou Menino em Cabana Infantil para Uso Interno e Ar Livre","R$ 189,99","R$ 199,99",BRL,4.6,115,https://www.amazon.com.br/dp/B0DD7W7Q6X,https://m.media-amazon.com/images/I/71ccJRbRijL._AC_UL960_FMwebp_QL65_.jpg,1,"R$ 189,99",False,False,False,False,,"Entrega R$ 63,99: 25 - 31 de jul.Ou entrega mais rápida: 21 - 24 de jul.",False,,,,,,
B0CYX1ZQZY,"Bastão de jogo retrô M15, saída HDMI 4K e controle sem fio, console de videogame Plug and Play com mais de 30.000 jogos, console de jogos Arcade (128G)","R$ 185,90",,BRL,3.7,40,https://www.amazon.com.br/dp/B0CYX1ZQZY,https://m.media-amazon.com/images/I/51PXlJJ32IL._AC_UL960_FMwebp_QL65_.jpg,25,"R$ 159,47",False,False,False,False,,"Entrega R$ 28,55: 23 - 25 de jul.",False,,,Not Machine Specific,por Actualia,,
B0DZG4YQHG,"MUITA DIVERSÃO - Blocos de Montar Magnéticos - 103 Peças - Estimule a Criatividade, Coordenação Motora e Educação STEM – Um Brinquedo Educativo infantil que Une Diversão e Desenvolvimento","R$ 139,99",,BRL,5,5,https://www.amazon.com.br/dp/B0DZG4YQHG,https://m.media-amazon.com/images/I/61pcnIO-9sL._AC_UL960_FMwebp_QL65_.jpg,1,"R$ 139,99",False,False,False,False,Mais de 50 compras no mês passado,"Entrega GRÁTIS: qua., 16 de jul.",False,Economize 5% com o cupom,,,,,
0786969512,Dungeons &amp; Dragons Rpg: Players Handbook Hard Cover (2024),"R$ 232,42",,BRL,4.6,1737,https://www.amazon.com.br/dp/0786969512,https://m.media-amazon.com/images/I/81LmI60UK1L._AC_UL960_FMwebp_QL65_.jpg,1,"R$ 232,42",False,False,False,False,,"Entrega R$ 8,90: ter., 5 de ago.",False,,,Capa dura,Edição Inglêspor Karen E Taylor e Various,,
B08JC9W9GJ,"CARRINHO OFF ROAD METAL MONSTER TRUCK DE CONTROLE REMOTO, 37CM, COM TRAÇÃO INTEGRAL (4X4), DISTÂNCIA DE ATÉ 50 METROS","R$ 386,00",,BRL,4.1,12,https://www.amazon.com.br/dp/B08JC9W9GJ,https://m.media-amazon.com/images/I/717CERVad3L._AC_UL960_FMwebp_QL65_.jpg,1,"R$ 386,00",False,False,False,False,,Entrega R$ 27: 23 - 25 de jul.,False,,,,,,
B081ZF7X2H,Mazda RX-7 do Filme Velozes e Furiosos (Modelo 1/24) por Jada 30732,"R$ 211,36",,BRL,4.7,2250,https://www.amazon.com.br/dp/B081ZF7X2H,https://m.media-amazon.com/images/I/71GXdGQGZNL._AC_UL960_FMwebp_QL65_.jpg,1,"R$ 211,36",False,False,False,False,Mais de 30 compras no mês passado,"Entrega R$ 8,90: ter., 5 de ago.",False,,,,,,
B0BDJ3GHDQ,Hasbro Boneco colecionável do 60º aniversário do 60º aniversário do Homem de Ferro (modelo 01) da série Legends da Marvel,"R$ 165,75",,BRL,4.7,454,https://www.amazon.com.br/dp/B0BDJ3GHDQ,https://m.media-amazon.com/images/I/61tqTXYIqSL._AC_UL960_FMwebp_QL65_.jpg,1,"R$ 165,75",False,False,False,False,Mais de 40 compras no mês passado,"Entrega R$ 8,90: qua., 6 de ago.",False,,,,,,
B0DR3G6HFK,Carrinho de Controle Remoto - Tanque Que Atira Bolinhas de Gel - Bateria Recarregavel + Bolinhas Inclusas (LARANJA MIX) - MJ BRANDS,"R$ 162,75",,BRL,4.7,4,https://www.amazon.com.br/dp/B0DR3G6HFK,https://m.media-amazon.com/images/I/6145Y+p9NqL._AC_UL960_FMwebp_QL65_.jpg,1,"R$ 162,75",False,False,False,False,,"Entrega GRÁTIS: sáb., 19 de jul.",False,,,,,,
B076T79227,Mor - Piscina Inflável 1.400 Litros,"R$ 163,72",,BRL,4.7,640,https://www.amazon.com.br/dp/B076T79227,https://m.media-amazon.com/images/I/51Cka0CMWqL._AC_UL960_FMwebp_QL65_.jpg,1,"R$ 163,72",False,False,False,False,Mais de 40 compras no mês passado,"Entrega GRÁTIS: Amanhã, 14 de jul.Ou entrega mais rápida: Hoje",False,,,,,,
B081ZF7X2H,Mazda RX-7 do Filme Velozes e Furiosos (Modelo 1/24) por Jada 30732,"R$ 211,36",,BRL,4.7,2250,https://www.amazon.com.br/dp/B081ZF7X2H,https://m.media-amazon.com/images/I/71GXdGQGZNL._AC_UL960_FMwebp_QL65_.jpg,1,"R$ 211,36",False,False,False,False,Mais de 30 compras no mês passado,"Entrega R$ 8,90: ter., 5 de ago.",False,,,,,,
B0BDJ3GHDQ,Hasbro Boneco colecionável do 60º aniversário do 60º aniversário do Homem de Ferro (modelo 01) da série Legends da Marvel,"R$ 165,75",,BRL,4.7,454,https://www.amazon.com.br/dp/B0BDJ3GHDQ,https://m.media-amazon.com/images/I/61tqTXYIqSL._AC_UL960_FMwebp_QL65_.jpg,1,"R$ 165,75",False,False,False,False,Mais de 40 compras no mês passado,"Entrega R$ 8,90: qua., 6 de ago.",False,,,,,,
B0DR3G6HFK,Carrinho de Controle Remoto - Tanque Que Atira Bolinhas de Gel - Bateria Recarregavel + Bolinhas Inclusas (LARANJA MIX) - MJ BRANDS,"R$ 162,75",,BRL,4.7,4,https://www.amazon.com.br/dp/B0DR3G6HFK,https://m.media-amazon.com/images/I/6145Y+p9NqL._AC_UL960_FMwebp_QL65_.jpg,1,"R$ 162,75",False,False,False,False,,"Entrega GRÁTIS: sáb., 19 de jul.",False,,,,,,
B076T79227,Mor - Piscina Inflável 1.400 Litros,"R$ 163,72",,BRL,4.7,640,https://www.amazon.com.br/dp/B076T79227,https://m.media-amazon.com/images/I/51Cka0CMWqL._AC_UL960_FMwebp_QL65_.jpg,1,"R$ 163,72",False,False,False,False,Mais de 40 compras no mês passado,"Entrega GRÁTIS: Amanhã, 14 de jul.Ou entrega mais rápida: Hoje",False,,,,,,
B0CQ3Q27FR,"Baby Alive, Boneca, Minha Melhor Amiga, Sophia Sparkle - Cabelos Castanhos, Acessórios Inclusos, 28 cm - A partir de 3 Anos","R$ 301,20",,BRL,4.7,304,https://www.amazon.com.br/dp/B0CQ3Q27FR,https://m.media-amazon.com/images/I/716YM2xZINL._AC_UL960_FMwebp_QL65_.jpg,6,"R$ 284,90",False,False,False,False,Mais de 200 compras no mês passado,"Entrega GRÁTIS: dom., 20 de jul.",False,,,,,,
B0C3JJ3678,"O Hygge Game - Cartas de Conversa da Hygge Games - Jogo de Bate-Papo, Para Casais e Família","R$ 124,44",,BRL,4.7,56,https://www.amazon.com.br/dp/B0C3JJ3678,https://m.media-amazon.com/images/I/71SaAD0SYbL._AC_UL960_FMwebp_QL65_.jpg,4,"R$ 114,89",False,False,False,False,Mais de 50 compras no mês passado,"Entrega GRÁTIS: Amanhã, 14 de jul.Ou entrega mais rápida: Hoje",False,,,,,,
B077MZ2MPW,Azul - Jogo de Tabuleiro para 6 Jogadores a Partir de 8 Anos The Forest Stewardship Council,"R$ 309,48",,BRL,4.8,15341,https://www.amazon.com.br/dp/B077MZ2MPW,https://m.media-amazon.com/images/I/91A0nIsV57S._AC_UL960_FMwebp_QL65_.jpg,1,"R$ 309,48",False,False,False,True,Mais de 20 compras no mês passado,"Entrega R$ 8,90: 21 de jul. - 6 de ago.",False,,,,,,
B0CPG7W3PB,"Fisher-Price, Cadeira de Aprendizagem Musical com 3 Níveis de Aprendizado e +120 Músicas e Sons, Brinquedo para Bebês, A partir de 1 ano","R$ 459,99",,BRL,4.8,59,https://www.amazon.com.br/dp/B0CPG7W3PB,https://m.media-amazon.com/images/I/71rXRUoP6+L._AC_UL960_FMwebp_QL65_.jpg,1,"R$ 459,99",False,False,False,False,Mais de 30 compras no mês passado,"Entrega GRÁTIS: Amanhã, 14 de jul.Ou entrega mais rápida: Hoje",False,,,,,,
B0DFMY4CG8,Bicicleta de Equilíbrio Sem Pedal com Som Para Bebês A Partir de 12 Meses Buba,"R$ 199,90",,BRL,4.6,29,https://www.amazon.com.br/dp/B0DFMY4CG8,https://m.media-amazon.com/images/I/51Jf8fZPWFL._AC_UL960_FMwebp_QL65_.jpg,27,"R$ 196,59",False,False,False,False,Mais de 50 compras no mês passado,"Entrega GRÁTIS: Amanhã, 14 de jul.Ou entrega mais rápida: Hoje",False,,,,,,
B0DFMPC76H,"Livro Magnético Viagem ao Cosmos - 70 Peças, Janod","R$ 119,90",,BRL,,0,https://www.amazon.com.br/dp/B0DFMPC76H,https://m.media-amazon.com/images/I/614PgG6byPL._AC_UL960_FMwebp_QL65_.jpg,1,"R$ 119,90",False,False,False,False,,"Entrega GRÁTIS: dom., 20 de jul.",False,,,,,,
B0D9QPJ2HD,Boneco Funko Pop! Marvel Homem de Ferro 3 - Tony Stark MK42,"R$ 190,00",,BRL,4.6,43,https://www.amazon.com.br/dp/B0D9QPJ2HD,https://m.media-amazon.com/images/I/51-raL0XW6L._AC_UL960_FMwebp_QL65_.jpg,6,"R$ 169,00",False,False,False,False,Mais de 100 compras no mês passado,"Entrega GRÁTIS: dom., 20 de jul.",False,,,,,,
B07FYHFS35,"Transformers Boneco exclusivo do Bumblebee G1 Reissue de 7,6 cm","R$ 167,88",,BRL,4.4,782,https://www.amazon.com.br/dp/B07FYHFS35,https://m.media-amazon.com/images/I/81ZwmhuzcUL._AC_UL960_FMwebp_QL65_.jpg,1,"R$ 167,88",False,False,False,False,Mais de 50 compras no mês passado,"Entrega R$ 8,90: ter., 5 de ago.",False,,,,,,
B0CWPP7XBY,Marvel Homem-Aranha Real Webs Lançador de Teia Supremo - Ação com Teias,"R$ 208,99",,BRL,3.2,7,https://www.amazon.com.br/dp/B0CWPP7XBY,https://m.media-amazon.com/images/I/71+q6GQ0RYL._AC_UL960_FMwebp_QL65_.jpg,1,"R$ 208,99",False,False,False,False,Mais de 20 compras no mês passado,"Entrega GRÁTIS: qua., 16 de jul.",False,,,,,,
B0DJ1C32RZ,LEGO Disney Classic Minicasa de Encanto 43261,"R$ 150,80","R$ 169,90",BRL,4.8,32,https://www.amazon.com.br/dp/B0DJ1C32RZ,https://m.media-amazon.com/images/I/81XahdX1VzL._AC_UL960_FMwebp_QL65_.jpg,20,"R$ 139,90",False,False,False,False,,"Entrega GRÁTIS: Amanhã, 14 de jul.Ou entrega mais rápida: Hoje",False,,,,,,
B09RMQS14L,Tiny Epic Dungeons: Stories Expansion - Includes 8 New Hero Miniatures,"R$ 189,66",,BRL,4.7,140,https://www.amazon.com.br/dp/B09RMQS14L,https://m.media-amazon.com/images/I/61ArA4aDOzL._AC_UL960_FMwebp_QL65_.jpg,4,"R$ 145,01",False,False,False,False,Mais de 40 compras no mês passado,"Entrega R$ 8,90: ter., 5 de ago.",False,,,,,,
B0DJ1D6QQB,LEGO Super Heroes DC Batman™ e Batmóvel™ vs. Sr. Frio™ 76301,"R$ 132,86","R$ 156,31",BRL,4.7,102,https://www.amazon.com.br/dp/B0DJ1D6QQB,https://m.media-amazon.com/images/I/81bYlRXc97L._AC_UL960_FMwebp_QL65_.jpg,1,"R$ 132,86",False,False,True,False,Mais de 40 compras no mês passado,,False,,Oferta Prime Day,,,,
B0D88C8W9C,PLAYGROUND DO CASTELO,"R$ 124,72",,BRL,4.5,47,https://www.amazon.com.br/dp/B0D88C8W9C,https://m.media-amazon.com/images/I/61Fx8XCr8CL._AC_UL960_FMwebp_QL65_.jpg,22,"R$ 122,99",False,False,False,False,Mais de 100 compras no mês passado,"Entrega GRÁTIS: Amanhã, 14 de jul.Ou entrega mais rápida: Hoje",False,,,,,,
B0CTD56FW3,Maxi Baby Móbile Para Carrinho e Berço com Chocalho Ocean,"R$ 97,06","R$ 119,00",BRL,4.8,222,https://www.amazon.com.br/dp/B0CTD56FW3,https://m.media-amazon.com/images/I/51O0jgSkUKL._AC_UL960_FMwebp_QL65_.jpg,1,"R$ 97,06",False,False,True,False,Mais de 400 compras no mês passado,,False,,Com Prime,,,,
B0DVN7J7MQ,Quadro Branco 100x70cm Escritório Sala Aula Escolar Com Moldura Alumínio Suporte Apagador e Fixação Parede,"R$ 149,90",,BRL,4.2,7,https://www.amazon.com.br/dp/B0DVN7J7MQ,https://m.media-amazon.com/images/I/41ylZKwK1aL._AC_UL960_FMwebp_QL65_.jpg,1,"R$ 149,90",False,False,False,False,Mais de 30 compras no mês passado,"Entrega GRÁTIS: sáb., 19 de jul.",False,,,,,,
B0DK9PCG23,Patins Infantil 2 em 1 Inline Triline Glumi Tamanhos Ajustáveis,"R$ 239,90",,BRL,4.5,28,https://www.amazon.com.br/dp/B0DK9PCG23,https://m.media-amazon.com/images/I/61FzNW5tkPL._AC_UL960_FMwebp_QL65_.jpg,3,"R$ 189,56",False,False,False,True,,Entrega GRÁTIS: 1 - 4 de ago.,False,Economize 5% com o cupom (tamanhos/cores limitados),,,,,
B0C9JTPM34,MESA CRIATIVA - COM SOM - BRANCA - MARAL,"R$ 115,16",,BRL,4.4,20,https://www.amazon.com.br/dp/B0C9JTPM34,https://m.media-amazon.com/images/I/51hyN3ThBaL._AC_UL960_FMwebp_QL65_.jpg,6,"R$ 111,49",False,False,False,False,Mais de 50 compras no mês passado,"Entrega GRÁTIS: Amanhã, 14 de jul.Ou entrega mais rápida: Hoje",False,,,,,,
B07FMBQQS1,"EUDAX Conjunto de ímãs de ciência Júnior Labs para ferramentas de experimentos de ciência, incluindo barra, anel, ferradura, bússola magnética","R$ 108,96",,BRL,4.1,1648,https://www.amazon.com.br/dp/B07FMBQQS1,https://m.media-amazon.com/images/I/61EN8AyvVGL._AC_UL960_FMwebp_QL65_.jpg,1,"R$ 108,96",False,False,False,False,Mais de 50 compras no mês passado,"Entrega R$ 8,90: ter., 5 de ago.",False,,,,,,
B0B65QLL6Z,"Novabrink - Baby Brink - Boneco JP com Som, 14 frases - 32 cm de altura","R$ 147,90","R$ 175,00",BRL,4.7,281,https://www.amazon.com.br/dp/B0B65QLL6Z,https://m.media-amazon.com/images/I/51Z+ZSY5TsL._AC_UL960_FMwebp_QL65_.jpg,1,"R$ 147,90",False,False,True,False,Mais de 100 compras no mês passado,,False,,Oferta Prime Day,,,,
B0F3PDY83H,"Boneco, Candide, Funko POP! Bucky Barnes, Marvel Thunderbolts - 10 cm","R$ 134,99","R$ 142,58",BRL,4.8,8,https://www.amazon.com.br/dp/B0F3PDY83H,https://m.media-amazon.com/images/I/51HLRHZk-bL._AC_UL960_FMwebp_QL65_.jpg,1,"R$ 134,99",False,False,False,False,Mais de 30 compras no mês passado,"Entrega GRÁTIS: ter., 15 de jul.",False,,,,,,
